country,code,year,demo_type,demographic,children,safe,effective,beliefs
Afghanistan,AF,2015,Age,18-24,96,89,93,89
Afghanistan,AF,2015,Age,25-34,94,90,92,87
Afghanistan,AF,2015,Age,35-44,97,91,92,87
Afghanistan,AF,2015,Age,45-54,97,90,95,84
Afghanistan,AF,2015,Age,55-64,97,89,95,85
Afghanistan,AF,2015,Age,65,100,100,98,96
Afghanistan,AF,2015,Education,Primary and below,95,89,92,85
Afghanistan,AF,2015,Education,Secondary and Vocational,98,92,95,91
Afghanistan,AF,2015,Education,University and above,98,91,96,97
Afghanistan,AF,2015,Employment,Employed,98,92,94,90
Afghanistan,AF,2015,Employment,Homemaker/other,94,88,92,85
Afghanistan,AF,2015,Employment,Student,99,94,96,93
Afghanistan,AF,2015,Employment,Unemployed,97,90,94,84
Afghanistan,AF,2015,Gender,Male,97,92,94,87
Afghanistan,AF,2015,Gender,Female,95,88,92,87
Afghanistan,AF,2015,Religion,Muslim,96,90,93,87
Afghanistan,AF,2018,Age,18-24,97,93,95,
Afghanistan,AF,2018,Age,25-34,98,95,95,
Afghanistan,AF,2018,Age,35-44,95,93,95,
Afghanistan,AF,2018,Age,45-54,94,90,93,
Afghanistan,AF,2018,Age,55-64,96,93,96,
Afghanistan,AF,2018,Age,65,100,95,93,
Afghanistan,AF,2018,Education,Primary and below,96,93,94,
Afghanistan,AF,2018,Education,Secondary and Vocational,99,93,97,
Afghanistan,AF,2018,Education,University and above,97,97,95,
Afghanistan,AF,2018,Gender,Male,97,93,95,
Afghanistan,AF,2018,Gender,Female,96,94,95,
Afghanistan,AF,2018,Religion,Muslim,97,93,95,
Afghanistan,AF,2019,Age,18-24,96,88,91,80
Afghanistan,AF,2019,Age,25-34,92,87,88,81
Afghanistan,AF,2019,Age,35-44,93,82,87,80
Afghanistan,AF,2019,Age,45-54,93,86,90,77
Afghanistan,AF,2019,Age,55-64,92,86,90,84
Afghanistan,AF,2019,Age,65,95,91,95,86
Afghanistan,AF,2019,Education,Primary and below,93,86,88,81
Afghanistan,AF,2019,Education,Secondary and Vocational,94,88,90,78
Afghanistan,AF,2019,Education,University and above,92,83,91,81
Afghanistan,AF,2019,Employment,Employed,92,83,88,79
Afghanistan,AF,2019,Employment,Homemaker/other,96,90,92,83
Afghanistan,AF,2019,Employment,Student,96,90,92,85
Afghanistan,AF,2019,Employment,Unemployed,91,88,86,77
Afghanistan,AF,2019,Gender,Male,92,83,87,78
Afghanistan,AF,2019,Gender,Female,96,91,92,85
Afghanistan,AF,2019,Religion,Muslim,93,86,89,80
Albania,AL,2018,Age,18-24,86,62,65,
Albania,AL,2018,Age,25-34,81,45,65,
Albania,AL,2018,Age,35-44,81,59,69,
Albania,AL,2018,Age,45-54,86,60,64,
Albania,AL,2018,Age,55-64,79,44,52,
Albania,AL,2018,Age,65,75,49,59,
Albania,AL,2018,Education,Primary and below,78,53,60,
Albania,AL,2018,Education,Secondary and Vocational,84,56,64,
Albania,AL,2018,Education,University and above,91,55,71,
Albania,AL,2018,Gender,Male,79,51,62,
Albania,AL,2018,Gender,Female,85,57,63,
Albania,AL,2018,Religion,Muslim,82,54,62,
Albania,AL,2018,Religion,Christian,83,56,67,
Albania,AL,2018,Religion,Atheist/agnostic,92,77,57,
Albania,AL,2018,Religion,Buddhist,0,0,0,
Albania,AL,2019,Age,18-24,84,83,70,71
Albania,AL,2019,Age,25-34,88,82,77,68
Albania,AL,2019,Age,35-44,84,81,70,67
Albania,AL,2019,Age,45-54,86,86,64,65
Albania,AL,2019,Age,55-64,87,81,75,70
Albania,AL,2019,Age,65,96,88,71,67
Albania,AL,2019,Education,Primary and below,81,78,59,62
Albania,AL,2019,Education,Secondary and Vocational,84,81,64,62
Albania,AL,2019,Education,University and above,91,85,83,78
Albania,AL,2019,Employment,Employed,87,83,74,71
Albania,AL,2019,Employment,Homemaker/other,85,82,73,68
Albania,AL,2019,Employment,Student,86,82,71,71
Albania,AL,2019,Employment,Unemployed,83,79,58,54
Albania,AL,2019,Gender,Male,88,83,72,71
Albania,AL,2019,Gender,Female,85,82,71,66
Albania,AL,2019,Religion,Muslim,85,81,69,67
Albania,AL,2019,Religion,Christian,90,86,79,72
Algeria,DZ,2015,Age,18-24,99,88,83,37
Algeria,DZ,2015,Age,25-34,97,94,89,48
Algeria,DZ,2015,Age,35-44,96,86,91,57
Algeria,DZ,2015,Age,45-54,98,91,94,61
Algeria,DZ,2015,Age,55-64,98,87,84,62
Algeria,DZ,2015,Age,65,91,62,82,38
Algeria,DZ,2015,Education,Primary and below,98,95,87,58
Algeria,DZ,2015,Education,Secondary and Vocational,98,87,86,48
Algeria,DZ,2015,Education,University and above,97,86,88,50
Algeria,DZ,2015,Employment,Employed,97,88,86,50
Algeria,DZ,2015,Employment,Homemaker/other,98,86,87,53
Algeria,DZ,2015,Employment,Student,96,96,93,52
Algeria,DZ,2015,Employment,Unemployed,100,90,90,43
Algeria,DZ,2015,Gender,Male,95,92,88,50
Algeria,DZ,2015,Gender,Female,100,85,87,51
Algeria,DZ,2015,Religion,Muslim,97,88,87,51
Algeria,DZ,2015,Religion,Christian,100,100,100,100
Algeria,DZ,2018,Age,18-24,77,56,60,
Algeria,DZ,2018,Age,25-34,83,60,67,
Algeria,DZ,2018,Age,35-44,79,60,60,
Algeria,DZ,2018,Age,45-54,68,56,47,
Algeria,DZ,2018,Age,55-64,82,61,67,
Algeria,DZ,2018,Age,65,72,61,51,
Algeria,DZ,2018,Education,Primary and below,78,57,57,
Algeria,DZ,2018,Education,Secondary and Vocational,79,61,63,
Algeria,DZ,2018,Education,University and above,86,60,67,
Algeria,DZ,2018,Gender,Male,81,58,61,
Algeria,DZ,2018,Gender,Female,75,59,58,
Algeria,DZ,2018,Religion,Muslim,78,58,60,
Argentina,AR,2015,Age,18-24,100,97,97,92
Argentina,AR,2015,Age,25-34,100,98,98,86
Argentina,AR,2015,Age,35-44,98,97,98,90
Argentina,AR,2015,Age,45-54,100,98,97,92
Argentina,AR,2015,Age,55-64,100,98,99,92
Argentina,AR,2015,Age,65,98,98,95,89
Argentina,AR,2015,Education,Primary and below,99,97,96,88
Argentina,AR,2015,Education,Secondary and Vocational,100,98,98,92
Argentina,AR,2015,Education,University and above,100,100,98,91
Argentina,AR,2015,Employment,Employed,100,99,98,90
Argentina,AR,2015,Employment,Homemaker/other,99,97,97,90
Argentina,AR,2015,Employment,Student,100,94,98,88
Argentina,AR,2015,Employment,Unemployed,100,98,95,88
Argentina,AR,2015,Gender,Male,100,98,97,89
Argentina,AR,2015,Gender,Female,99,98,98,91
Argentina,AR,2015,Religion,Christian,99,98,98,91
Argentina,AR,2015,Religion,Atheist/agnostic,99,97,97,79
Argentina,AR,2015,Religion,Buddhist,100,100,100,100
Argentina,AR,2015,Religion,Hindu,100,100,100,100
Argentina,AR,2015,Religion,Jewish,100,95,100,95
Argentina,AR,2015,Religion,Other,100,94,88,86
Argentina,AR,2018,Age,18-24,91,78,82,
Argentina,AR,2018,Age,25-34,97,87,87,
Argentina,AR,2018,Age,35-44,91,83,84,
Argentina,AR,2018,Age,45-54,97,90,91,
Argentina,AR,2018,Age,55-64,93,84,85,
Argentina,AR,2018,Age,65,97,87,90,
Argentina,AR,2018,Education,Primary and below,95,88,90,
Argentina,AR,2018,Education,Secondary and Vocational,93,82,84,
Argentina,AR,2018,Education,University and above,96,84,86,
Argentina,AR,2018,Gender,Male,92,82,85,
Argentina,AR,2018,Gender,Female,96,86,87,
Argentina,AR,2018,Religion,Muslim,100,100,100,
Argentina,AR,2018,Religion,Christian,95,86,88,
Argentina,AR,2018,Religion,Atheist/agnostic,92,74,77,
Argentina,AR,2018,Religion,Buddhist,91,91,91,
Argentina,AR,2018,Religion,Jewish,100,100,87,
Argentina,AR,2018,Religion,Other,92,85,74,
Argentina,AR,2019,Age,18-24,100,100,100,81
Argentina,AR,2019,Age,25-34,96,96,95,67
Argentina,AR,2019,Age,35-44,94,91,94,71
Argentina,AR,2019,Age,45-54,98,98,97,75
Argentina,AR,2019,Age,55-64,99,95,96,73
Argentina,AR,2019,Age,65,91,82,88,62
Argentina,AR,2019,Education,Primary and below,98,97,98,75
Argentina,AR,2019,Education,Secondary and Vocational,97,95,94,70
Argentina,AR,2019,Education,University and above,95,92,96,73
Argentina,AR,2019,Employment,Employed,97,96,96,71
Argentina,AR,2019,Employment,Homemaker/other,96,90,95,74
Argentina,AR,2019,Employment,Student,100,100,100,70
Argentina,AR,2019,Employment,Unemployed,96,90,88,72
Argentina,AR,2019,Gender,Male,96,96,96,72
Argentina,AR,2019,Gender,Female,97,94,95,72
Argentina,AR,2019,Religion,Muslim,100,100,100,100
Argentina,AR,2019,Religion,Christian,97,95,96,76
Argentina,AR,2019,Religion,Atheist/agnostic,100,100,100,62
Argentina,AR,2019,Religion,Buddhist,100,100,100,0
Argentina,AR,2019,Religion,Jewish,100,100,100,33
Argentina,AR,2019,Religion,Other,100,93,100,79
Argentina,AR,2020,Age,18-24,93,94,94,76
Argentina,AR,2020,Age,25-34,92,89,95,71
Argentina,AR,2020,Age,35-44,90,87,90,72
Argentina,AR,2020,Age,45-54,91,90,92,73
Argentina,AR,2020,Age,55-64,92,88,92,75
Argentina,AR,2020,Age,65,94,90,91,73
Argentina,AR,2020,Education,Primary and below,93,87,91,73
Argentina,AR,2020,Education,Secondary and Vocational,91,89,93,72
Argentina,AR,2020,Education,University and above,92,91,92,75
Argentina,AR,2020,Employment,Employed,90,90,94,74
Argentina,AR,2020,Employment,Homemaker/other,96,91,93,73
Argentina,AR,2020,Employment,Student,95,95,95,75
Argentina,AR,2020,Employment,Unemployed,82,80,89,69
Argentina,AR,2020,Gender,Male,92,90,92,72
Argentina,AR,2020,Gender,Female,91,89,92,75
Argentina,AR,2020,Region,Centro,91,88,93,73
Argentina,AR,2020,Region,Norte,91,90,94,75
Argentina,AR,2020,Region,Sur,91,89,91,70
Argentina,AR,2020,Region,Amba,93,90,90,73
Argentina,AR,2020,Religion,Muslim,0,50,50,50
Argentina,AR,2020,Religion,Christian,93,92,95,81
Argentina,AR,2020,Religion,Atheist/agnostic,81,81,84,66
Argentina,AR,2020,Religion,Buddhist,100,100,100,100
Argentina,AR,2020,Religion,Hindu,91,89,91,77
Argentina,AR,2020,Religion,Other,100,86,100,86
Argentina,AR,2022,Age,18-24,89,78,86,55
Argentina,AR,2022,Age,25-34,90,86,89,66
Argentina,AR,2022,Age,35-44,92,88,91,78
Argentina,AR,2022,Age,45-54,94,89,89,71
Argentina,AR,2022,Age,55-64,92,90,93,76
Argentina,AR,2022,Age,65,93,84,93,81
Argentina,AR,2022,Gender,Male,91,85,90,70
Argentina,AR,2022,Gender,Female,92,86,90,68
Argentina,AR,2023,Age,18-24,77,70,75,51
Argentina,AR,2023,Age,25-34,84,80,79,64
Argentina,AR,2023,Age,35-44,84,77,76,54
Argentina,AR,2023,Age,45-54,88,79,81,60
Argentina,AR,2023,Age,55,89,84,86,63
Argentina,AR,2023,Age,Don't know/ Refused,50,50,67,0
Argentina,AR,2023,Education,Primary and below,82,75,73,55
Argentina,AR,2023,Education,Secondary and Vocational,85,78,82,58
Argentina,AR,2023,Education,University and above,87,84,83,65
Argentina,AR,2023,Gender,Male,84,79,79,60
Argentina,AR,2023,Gender,Female,85,78,80,58
Argentina,AR,2023,Gender,Other,57,86,86,57
Argentina,AR,2023,Gender,Don't know/ Prefer not to say,100,75,75,50
Argentina,AR,2023,Religion,Atheist/agnostic,81,73,75,48
Argentina,AR,2023,Religion,Buddhist,75,75,75,75
Argentina,AR,2023,Religion,Christian,87,81,82,62
Argentina,AR,2023,Religion,Don't know/ Refused,59,59,59,53
Argentina,AR,2023,Religion,Jewish,78,72,78,56
Argentina,AR,2023,Religion,Muslim,75,50,50,50
Argentina,AR,2023,Religion,Other,82,88,88,65
Armenia,AM,2015,Age,18-24,90,69,77,82
Armenia,AM,2015,Age,25-34,86,66,73,83
Armenia,AM,2015,Age,35-44,90,66,78,86
Armenia,AM,2015,Age,45-54,84,70,77,86
Armenia,AM,2015,Age,55-64,87,64,76,79
Armenia,AM,2015,Age,65,82,62,73,79
Armenia,AM,2015,Education,Primary and below,67,57,59,69
Armenia,AM,2015,Education,Secondary and Vocational,87,72,79,86
Armenia,AM,2015,Education,University and above,88,63,75,82
Armenia,AM,2015,Employment,Employed,87,66,75,83
Armenia,AM,2015,Employment,Homemaker/other,83,67,78,85
Armenia,AM,2015,Employment,Student,94,70,77,83
Armenia,AM,2015,Employment,Unemployed,88,70,76,84
Armenia,AM,2015,Gender,Male,85,65,73,79
Armenia,AM,2015,Gender,Female,88,68,77,86
Armenia,AM,2015,Religion,Christian,80,57,73,80
Armenia,AM,2015,Religion,Atheist/agnostic,89,63,70,67
Armenia,AM,2015,Religion,Other,0,0,0,0
Armenia,AM,2018,Age,18-24,54,28,41,
Armenia,AM,2018,Age,25-34,64,37,48,
Armenia,AM,2018,Age,35-44,73,43,53,
Armenia,AM,2018,Age,45-54,71,44,54,
Armenia,AM,2018,Age,55-64,65,32,47,
Armenia,AM,2018,Age,65,53,33,44,
Armenia,AM,2018,Education,Primary and below,49,27,36,
Armenia,AM,2018,Education,Secondary and Vocational,63,38,48,
Armenia,AM,2018,Education,University and above,69,36,52,
Armenia,AM,2018,Gender,Male,56,30,40,
Armenia,AM,2018,Gender,Female,68,41,53,
Armenia,AM,2018,Religion,Muslim,0,0,0,
Armenia,AM,2018,Religion,Christian,63,36,48,
Armenia,AM,2018,Religion,Atheist/agnostic,47,39,39,
Armenia,AM,2018,Religion,Other,0,0,0,
Armenia,AM,2019,Age,18-24,86,75,80,84
Armenia,AM,2019,Age,25-34,83,68,77,83
Armenia,AM,2019,Age,35-44,85,71,77,83
Armenia,AM,2019,Age,45-54,81,72,77,82
Armenia,AM,2019,Age,55-64,82,66,73,75
Armenia,AM,2019,Age,65,87,74,79,79
Armenia,AM,2019,Education,Primary and below,78,73,68,63
Armenia,AM,2019,Education,Secondary and Vocational,84,73,79,82
Armenia,AM,2019,Education,University and above,84,68,76,82
Armenia,AM,2019,Employment,Employed,83,71,77,81
Armenia,AM,2019,Employment,Homemaker/other,83,71,75,81
Armenia,AM,2019,Employment,Student,89,76,82,83
Armenia,AM,2019,Employment,Unemployed,84,71,80,84
Armenia,AM,2019,Gender,Male,85,75,79,82
Armenia,AM,2019,Gender,Female,83,68,76,81
Armenia,AM,2019,Religion,Christian,84,72,78,82
Armenia,AM,2019,Religion,Atheist/agnostic,69,56,69,69
Armenia,AM,2019,Religion,Hindu,100,0,100,0
Armenia,AM,2019,Religion,Jewish,100,100,0,100
Armenia,AM,2019,Religion,Other,70,40,70,60
Australia,AU,2015,Age,18-24,92,91,92,68
Australia,AU,2015,Age,25-34,91,86,90,71
Australia,AU,2015,Age,35-44,89,87,87,71
Australia,AU,2015,Age,45-54,94,93,94,77
Australia,AU,2015,Age,55-64,94,93,94,76
Australia,AU,2015,Age,65,97,96,96,84
Australia,AU,2015,Education,Primary and below,82,84,81,70
Australia,AU,2015,Education,Secondary and Vocational,93,90,93,76
Australia,AU,2015,Education,University and above,94,91,93,75
Australia,AU,2015,Employment,Employed,93,91,92,74
Australia,AU,2015,Employment,Homemaker/other,94,92,95,79
Australia,AU,2015,Employment,Student,92,89,95,85
Australia,AU,2015,Employment,Unemployed,78,78,78,57
Australia,AU,2015,Gender,Male,92,90,91,73
Australia,AU,2015,Gender,Female,94,91,93,77
Australia,AU,2015,Religion,Muslim,92,83,92,85
Australia,AU,2015,Religion,Christian,93,92,92,85
Australia,AU,2015,Religion,Atheist/agnostic,94,93,95,63
Australia,AU,2015,Religion,Buddhist,95,80,95,64
Australia,AU,2015,Religion,Hindu,100,100,100,94
Australia,AU,2015,Religion,Jewish,100,92,100,100
Australia,AU,2015,Religion,Other,93,87,92,78
Australia,AU,2018,Age,18-24,93,85,95,
Australia,AU,2018,Age,25-34,73,70,74,
Australia,AU,2018,Age,35-44,99,93,95,
Australia,AU,2018,Age,45-54,86,78,85,
Australia,AU,2018,Age,55-64,93,81,89,
Australia,AU,2018,Age,65,93,84,91,
Australia,AU,2018,Education,Primary and below,82,76,78,
Australia,AU,2018,Education,Secondary and Vocational,91,81,90,
Australia,AU,2018,Education,University and above,90,85,88,
Australia,AU,2018,Gender,Male,89,79,88,
Australia,AU,2018,Gender,Female,92,85,90,
Australia,AU,2018,Religion,Muslim,33,33,33,
Australia,AU,2018,Religion,Christian,90,82,89,
Australia,AU,2018,Religion,Atheist/agnostic,93,85,92,
Australia,AU,2018,Religion,Buddhist,89,28,28,
Australia,AU,2018,Religion,Hindu,58,58,58,
Australia,AU,2018,Religion,Jewish,100,100,100,
Australia,AU,2018,Religion,Other,52,41,60,
Australia,AU,2022,Education,Primary and below,67,67,67,67
Australia,AU,2022,Education,Secondary and Vocational,87,82,87,70
Australia,AU,2022,Education,University and above,86,87,88,76
Australia,AU,2022,Employment,Employed,85,85,88,74
Australia,AU,2022,Employment,Homemaker/other,93,91,93,77
Australia,AU,2022,Employment,Unemployed,74,73,75,62
Australia,AU,2022,Gender,Male,88,87,89,74
Australia,AU,2022,Gender,Female,85,84,87,73
Australia,AU,2022,Gender,Prefer not to disclose,100,100,100,100
Australia,AU,2022,Region,ACT,76,65,76,65
Australia,AU,2022,Region,NSW,88,87,87,75
Australia,AU,2022,Region,NT,100,100,89,67
Australia,AU,2022,Region,QLD,86,87,89,74
Australia,AU,2022,Region,SA,81,82,84,74
Australia,AU,2022,Region,TAS,83,88,92,63
Australia,AU,2022,Region,VIC,86,84,87,73
Australia,AU,2022,Region,WA,88,85,93,75
Australia,AU,2023,Age,18-24,76,73,74,71
Australia,AU,2023,Age,25-34,74,76,76,74
Australia,AU,2023,Age,35-44,74,74,76,70
Australia,AU,2023,Age,45-54,82,79,79,76
Australia,AU,2023,Age,55,86,81,86,79
Australia,AU,2023,Education,Don't know/ Refused,57,57,57,57
Australia,AU,2023,Education,Primary and below,77,73,73,68
Australia,AU,2023,Education,Secondary and Vocational,78,74,78,73
Australia,AU,2023,Education,University and above,82,81,82,79
Australia,AU,2023,Gender,Male,81,80,81,76
Australia,AU,2023,Gender,Female,79,75,78,75
Australia,AU,2023,Religion,Atheist/agnostic,81,79,80,76
Australia,AU,2023,Religion,Buddhist,76,81,86,71
Australia,AU,2023,Religion,Christian,83,78,81,79
Australia,AU,2023,Religion,Don't know/ Refused,38,46,46,46
Australia,AU,2023,Religion,Hindu,62,62,69,69
Australia,AU,2023,Religion,Jewish,100,80,100,80
Australia,AU,2023,Religion,Muslim,73,80,77,53
Australia,AU,2023,Religion,Other,67,70,73,67
Austria,AT,2015,Age,18-24,87,81,84,81
Austria,AT,2015,Age,25-34,85,78,86,71
Austria,AT,2015,Age,35-44,87,80,84,82
Austria,AT,2015,Age,45-54,88,83,86,80
Austria,AT,2015,Age,55-64,89,86,88,88
Austria,AT,2015,Age,65,94,92,91,87
Austria,AT,2015,Education,Primary and below,86,81,83,82
Austria,AT,2015,Education,Secondary and Vocational,89,84,87,81
Austria,AT,2015,Education,University and above,90,86,89,83
Austria,AT,2015,Employment,Employed,88,84,87,82
Austria,AT,2015,Employment,Homemaker/other,91,87,89,82
Austria,AT,2015,Employment,Student,84,80,84,79
Austria,AT,2015,Employment,Unemployed,79,71,76,79
Austria,AT,2015,Gender,Male,89,84,85,82
Austria,AT,2015,Gender,Female,88,84,88,81
Austria,AT,2015,Religion,Muslim,81,81,81,50
Austria,AT,2015,Religion,Christian,91,86,89,84
Austria,AT,2015,Religion,Atheist/agnostic,87,83,86,79
Austria,AT,2015,Religion,Buddhist,81,48,52,100
Austria,AT,2015,Religion,Hindu,73,73,28,73
Austria,AT,2015,Religion,Other,49,42,37,47
Austria,AT,2018,Age,18-24,69,49,58,
Austria,AT,2018,Age,25-34,57,43,49,
Austria,AT,2018,Age,35-44,61,44,66,
Austria,AT,2018,Age,45-54,69,48,60,
Austria,AT,2018,Age,55-64,69,52,65,
Austria,AT,2018,Age,65,70,53,63,
Austria,AT,2018,Education,Primary and below,68,52,59,
Austria,AT,2018,Education,Secondary and Vocational,65,47,60,
Austria,AT,2018,Education,University and above,75,56,70,
Austria,AT,2018,Gender,Male,67,50,61,
Austria,AT,2018,Gender,Female,65,47,60,
Austria,AT,2018,Religion,Muslim,57,36,49,
Austria,AT,2018,Religion,Christian,68,50,62,
Austria,AT,2018,Religion,Atheist/agnostic,62,45,59,
Austria,AT,2018,Religion,Buddhist,0,0,100,
Austria,AT,2018,Religion,Hindu,0,0,81,
Austria,AT,2018,Religion,Jewish,100,100,100,
Austria,AT,2018,Religion,Other,0,0,0,
Austria,AT,2019,Age,18-24,84,79,81,69
Austria,AT,2019,Age,25-34,78,68,81,70
Austria,AT,2019,Age,35-44,79,75,78,69
Austria,AT,2019,Age,45-54,83,82,85,67
Austria,AT,2019,Age,55-64,88,82,87,78
Austria,AT,2019,Age,65,97,94,97,83
Austria,AT,2019,Education,Primary and below,80,70,76,65
Austria,AT,2019,Education,Secondary and Vocational,86,81,86,73
Austria,AT,2019,Education,University and above,87,84,88,77
Austria,AT,2019,Employment,Employed,82,77,83,70
Austria,AT,2019,Employment,Homemaker/other,91,88,92,79
Austria,AT,2019,Employment,Student,87,79,85,75
Austria,AT,2019,Employment,Unemployed,78,74,72,61
Austria,AT,2019,Gender,Male,88,84,87,75
Austria,AT,2019,Gender,Female,83,78,85,71
Austria,AT,2019,Religion,Muslim,68,53,68,53
Austria,AT,2019,Religion,Christian,87,84,87,78
Austria,AT,2019,Religion,Atheist/agnostic,87,80,88,69
Austria,AT,2019,Religion,Buddhist,100,50,100,50
Austria,AT,2019,Religion,Hindu,67,67,100,33
Austria,AT,2019,Religion,Jewish,33,33,67,33
Austria,AT,2019,Religion,Other,69,61,72,75
Austria,AT,2020,Age,18-24,68,69,70,62
Austria,AT,2020,Age,25-34,69,73,77,70
Austria,AT,2020,Age,35-44,68,71,76,75
Austria,AT,2020,Age,45-54,76,80,82,83
Austria,AT,2020,Age,55-64,78,80,85,83
Austria,AT,2020,Age,65,84,86,87,89
Austria,AT,2020,Education,Primary and below,64,61,66,66
Austria,AT,2020,Education,Secondary and Vocational,74,77,80,78
Austria,AT,2020,Education,University and above,79,83,84,83
Austria,AT,2020,Gender,Male,77,81,84,80
Austria,AT,2020,Gender,Female,73,74,77,78
Austria,AT,2020,Gender,Other,50,50,50,50
Austria,AT,2020,Region,1,86,78,81,81
Austria,AT,2020,Region,2,72,71,75,72
Austria,AT,2020,Region,3,74,76,80,73
Austria,AT,2020,Region,4,74,78,78,80
Austria,AT,2020,Region,5,73,71,77,75
Austria,AT,2020,Region,6,82,84,85,87
Austria,AT,2020,Region,7,75,82,83,90
Austria,AT,2020,Region,8,66,77,84,82
Austria,AT,2020,Region,9,71,76,81,75
Austria,AT,2020,Religion,Muslim,42,64,63,44
Austria,AT,2020,Religion,Christian,76,78,81,82
Austria,AT,2020,Religion,Jewish,33,33,67,33
Austria,AT,2020,Religion,Other,50,58,65,69
Austria,AT,2020,Religion,Atheist/agnostic ,86,86,91,86
Austria,AT,2023,Age,18-24,58,60,65,55
Austria,AT,2023,Age,25-34,57,66,71,63
Austria,AT,2023,Age,35-44,64,62,64,65
Austria,AT,2023,Age,45-54,68,68,71,71
Austria,AT,2023,Age,55,77,75,80,81
Austria,AT,2023,Age,Don't know/ Refused,100,50,100,100
Austria,AT,2023,Education,Don't know/ Refused,70,70,50,60
Austria,AT,2023,Education,Primary and below,65,61,61,72
Austria,AT,2023,Education,Secondary and Vocational,67,67,72,69
Austria,AT,2023,Education,University and above,77,77,81,79
Austria,AT,2023,Gender,Male,72,73,77,77
Austria,AT,2023,Gender,Female,66,65,69,65
Austria,AT,2023,Gender,Other,100,100,100,100
Austria,AT,2023,Gender,Don't know/ Prefer not to say,0,0,0,0
Austria,AT,2023,Religion,Atheist/agnostic,67,67,71,70
Austria,AT,2023,Religion,Buddhist,58,58,67,50
Austria,AT,2023,Religion,Christian,72,73,76,75
Austria,AT,2023,Religion,Don't know/ Refused,44,36,52,52
Austria,AT,2023,Religion,Hindu,50,50,50,0
Austria,AT,2023,Religion,Muslim,51,53,56,44
Austria,AT,2023,Religion,Other,47,47,47,47
Azerbaijan,AZ,2015,Age,18-24,78,58,65,48
Azerbaijan,AZ,2015,Age,25-34,73,61,63,40
Azerbaijan,AZ,2015,Age,35-44,76,70,73,52
Azerbaijan,AZ,2015,Age,45-54,76,68,67,51
Azerbaijan,AZ,2015,Age,55-64,75,72,79,57
Azerbaijan,AZ,2015,Education,Primary and below,75,75,75,25
Azerbaijan,AZ,2015,Education,Secondary and Vocational,75,64,67,49
Azerbaijan,AZ,2015,Education,University and above,77,69,71,47
Azerbaijan,AZ,2015,Employment,Employed,72,66,68,44
Azerbaijan,AZ,2015,Employment,Homemaker/other,81,70,69,54
Azerbaijan,AZ,2015,Employment,Student,67,33,67,0
Azerbaijan,AZ,2015,Employment,Unemployed,72,52,70,52
Azerbaijan,AZ,2015,Gender,Male,68,61,65,42
Azerbaijan,AZ,2015,Gender,Female,81,70,72,54
Azerbaijan,AZ,2015,Religion,Muslim,75,66,68,48
Azerbaijan,AZ,2018,Age,18-24,62,54,60,
Azerbaijan,AZ,2018,Age,25-34,71,59,63,
Azerbaijan,AZ,2018,Age,35-44,73,58,61,
Azerbaijan,AZ,2018,Age,45-54,73,59,65,
Azerbaijan,AZ,2018,Age,55-64,78,63,67,
Azerbaijan,AZ,2018,Age,65,63,40,56,
Azerbaijan,AZ,2018,Education,Primary and below,61,47,54,
Azerbaijan,AZ,2018,Education,Secondary and Vocational,70,59,63,
Azerbaijan,AZ,2018,Education,University and above,82,62,73,
Azerbaijan,AZ,2018,Gender,Male,66,54,60,
Azerbaijan,AZ,2018,Gender,Female,73,60,65,
Azerbaijan,AZ,2018,Religion,Muslim,69,57,62,
Azerbaijan,AZ,2018,Religion,Christian,100,75,92,
Azerbaijan,AZ,2018,Religion,Atheist/agnostic,76,14,76,
Azerbaijan,AZ,2018,Religion,Other,0,0,0,
Azerbaijan,AZ,2019,Age,18-24,60,46,48,48
Azerbaijan,AZ,2019,Age,25-34,62,61,62,42
Azerbaijan,AZ,2019,Age,35-44,63,63,61,44
Azerbaijan,AZ,2019,Age,45-54,62,61,64,45
Azerbaijan,AZ,2019,Age,55-64,48,54,50,43
Azerbaijan,AZ,2019,Education,Primary and below,75,75,100,75
Azerbaijan,AZ,2019,Education,Secondary and Vocational,60,58,57,46
Azerbaijan,AZ,2019,Education,University and above,59,59,62,39
Azerbaijan,AZ,2019,Employment,Employed,63,61,64,44
Azerbaijan,AZ,2019,Employment,Homemaker/other,58,63,61,47
Azerbaijan,AZ,2019,Employment,Student,53,33,42,40
Azerbaijan,AZ,2019,Employment,Unemployed,54,49,29,31
Azerbaijan,AZ,2019,Gender,Male,65,61,61,42
Azerbaijan,AZ,2019,Gender,Female,56,56,56,47
Azerbaijan,AZ,2019,Religion,Muslim,60,58,59,44
Azerbaijan,AZ,2019,Religion,Christian,20,60,0,60
Azerbaijan,AZ,2019,Religion,Jewish,100,100,0,0
Bangladesh,BD,2015,Age,18-24,98,98,95,62
Bangladesh,BD,2015,Age,25-34,99,99,91,74
Bangladesh,BD,2015,Age,35-44,99,99,90,69
Bangladesh,BD,2015,Age,45-54,100,100,97,57
Bangladesh,BD,2015,Age,55-64,100,100,91,36
Bangladesh,BD,2015,Age,65,100,100,100,50
Bangladesh,BD,2015,Education,Primary and below,100,100,91,61
Bangladesh,BD,2015,Education,Secondary and Vocational,96,96,90,62
Bangladesh,BD,2015,Education,University and above,100,100,95,69
Bangladesh,BD,2015,Employment,Employed,98,98,92,71
Bangladesh,BD,2015,Employment,Homemaker/other,99,99,91,64
Bangladesh,BD,2015,Employment,Student,99,99,94,61
Bangladesh,BD,2015,Employment,Unemployed,99,98,93,83
Bangladesh,BD,2015,Gender,Male,98,98,94,66
Bangladesh,BD,2015,Gender,Female,99,99,92,66
Bangladesh,BD,2015,Religion,Muslim,99,98,93,66
Bangladesh,BD,2015,Religion,Christian,100,100,100,100
Bangladesh,BD,2015,Religion,Hindu,100,100,92,60
Bangladesh,BD,2018,Age,18-24,98,98,97,
Bangladesh,BD,2018,Age,25-34,97,96,97,
Bangladesh,BD,2018,Age,35-44,99,98,97,
Bangladesh,BD,2018,Age,45-54,97,95,96,
Bangladesh,BD,2018,Age,55-64,91,91,91,
Bangladesh,BD,2018,Age,65,93,86,87,
Bangladesh,BD,2018,Education,Primary and below,96,95,95,
Bangladesh,BD,2018,Education,Secondary and Vocational,98,97,97,
Bangladesh,BD,2018,Education,University and above,100,100,98,
Bangladesh,BD,2018,Gender,Male,96,94,95,
Bangladesh,BD,2018,Gender,Female,98,98,97,
Bangladesh,BD,2018,Religion,Muslim,97,97,96,
Bangladesh,BD,2018,Religion,Christian,100,100,100,
Bangladesh,BD,2018,Religion,Hindu,96,91,94,
Bangladesh,BD,2018,Religion,Other,100,100,100,
Belarus,BY,2018,Age,18-24,53,32,34,
Belarus,BY,2018,Age,25-34,52,26,35,
Belarus,BY,2018,Age,35-44,59,33,44,
Belarus,BY,2018,Age,45-54,52,34,40,
Belarus,BY,2018,Age,55-64,63,35,48,
Belarus,BY,2018,Age,65,66,44,55,
Belarus,BY,2018,Education,Primary and below,55,30,39,
Belarus,BY,2018,Education,Secondary and Vocational,57,34,43,
Belarus,BY,2018,Education,University and above,63,37,47,
Belarus,BY,2018,Gender,Male,55,33,41,
Belarus,BY,2018,Gender,Female,60,35,45,
Belarus,BY,2018,Religion,Muslim,0,0,0,
Belarus,BY,2018,Religion,Christian,60,36,45,
Belarus,BY,2018,Religion,Atheist/agnostic,28,15,21,
Belarus,BY,2018,Religion,Buddhist,0,0,0,
Belarus,BY,2018,Religion,Jewish,100,100,68,
Belarus,BY,2018,Religion,Other,73,22,19,
Belarus,BY,2022,Age,18-24,46,49,53,74
Belarus,BY,2022,Age,25-34,46,50,52,78
Belarus,BY,2022,Age,35-44,38,46,52,75
Belarus,BY,2022,Age,45-54,46,46,53,75
Belarus,BY,2022,Age,55-64,49,46,50,78
Belarus,BY,2022,Age,65,57,56,62,75
Belarus,BY,2022,Education,Secondary and Vocational,42,44,47,73
Belarus,BY,2022,Education,University and above,49,50,57,80
Belarus,BY,2022,Employment,Employed,47,49,53,79
Belarus,BY,2022,Employment,Homemaker/other,49,48,54,72
Belarus,BY,2022,Employment,Student,38,44,53,72
Belarus,BY,2022,Employment,Unemployed,35,42,42,69
Belarus,BY,2022,Gender,Male,51,54,58,76
Belarus,BY,2022,Gender,Female,43,42,48,77
Belarus,BY,2022,Region,Brest Region,45,43,50,76
Belarus,BY,2022,Region,Vitiebsk Region,51,52,60,79
Belarus,BY,2022,Region,Homiel Region,40,44,47,71
Belarus,BY,2022,Region,Hrodna Region,41,45,49,81
Belarus,BY,2022,Region,Minsk Region,51,42,54,79
Belarus,BY,2022,Region,Mahiliow Region,40,46,50,71
Belarus,BY,2022,Region,Minsk City,52,53,56,78
Belgium,BE,2015,Age,18-24,97,83,90,70
Belgium,BE,2015,Age,25-34,92,83,89,62
Belgium,BE,2015,Age,35-44,92,68,85,58
Belgium,BE,2015,Age,45-54,94,78,89,64
Belgium,BE,2015,Age,55-64,97,78,91,58
Belgium,BE,2015,Age,65,96,82,93,68
Belgium,BE,2015,Education,Primary and below,93,74,88,60
Belgium,BE,2015,Education,Secondary and Vocational,95,78,89,61
Belgium,BE,2015,Education,University and above,95,85,92,69
Belgium,BE,2015,Employment,Employed,96,81,91,63
Belgium,BE,2015,Employment,Homemaker/other,94,77,89,64
Belgium,BE,2015,Employment,Student,96,82,87,74
Belgium,BE,2015,Employment,Unemployed,83,63,80,55
Belgium,BE,2015,Gender,Male,95,82,91,66
Belgium,BE,2015,Gender,Female,94,76,89,61
Belgium,BE,2015,Religion,Muslim,51,35,51,66
Belgium,BE,2015,Religion,Christian,97,83,92,70
Belgium,BE,2015,Religion,Atheist/agnostic,95,77,91,58
Belgium,BE,2015,Religion,Buddhist,74,41,74,100
Belgium,BE,2015,Religion,Other,87,72,79,50
Belgium,BE,2018,Age,18-24,85,55,79,
Belgium,BE,2018,Age,25-34,79,56,73,
Belgium,BE,2018,Age,35-44,84,58,75,
Belgium,BE,2018,Age,45-54,86,55,80,
Belgium,BE,2018,Age,55-64,82,65,77,
Belgium,BE,2018,Age,65,83,62,79,
Belgium,BE,2018,Education,Primary and below,81,66,78,
Belgium,BE,2018,Education,Secondary and Vocational,83,60,77,
Belgium,BE,2018,Education,University and above,84,55,78,
Belgium,BE,2018,Gender,Male,80,58,75,
Belgium,BE,2018,Gender,Female,87,59,80,
Belgium,BE,2018,Religion,Muslim,73,60,72,
Belgium,BE,2018,Religion,Christian,84,57,77,
Belgium,BE,2018,Religion,Atheist/agnostic,85,63,80,
Belgium,BE,2018,Religion,Buddhist,45,17,45,
Belgium,BE,2018,Religion,Hindu,100,0,0,
Belgium,BE,2018,Religion,Other,73,59,69,
Belgium,BE,2020,Age,18-24,70,65,65,67
Belgium,BE,2020,Age,25-34,56,62,67,59
Belgium,BE,2020,Age,35-44,59,67,75,68
Belgium,BE,2020,Age,45-54,71,74,76,75
Belgium,BE,2020,Age,55-64,78,79,84,81
Belgium,BE,2020,Age,65,91,93,96,86
Belgium,BE,2020,Education,Primary and below,67,57,53,40
Belgium,BE,2020,Education,Secondary and Vocational,73,74,77,72
Belgium,BE,2020,Education,University and above,71,77,82,78
Belgium,BE,2020,Gender,Male,75,79,83,77
Belgium,BE,2020,Gender,Female,69,71,75,71
Belgium,BE,2020,Gender,Prefer not to say,0,0,0,0
Belgium,BE,2020,Region,Antwerpen,73,76,79,71
Belgium,BE,2020,Region,Brabant Wallon,71,74,80,71
Belgium,BE,2020,Region,Bruxelles/Brussel,60,72,74,70
Belgium,BE,2020,Region,Hainaut,61,66,71,70
Belgium,BE,2020,Region,Liege,69,68,79,72
Belgium,BE,2020,Region,Luxembourg,76,76,80,76
Belgium,BE,2020,Region,Namur,77,77,79,70
Belgium,BE,2020,Region,Oost-Vlaanderen,79,81,83,79
Belgium,BE,2020,Region,Provincie Limburg,74,74,77,71
Belgium,BE,2020,Region,Vlaams-Brabant,76,77,82,80
Belgium,BE,2020,Region,West-Vlaanderen,81,81,87,77
Belgium,BE,2020,Religion,Muslim,47,52,55,54
Belgium,BE,2020,Religion,Christian,77,81,84,79
Belgium,BE,2020,Religion,Jewish,75,75,100,100
Belgium,BE,2020,Religion,Other,54,57,68,62
Belgium,BE,2020,Religion,Atheist/agnostic ,75,76,80,75
Belgium,BE,2023,Age,18-24,69,63,69,59
Belgium,BE,2023,Age,25-34,63,61,64,68
Belgium,BE,2023,Age,35-44,62,55,62,60
Belgium,BE,2023,Age,45-54,72,64,68,72
Belgium,BE,2023,Age,55,84,79,83,79
Belgium,BE,2023,Education,Don't know/ Refused,25,25,0,25
Belgium,BE,2023,Education,Primary and below,71,61,66,61
Belgium,BE,2023,Education,Secondary and Vocational,71,64,69,68
Belgium,BE,2023,Education,University and above,77,73,78,76
Belgium,BE,2023,Gender,Male,74,70,73,73
Belgium,BE,2023,Gender,Female,73,66,73,69
Belgium,BE,2023,Gender,Other,100,100,100,100
Belgium,BE,2023,Religion,Atheist/agnostic,75,69,75,69
Belgium,BE,2023,Religion,Buddhist,80,80,80,80
Belgium,BE,2023,Religion,Christian,76,70,76,75
Belgium,BE,2023,Religion,Don't know/ Refused,52,56,52,56
Belgium,BE,2023,Religion,Hindu,0,0,0,100
Belgium,BE,2023,Religion,Jewish,100,100,100,100
Belgium,BE,2023,Religion,Muslim,60,54,54,57
Belgium,BE,2023,Religion,Other,59,53,53,59
Benin,BJ,2018,Age,18-24,75,62,66,
Benin,BJ,2018,Age,25-34,79,66,73,
Benin,BJ,2018,Age,35-44,79,63,71,
Benin,BJ,2018,Age,45-54,85,70,77,
Benin,BJ,2018,Age,55-64,80,82,78,
Benin,BJ,2018,Age,65,83,70,83,
Benin,BJ,2018,Education,Primary and below,74,62,68,
Benin,BJ,2018,Education,Secondary and Vocational,84,70,75,
Benin,BJ,2018,Education,University and above,93,75,82,
Benin,BJ,2018,Gender,Male,75,62,69,
Benin,BJ,2018,Gender,Female,78,67,70,
Benin,BJ,2018,Religion,Muslim,75,61,69,
Benin,BJ,2018,Religion,Christian,77,65,70,
Benin,BJ,2018,Religion,Atheist/agnostic,45,40,40,
Benin,BJ,2018,Religion,Other,81,72,76,
Benin,BJ,2022,Age,18-24,72,54,59,0
Benin,BJ,2022,Age,25-34,74,61,67,0
Benin,BJ,2022,Age,35-44,76,63,65,0
Benin,BJ,2022,Age,45-54,66,61,63,0
Benin,BJ,2022,Age,55-64,66,55,60,0
Benin,BJ,2022,Age,65,76,71,86,0
Benin,BJ,2022,Education,Primary and below,69,59,63,0
Benin,BJ,2022,Education,Secondary and Vocational,77,58,64,0
Benin,BJ,2022,Education,University and above,74,51,61,0
Benin,BJ,2022,Gender,Female,73,58,64,0
Benin,BJ,2022,Gender,Male,72,59,62,0
Benin,BJ,2022,Religion,Muslim,80,80,83,0
Benin,BJ,2022,Religion,Christian,72,52,59,0
Benin,BJ,2022,Religion,Other/NR,61,48,48,0
Bolivia,BO,2018,Age,18-24,88,66,71,
Bolivia,BO,2018,Age,25-34,87,66,70,
Bolivia,BO,2018,Age,35-44,95,74,74,
Bolivia,BO,2018,Age,45-54,92,69,78,
Bolivia,BO,2018,Age,55-64,86,76,84,
Bolivia,BO,2018,Age,65,84,68,71,
Bolivia,BO,2018,Education,Primary and below,84,66,67,
Bolivia,BO,2018,Education,Secondary and Vocational,92,70,74,
Bolivia,BO,2018,Education,University and above,89,70,82,
Bolivia,BO,2018,Gender,Male,89,67,74,
Bolivia,BO,2018,Gender,Female,88,70,72,
Bolivia,BO,2018,Religion,Christian,89,69,74,
Bolivia,BO,2018,Religion,Atheist/agnostic,87,70,70,
Bolivia,BO,2018,Religion,Jewish,100,100,100,
Bolivia,BO,2018,Religion,Other,63,13,13,
Bosnia Herzegovina,BA,2015,Age,18-24,86,65,81,69
Bosnia Herzegovina,BA,2015,Age,25-34,87,66,73,62
Bosnia Herzegovina,BA,2015,Age,35-44,87,63,69,62
Bosnia Herzegovina,BA,2015,Age,45-54,90,55,73,63
Bosnia Herzegovina,BA,2015,Age,55-64,86,53,62,54
Bosnia Herzegovina,BA,2015,Age,65,84,52,60,49
Bosnia Herzegovina,BA,2015,Education,Primary and below,82,48,58,54
Bosnia Herzegovina,BA,2015,Education,Secondary and Vocational,87,60,70,60
Bosnia Herzegovina,BA,2015,Education,University and above,90,66,77,62
Bosnia Herzegovina,BA,2015,Employment,Employed,88,61,73,63
Bosnia Herzegovina,BA,2015,Employment,Homemaker/other,86,55,65,56
Bosnia Herzegovina,BA,2015,Employment,Student,90,67,82,70
Bosnia Herzegovina,BA,2015,Employment,Unemployed,86,58,66,57
Bosnia Herzegovina,BA,2015,Gender,Male,87,59,69,61
Bosnia Herzegovina,BA,2015,Gender,Female,86,59,70,58
Bosnia Herzegovina,BA,2015,Religion,Muslim,85,57,68,65
Bosnia Herzegovina,BA,2015,Religion,Christian,88,60,71,56
Bosnia Herzegovina,BA,2015,Religion,Atheist/agnostic,91,58,70,31
Bosnia Herzegovina,BA,2015,Religion,Other,92,83,92,67
Bosnia Herzegovina,BA,2018,Age,18-24,74,64,71,
Bosnia Herzegovina,BA,2018,Age,25-34,78,67,73,
Bosnia Herzegovina,BA,2018,Age,35-44,79,64,71,
Bosnia Herzegovina,BA,2018,Age,45-54,84,65,71,
Bosnia Herzegovina,BA,2018,Age,55-64,76,64,71,
Bosnia Herzegovina,BA,2018,Age,65,76,63,64,
Bosnia Herzegovina,BA,2018,Education,Primary and below,74,62,63,
Bosnia Herzegovina,BA,2018,Education,Secondary and Vocational,78,64,73,
Bosnia Herzegovina,BA,2018,Education,University and above,87,77,79,
Bosnia Herzegovina,BA,2018,Gender,Male,75,62,70,
Bosnia Herzegovina,BA,2018,Gender,Female,80,66,70,
Bosnia Herzegovina,BA,2018,Religion,Muslim,81,70,74,
Bosnia Herzegovina,BA,2018,Religion,Christian,73,57,65,
Bosnia Herzegovina,BA,2018,Religion,Atheist/agnostic,100,76,86,
Bosnia Herzegovina,BA,2018,Religion,Other,55,55,55,
Bosnia Herzegovina,BA,2019,Age,18-24,88,65,82,65
Bosnia Herzegovina,BA,2019,Age,25-34,87,74,82,70
Bosnia Herzegovina,BA,2019,Age,35-44,76,66,77,69
Bosnia Herzegovina,BA,2019,Age,45-54,76,68,75,63
Bosnia Herzegovina,BA,2019,Age,55-64,76,62,72,65
Bosnia Herzegovina,BA,2019,Age,65,76,66,74,66
Bosnia Herzegovina,BA,2019,Education,Primary and below,60,37,56,44
Bosnia Herzegovina,BA,2019,Education,Secondary and Vocational,82,72,79,70
Bosnia Herzegovina,BA,2019,Education,University and above,79,64,77,65
Bosnia Herzegovina,BA,2019,Employment,Employed,86,76,84,72
Bosnia Herzegovina,BA,2019,Employment,Homemaker/other,73,60,69,61
Bosnia Herzegovina,BA,2019,Employment,Student,86,74,86,71
Bosnia Herzegovina,BA,2019,Employment,Unemployed,75,63,72,63
Bosnia Herzegovina,BA,2019,Gender,Male,81,70,79,70
Bosnia Herzegovina,BA,2019,Gender,Female,78,65,74,63
Bosnia Herzegovina,BA,2019,Religion,Muslim,82,68,78,67
Bosnia Herzegovina,BA,2019,Religion,Christian,77,66,76,67
Bosnia Herzegovina,BA,2019,Religion,Atheist/agnostic,75,67,75,58
Bosnia Herzegovina,BA,2019,Religion,Other,67,67,67,33
Botswana,BW,2018,Age,18-24,29,24,27,
Botswana,BW,2018,Age,25-34,44,33,39,
Botswana,BW,2018,Age,35-44,46,38,41,
Botswana,BW,2018,Age,45-54,40,40,40,
Botswana,BW,2018,Age,55-64,31,29,24,
Botswana,BW,2018,Age,65,43,40,37,
Botswana,BW,2018,Education,Primary and below,42,39,40,
Botswana,BW,2018,Education,Secondary and Vocational,33,26,28,
Botswana,BW,2018,Education,University and above,60,36,49,
Botswana,BW,2018,Gender,Male,35,28,33,
Botswana,BW,2018,Gender,Female,40,36,35,
Botswana,BW,2018,Religion,Muslim,0,0,0,
Botswana,BW,2018,Religion,Christian,38,32,35,
Botswana,BW,2018,Religion,Atheist/agnostic,46,46,44,
Botswana,BW,2018,Religion,Buddhist,0,0,0,
Botswana,BW,2018,Religion,Jewish,100,100,100,
Botswana,BW,2018,Religion,Other,40,27,36,
Brazil,BR,2015,Age,18-24,99,90,93,93
Brazil,BR,2015,Age,25-34,99,94,95,95
Brazil,BR,2015,Age,35-44,100,95,95,96
Brazil,BR,2015,Age,45-54,98,94,95,97
Brazil,BR,2015,Age,55-64,99,92,93,96
Brazil,BR,2015,Age,65,99,92,92,95
Brazil,BR,2015,Education,Primary and below,99,91,91,94
Brazil,BR,2015,Education,Secondary and Vocational,99,93,95,96
Brazil,BR,2015,Education,University and above,99,94,96,96
Brazil,BR,2015,Employment,Employed,99,93,95,95
Brazil,BR,2015,Employment,Homemaker/other,99,93,93,97
Brazil,BR,2015,Employment,Student,98,89,90,95
Brazil,BR,2015,Employment,Unemployed,99,88,94,92
Brazil,BR,2015,Gender,Male,99,91,93,94
Brazil,BR,2015,Gender,Female,99,95,95,97
Brazil,BR,2015,Religion,Muslim,67,67,67,100
Brazil,BR,2015,Religion,Christian,99,93,94,96
Brazil,BR,2015,Religion,Atheist/agnostic,99,90,92,88
Brazil,BR,2015,Religion,Jewish,100,100,100,100
Brazil,BR,2015,Religion,Other,98,94,96,96
Brazil,BR,2018,Age,18-24,94,71,81,
Brazil,BR,2018,Age,25-34,90,73,73,
Brazil,BR,2018,Age,35-44,94,77,75,
Brazil,BR,2018,Age,45-54,92,78,72,
Brazil,BR,2018,Age,55-64,94,83,82,
Brazil,BR,2018,Age,65,92,81,78,
Brazil,BR,2018,Education,Primary and below,90,79,72,
Brazil,BR,2018,Education,Secondary and Vocational,94,72,80,
Brazil,BR,2018,Education,University and above,99,79,83,
Brazil,BR,2018,Gender,Male,92,74,76,
Brazil,BR,2018,Gender,Female,93,78,77,
Brazil,BR,2018,Religion,Christian,93,76,76,
Brazil,BR,2018,Religion,Atheist/agnostic,86,78,89,
Brazil,BR,2018,Religion,Buddhist,100,100,100,
Brazil,BR,2018,Religion,Hindu,100,100,100,
Brazil,BR,2018,Religion,Other,91,82,82,
Brazil,BR,2020,Age,18-24,92,86,87,72
Brazil,BR,2020,Age,25-34,92,88,89,72
Brazil,BR,2020,Age,35-44,91,83,83,72
Brazil,BR,2020,Age,45-54,93,90,91,81
Brazil,BR,2020,Age,55-64,94,86,89,78
Brazil,BR,2020,Age,65,93,83,88,75
Brazil,BR,2020,Education,Primary and below,91,85,82,70
Brazil,BR,2020,Education,Secondary and Vocational,92,85,89,74
Brazil,BR,2020,Education,University and above,94,89,90,81
Brazil,BR,2020,Employment,Employed,93,90,84,81
Brazil,BR,2020,Employment,Homemaker/other,96,92,92,81
Brazil,BR,2020,Employment,Student,92,88,87,75
Brazil,BR,2020,Employment,Unemployed,92,85,87,72
Brazil,BR,2020,Gender,Male,91,85,87,74
Brazil,BR,2020,Gender,Female,94,87,88,76
Brazil,BR,2020,Region,Norte,92,88,88,74
Brazil,BR,2020,Region,Sur,91,81,85,72
Brazil,BR,2020,Region,Centro Oeste,92,88,85,81
Brazil,BR,2020,Region,Nordeste,95,87,89,75
Brazil,BR,2020,Region,Sudeste,93,87,90,76
Brazil,BR,2020,Religion,Muslim,50,25,50,25
Brazil,BR,2020,Religion,Christian,94,88,90,81
Brazil,BR,2020,Religion,Atheist/agnostic,91,91,91,74
Brazil,BR,2020,Religion,Buddhist,67,83,100,67
Brazil,BR,2020,Religion,Jewish,100,40,60,40
Brazil,BR,2020,Religion,Other,97,87,91,70
Brazil,BR,2022,Age,18-24,87,88,85,74
Brazil,BR,2022,Age,25-34,90,87,90,78
Brazil,BR,2022,Age,35-44,89,88,89,81
Brazil,BR,2022,Age,45-54,91,90,91,82
Brazil,BR,2022,Age,55-64,87,82,78,78
Brazil,BR,2022,Age,65,86,100,100,100
Brazil,BR,2022,Gender,Male,88,86,86,77
Brazil,BR,2022,Gender,Female,89,89,89,81
Brazil,BR,2022,Region,Centro Oeste,87,91,88,84
Brazil,BR,2022,Region,Norte,86,82,82,73
Brazil,BR,2022,Region,Nordeste,88,87,90,81
Brazil,BR,2022,Region,Sul,87,89,88,80
Brazil,BR,2022,Region,Sudeste,90,88,86,78
Brazil,BR,2023,Age,18-24,85,80,82,71
Brazil,BR,2023,Age,25-34,88,83,86,82
Brazil,BR,2023,Age,35-44,90,80,80,81
Brazil,BR,2023,Age,45-54,83,77,80,77
Brazil,BR,2023,Age,55,88,84,83,85
Brazil,BR,2023,Age,Don't know/ Refused,100,50,100,50
Brazil,BR,2023,Education,Primary and below,84,76,78,75
Brazil,BR,2023,Education,Secondary and Vocational,87,81,83,80
Brazil,BR,2023,Education,University and above,94,88,89,88
Brazil,BR,2023,Gender,Male,86,80,82,81
Brazil,BR,2023,Gender,Female,89,82,84,79
Brazil,BR,2023,Gender,Other,100,100,100,100
Brazil,BR,2023,Religion,Buddhist,60,60,60,40
Brazil,BR,2023,Religion,Christian,89,81,82,82
Brazil,BR,2023,Religion,Don't know/ Refused,86,82,86,75
Brazil,BR,2023,Religion,Jewish,100,100,100,100
Brazil,BR,2023,Religion,Muslim,0,0,0,0
Brazil,BR,2023,Religion,Other,84,79,82,82
Bulgaria,BG,2015,Age,18-24,73,71,71,68
Bulgaria,BG,2015,Age,25-34,75,66,74,76
Bulgaria,BG,2015,Age,35-44,87,78,86,81
Bulgaria,BG,2015,Age,45-54,77,69,70,70
Bulgaria,BG,2015,Age,55-64,78,68,74,77
Bulgaria,BG,2015,Age,65,78,66,76,74
Bulgaria,BG,2015,Education,Primary and below,76,68,73,75
Bulgaria,BG,2015,Education,Secondary and Vocational,78,69,76,74
Bulgaria,BG,2015,Education,University and above,82,73,79,77
Bulgaria,BG,2015,Employment,Employed,81,72,77,76
Bulgaria,BG,2015,Employment,Homemaker/other,81,69,80,77
Bulgaria,BG,2015,Employment,Student,80,77,80,80
Bulgaria,BG,2015,Employment,Unemployed,67,59,62,65
Bulgaria,BG,2015,Gender,Male,73,67,72,70
Bulgaria,BG,2015,Gender,Female,84,72,80,80
Bulgaria,BG,2015,Religion,Muslim,87,81,84,87
Bulgaria,BG,2015,Religion,Christian,79,69,76,75
Bulgaria,BG,2015,Religion,Atheist/agnostic,25,31,26,19
Bulgaria,BG,2015,Religion,Other,100,100,100,100
Bulgaria,BG,2018,Age,18-24,58,24,53,
Bulgaria,BG,2018,Age,25-34,67,43,63,
Bulgaria,BG,2018,Age,35-44,67,32,54,
Bulgaria,BG,2018,Age,45-54,73,44,55,
Bulgaria,BG,2018,Age,55-64,68,41,50,
Bulgaria,BG,2018,Age,65,65,35,48,
Bulgaria,BG,2018,Education,Primary and below,65,36,51,
Bulgaria,BG,2018,Education,Secondary and Vocational,68,39,50,
Bulgaria,BG,2018,Education,University and above,68,34,62,
Bulgaria,BG,2018,Gender,Male,66,34,52,
Bulgaria,BG,2018,Gender,Female,68,39,54,
Bulgaria,BG,2018,Religion,Muslim,70,41,53,
Bulgaria,BG,2018,Religion,Christian,66,37,54,
Bulgaria,BG,2018,Religion,Atheist/agnostic,63,8,24,
Bulgaria,BG,2018,Religion,Other,65,38,65,
Bulgaria,BG,2019,Age,18-24,78,61,75,77
Bulgaria,BG,2019,Age,25-34,88,73,84,79
Bulgaria,BG,2019,Age,35-44,84,72,85,83
Bulgaria,BG,2019,Age,45-54,81,68,76,73
Bulgaria,BG,2019,Age,55-64,82,71,84,79
Bulgaria,BG,2019,Age,65,83,71,81,75
Bulgaria,BG,2019,Education,Primary and below,77,68,75,72
Bulgaria,BG,2019,Education,Secondary and Vocational,83,69,82,76
Bulgaria,BG,2019,Education,University and above,86,73,84,85
Bulgaria,BG,2019,Employment,Employed,83,71,82,79
Bulgaria,BG,2019,Employment,Homemaker/other,83,72,81,76
Bulgaria,BG,2019,Employment,Student,84,63,82,79
Bulgaria,BG,2019,Employment,Unemployed,77,56,70,70
Bulgaria,BG,2019,Gender,Male,79,67,78,75
Bulgaria,BG,2019,Gender,Female,87,73,84,80
Bulgaria,BG,2019,Religion,Muslim,81,74,80,72
Bulgaria,BG,2019,Religion,Christian,85,73,84,82
Bulgaria,BG,2019,Religion,Atheist/agnostic,68,53,56,56
Bulgaria,BG,2019,Religion,Hindu,100,100,100,100
Bulgaria,BG,2019,Religion,Other,100,100,50,100
Bulgaria,BG,2020,Age,18-24,43,40,46,47
Bulgaria,BG,2020,Age,25-34,57,54,60,66
Bulgaria,BG,2020,Age,35-44,56,52,61,60
Bulgaria,BG,2020,Age,45-54,71,68,70,73
Bulgaria,BG,2020,Age,55-64,73,66,72,77
Bulgaria,BG,2020,Age,65,82,71,78,78
Bulgaria,BG,2020,Education,Primary and below,44,33,44,56
Bulgaria,BG,2020,Education,Secondary and Vocational,55,48,53,56
Bulgaria,BG,2020,Education,University and above,69,66,73,75
Bulgaria,BG,2020,Gender,Male,64,61,68,70
Bulgaria,BG,2020,Gender,Female,62,56,62,64
Bulgaria,BG,2020,Gender,Prefer not to say,100,100,0,100
Bulgaria,BG,2020,Region,Severen Tsentralen,68,56,61,66
Bulgaria,BG,2020,Region,Severoiztochen,64,57,66,64
Bulgaria,BG,2020,Region,Severozapaden,56,55,59,63
Bulgaria,BG,2020,Region,Yugoiztochen,63,59,65,70
Bulgaria,BG,2020,Region,Yugozapaden,62,61,69,70
Bulgaria,BG,2020,Region,Yuzhen Tsentralen,66,57,62,67
Bulgaria,BG,2020,Religion,Muslim,53,57,63,43
Bulgaria,BG,2020,Religion,Christian,64,59,67,70
Bulgaria,BG,2020,Religion,Jewish,33,67,67,67
Bulgaria,BG,2020,Religion,Other,50,50,38,38
Bulgaria,BG,2020,Religion,Atheist/agnostic ,73,61,68,65
Bulgaria,BG,2023,Age,18-24,33,37,37,49
Bulgaria,BG,2023,Age,25-34,44,39,44,64
Bulgaria,BG,2023,Age,35-44,48,48,47,57
Bulgaria,BG,2023,Age,45-54,51,39,49,62
Bulgaria,BG,2023,Age,55,65,55,63,75
Bulgaria,BG,2023,Age,Don't know/ Refused,100,50,50,100
Bulgaria,BG,2023,Education,Don't know/ Refused,50,0,50,50
Bulgaria,BG,2023,Education,Primary and below,57,57,57,43
Bulgaria,BG,2023,Education,Secondary and Vocational,47,40,43,55
Bulgaria,BG,2023,Education,University and above,58,51,58,73
Bulgaria,BG,2023,Gender,Male,54,48,54,66
Bulgaria,BG,2023,Gender,Female,53,46,51,65
Bulgaria,BG,2023,Gender,Other,100,100,100,100
Bulgaria,BG,2023,Religion,Atheist/agnostic,53,51,57,70
Bulgaria,BG,2023,Religion,Christian,54,47,52,65
Bulgaria,BG,2023,Religion,Don't know/ Refused,60,50,60,90
Bulgaria,BG,2023,Religion,Hindu,50,50,50,50
Bulgaria,BG,2023,Religion,Muslim,33,30,43,63
Bulgaria,BG,2023,Religion,Other,67,67,67,67
Burkina Faso,BF,2018,Age,18-24,76,54,68,
Burkina Faso,BF,2018,Age,25-34,72,53,64,
Burkina Faso,BF,2018,Age,35-44,81,59,71,
Burkina Faso,BF,2018,Age,45-54,73,48,68,
Burkina Faso,BF,2018,Age,55-64,68,51,59,
Burkina Faso,BF,2018,Age,65,62,49,60,
Burkina Faso,BF,2018,Education,Primary and below,71,52,64,
Burkina Faso,BF,2018,Education,Secondary and Vocational,88,59,76,
Burkina Faso,BF,2018,Education,University and above,87,46,66,
Burkina Faso,BF,2018,Gender,Male,74,53,66,
Burkina Faso,BF,2018,Gender,Female,74,54,66,
Burkina Faso,BF,2018,Religion,Muslim,75,57,67,
Burkina Faso,BF,2018,Religion,Christian,72,47,63,
Burkina Faso,BF,2018,Religion,Other,84,51,80,
Burkina Faso,BF,2020,Age,18-24,91,80,81,94
Burkina Faso,BF,2020,Age,25-34,92,82,88,94
Burkina Faso,BF,2020,Age,35-44,92,84,86,91
Burkina Faso,BF,2020,Age,45-54,94,89,88,96
Burkina Faso,BF,2020,Age,55-64,95,86,86,95
Burkina Faso,BF,2020,Age,65,96,84,84,96
Burkina Faso,BF,2020,Education,Primary and below,93,86,87,95
Burkina Faso,BF,2020,Employment,Employed,92,81,84,92
Burkina Faso,BF,2020,Employment,Homemaker/other,91,88,84,95
Burkina Faso,BF,2020,Employment,Student,93,82,79,94
Burkina Faso,BF,2020,Employment,Unemployed,96,77,92,96
Burkina Faso,BF,2020,Gender,Male,92,81,84,93
Burkina Faso,BF,2020,Gender,Female,93,86,87,94
Burkina Faso,BF,2020,Region,Boucle Du Mouhoun,93,94,95,98
Burkina Faso,BF,2020,Region,Cascades,91,75,80,100
Burkina Faso,BF,2020,Region,Centre,95,73,82,94
Burkina Faso,BF,2020,Region,Centre-Est,95,85,83,99
Burkina Faso,BF,2020,Region,Centre-Nord,91,82,85,85
Burkina Faso,BF,2020,Region,Centre-Ouest,97,82,96,92
Burkina Faso,BF,2020,Region,Centre-Sud,96,90,92,88
Burkina Faso,BF,2020,Region,Est,80,78,76,94
Burkina Faso,BF,2020,Region,Haut Bassins,91,79,76,90
Burkina Faso,BF,2020,Region,Nord,95,96,97,98
Burkina Faso,BF,2020,Region,Plateau Central,92,88,84,96
Burkina Faso,BF,2020,Region,Sahel,99,96,99,100
Burkina Faso,BF,2020,Region,Sud-Ouest,90,64,60,82
Burkina Faso,BF,2020,Religion,Christian,92,82,85,92
Burundi,BI,2018,Age,18-24,88,76,82,
Burundi,BI,2018,Age,25-34,95,87,88,
Burundi,BI,2018,Age,35-44,91,85,83,
Burundi,BI,2018,Age,45-54,96,84,88,
Burundi,BI,2018,Age,55-64,92,80,86,
Burundi,BI,2018,Age,65,91,80,80,
Burundi,BI,2018,Education,Primary and below,90,81,83,
Burundi,BI,2018,Education,Secondary and Vocational,96,82,86,
Burundi,BI,2018,Education,University and above,100,100,100,
Burundi,BI,2018,Gender,Male,91,79,82,
Burundi,BI,2018,Gender,Female,91,82,86,
Burundi,BI,2018,Religion,Muslim,78,75,78,
Burundi,BI,2018,Religion,Christian,91,81,84,
Burundi,BI,2018,Religion,Atheist/agnostic,100,59,40,
Burundi,BI,2018,Religion,Other,100,72,72,
Cambodia,KH,2018,Age,18-24,79,68,76,
Cambodia,KH,2018,Age,25-34,95,78,89,
Cambodia,KH,2018,Age,35-44,88,79,81,
Cambodia,KH,2018,Age,45-54,87,83,85,
Cambodia,KH,2018,Age,55-64,87,82,86,
Cambodia,KH,2018,Age,65,84,82,80,
Cambodia,KH,2018,Education,Primary and below,85,76,81,
Cambodia,KH,2018,Education,Secondary and Vocational,96,67,91,
Cambodia,KH,2018,Education,University and above,97,78,96,
Cambodia,KH,2018,Gender,Male,81,71,77,
Cambodia,KH,2018,Gender,Female,90,80,86,
Cambodia,KH,2018,Religion,Muslim,95,90,95,
Cambodia,KH,2018,Religion,Christian,89,77,89,
Cambodia,KH,2018,Religion,Buddhist,86,76,83,
Cambodia,KH,2018,Religion,Other,100,78,78,
Cambodia,KH,2021,Education,Primary and below,75,85,86,49
Cambodia,KH,2021,Education,Secondary and Vocational,80,85,85,42
Cambodia,KH,2021,Education,University and above,83,84,89,36
Cambodia,KH,2021,Employment,Employed,78,85,86,46
Cambodia,KH,2021,Employment,Homemaker/other,72,82,85,39
Cambodia,KH,2021,Employment,Student,87,87,84,24
Cambodia,KH,2021,Employment,Unemployed,85,85,88,52
Cambodia,KH,2021,Gender,Male,76,85,86,46
Cambodia,KH,2021,Gender,Female,81,85,86,44
Cambodia,KH,2021,Gender,Other,0,0,0,0
Cambodia,KH,2021,Religion,Muslim,100,91,82,82
Cambodia,KH,2021,Religion,Christian,93,87,93,27
Cambodia,KH,2021,Religion,Buddhist,78,85,86,45
Cambodia,KH,2021,Religion,Other,67,100,100,67
Cambodia,KH,2022,Age,18-24,96,94,93,38
Cambodia,KH,2022,Age,25-34,96,95,95,43
Cambodia,KH,2022,Age,35-44,97,97,99,44
Cambodia,KH,2022,Age,45-54,96,96,95,55
Cambodia,KH,2022,Age,55-64,97,98,97,52
Cambodia,KH,2022,Education,Primary and below,96,96,96,53
Cambodia,KH,2022,Education,Secondary and Vocational,96,94,97,36
Cambodia,KH,2022,Education,University and above,98,97,94,33
Cambodia,KH,2022,Employment,Employed,97,96,96,45
Cambodia,KH,2022,Employment,Homemaker/other,94,97,95,51
Cambodia,KH,2022,Employment,Student,93,98,98,39
Cambodia,KH,2022,Employment,Unemployed,100,97,94,48
Cambodia,KH,2022,Gender,Male,97,96,96,46
Cambodia,KH,2022,Gender,Female,95,96,96,46
Cambodia,KH,2022,Region, Capital City,96,96,96,38
Cambodia,KH,2022,Region, Plain Region,95,95,95,49
Cambodia,KH,2022,Region,Costal Region,91,96,94,43
Cambodia,KH,2022,Region,Plateau and Mountainous Region,98,96,95,58
Cambodia,KH,2022,Region,Tonle Sap Region,98,98,97,43
Cambodia,KH,2022,Religion,Muslim,93,100,100,93
Cambodia,KH,2022,Religion,Christian,100,93,86,57
Cambodia,KH,2022,Religion,Buddhist,96,96,96,45
Cambodia,KH,2022,Religion,Other,80,100,100,60
Cameroon,CM,2018,Age,18-24,89,67,72,
Cameroon,CM,2018,Age,25-34,94,75,79,
Cameroon,CM,2018,Age,35-44,95,75,76,
Cameroon,CM,2018,Age,45-54,92,79,83,
Cameroon,CM,2018,Age,55-64,99,89,91,
Cameroon,CM,2018,Age,65,85,67,84,
Cameroon,CM,2018,Education,Primary and below,90,76,75,
Cameroon,CM,2018,Education,Secondary and Vocational,93,67,80,
Cameroon,CM,2018,Education,University and above,91,51,69,
Cameroon,CM,2018,Gender,Male,90,71,76,
Cameroon,CM,2018,Gender,Female,93,74,78,
Cameroon,CM,2018,Religion,Muslim,85,74,75,
Cameroon,CM,2018,Religion,Christian,94,72,79,
Cameroon,CM,2018,Religion,Atheist/agnostic,91,63,66,
Cameroon,CM,2018,Religion,Other,100,19,100,
Cameroon,CM,2022,Age,18-24,80,66,69,55
Cameroon,CM,2022,Age,25-34,82,67,72,62
Cameroon,CM,2022,Age,35-44,83,70,76,64
Cameroon,CM,2022,Age,45-54,86,77,78,70
Cameroon,CM,2022,Age,55-64,88,86,84,62
Cameroon,CM,2022,Age,65,86,85,88,75
Cameroon,CM,2022,Education,Primary and below,84,73,76,65
Cameroon,CM,2022,Education,Secondary and Vocational,82,67,72,60
Cameroon,CM,2022,Education,University and above,80,68,67,55
Cameroon,CM,2022,Employment,Employed,81,67,72,60
Cameroon,CM,2022,Employment,Homemaker/other,85,78,80,72
Cameroon,CM,2022,Employment,Student,81,64,69,53
Cameroon,CM,2022,Employment,Unemployed,82,66,70,57
Cameroon,CM,2022,Gender,Male,81,67,70,61
Cameroon,CM,2022,Gender,Female,84,71,75,60
Cameroon,CM,2022,Region,East,81,55,59,72
Cameroon,CM,2022,Region,North,72,73,75,70
Cameroon,CM,2022,Region,South,83,56,63,57
Cameroon,CM,2022,Region,Adamawa,72,74,75,68
Cameroon,CM,2022,Region,Center,79,53,57,44
Cameroon,CM,2022,Region,Far North,81,78,81,74
Cameroon,CM,2022,Region,Littoral,82,60,68,68
Cameroon,CM,2022,Region,Northwest,93,85,84,55
Cameroon,CM,2022,Region,Southwest,93,85,82,60
Cameroon,CM,2022,Region,West,79,64,72,50
Cameroon,CM,2022,Religion,Muslim,82,75,77,73
Cameroon,CM,2022,Religion,Christian,83,68,72,58
Cameroon,CM,2022,Religion,Other,71,65,63,54
Cameroon,CM,2023,Age,18-24,67,58,61,56
Cameroon,CM,2023,Age,25-34,55,52,48,50
Cameroon,CM,2023,Age,35-44,48,46,50,48
Cameroon,CM,2023,Age,45-54,63,58,54,56
Cameroon,CM,2023,Age,55,41,40,42,40
Cameroon,CM,2023,Age,Don't know/ Refused,100,50,100,100
Cameroon,CM,2023,Education,Don't know/ Refused,47,35,35,29
Cameroon,CM,2023,Education,Primary and below,66,64,60,60
Cameroon,CM,2023,Education,Secondary and Vocational,57,52,54,51
Cameroon,CM,2023,Education,University and above,54,48,48,49
Cameroon,CM,2023,Gender,Male,52,48,47,47
Cameroon,CM,2023,Gender,Female,64,58,59,58
Cameroon,CM,2023,Religion,Christian,58,53,53,52
Cameroon,CM,2023,Religion,Don't know/ Refused,47,43,40,36
Cameroon,CM,2023,Religion,Muslim,58,55,56,56
Cameroon,CM,2023,Religion,Other,17,17,8,17
Canada,CA,2015,Age,18-24,86,87,86,70
Canada,CA,2015,Age,25-34,83,76,78,58
Canada,CA,2015,Age,35-44,93,85,85,68
Canada,CA,2015,Age,45-54,87,80,82,65
Canada,CA,2015,Age,55-64,92,90,89,72
Canada,CA,2015,Age,65,94,91,92,82
Canada,CA,2015,Education,Primary and below,74,74,74,74
Canada,CA,2015,Education,Secondary and Vocational,87,81,80,61
Canada,CA,2015,Education,University and above,91,87,88,73
Canada,CA,2015,Employment,Employed,88,83,83,69
Canada,CA,2015,Employment,Homemaker/other,93,88,90,73
Canada,CA,2015,Employment,Student,94,97,94,75
Canada,CA,2015,Employment,Unemployed,74,71,80,52
Canada,CA,2015,Gender,Male,89,87,87,69
Canada,CA,2015,Gender,Female,90,83,84,70
Canada,CA,2015,Religion,Muslim,75,72,69,69
Canada,CA,2015,Religion,Christian,93,88,87,78
Canada,CA,2015,Religion,Atheist/agnostic,93,90,92,60
Canada,CA,2015,Religion,Buddhist,100,100,100,88
Canada,CA,2015,Religion,Hindu,82,76,76,68
Canada,CA,2015,Religion,Jewish,92,85,92,73
Canada,CA,2015,Religion,Other,76,66,80,56
Canada,CA,2018,Age,18-24,80,73,79,
Canada,CA,2018,Age,25-34,84,74,83,
Canada,CA,2018,Age,35-44,84,74,81,
Canada,CA,2018,Age,45-54,83,70,75,
Canada,CA,2018,Age,55-64,90,78,82,
Canada,CA,2018,Age,65,90,77,80,
Canada,CA,2018,Education,Primary and below,78,65,74,
Canada,CA,2018,Education,Secondary and Vocational,83,72,77,
Canada,CA,2018,Education,University and above,92,81,88,
Canada,CA,2018,Gender,Male,88,77,82,
Canada,CA,2018,Gender,Female,83,72,78,
Canada,CA,2018,Religion,Muslim,87,82,84,
Canada,CA,2018,Religion,Christian,86,74,79,
Canada,CA,2018,Religion,Atheist/agnostic,86,78,82,
Canada,CA,2018,Religion,Buddhist,84,61,97,
Canada,CA,2018,Religion,Hindu,70,70,96,
Canada,CA,2018,Religion,Jewish,100,87,68,
Canada,CA,2018,Religion,Other,73,49,77,
Canada,CA,2023,Age,18-24,59,53,63,61
Canada,CA,2023,Age,25-34,74,70,73,69
Canada,CA,2023,Age,35-44,70,67,66,63
Canada,CA,2023,Age,45-54,77,71,73,71
Canada,CA,2023,Age,55,88,84,88,85
Canada,CA,2023,Age,Don't know/ Refused,0,0,0,0
Canada,CA,2023,Education,Don't know/ Refused,60,0,40,40
Canada,CA,2023,Education,Primary and below,77,77,73,68
Canada,CA,2023,Education,Secondary and Vocational,77,70,74,72
Canada,CA,2023,Education,University and above,81,80,82,78
Canada,CA,2023,Gender,Male,78,76,78,75
Canada,CA,2023,Gender,Female,79,72,76,74
Canada,CA,2023,Gender,Other,50,50,50,50
Canada,CA,2023,Gender,Don't know/ Prefer not to say,0,100,100,0
Canada,CA,2023,Religion,Atheist/agnostic,80,75,79,70
Canada,CA,2023,Religion,Buddhist,75,85,80,85
Canada,CA,2023,Religion,Christian,79,75,77,79
Canada,CA,2023,Religion,Don't know/ Refused,60,51,60,51
Canada,CA,2023,Religion,Hindu,64,57,57,43
Canada,CA,2023,Religion,Jewish,79,79,79,93
Canada,CA,2023,Religion,Muslim,79,69,83,72
Canada,CA,2023,Religion,Other,73,70,78,73
Chad,TD,2018,Age,18-24,63,56,55,
Chad,TD,2018,Age,25-34,66,57,63,
Chad,TD,2018,Age,35-44,65,55,58,
Chad,TD,2018,Age,45-54,66,57,65,
Chad,TD,2018,Age,55-64,58,52,54,
Chad,TD,2018,Age,65,80,66,69,
Chad,TD,2018,Education,Primary and below,62,55,57,
Chad,TD,2018,Education,Secondary and Vocational,80,67,69,
Chad,TD,2018,Education,University and above,94,59,65,
Chad,TD,2018,Gender,Male,64,55,59,
Chad,TD,2018,Gender,Female,65,58,60,
Chad,TD,2018,Religion,Muslim,61,53,55,
Chad,TD,2018,Religion,Christian,70,61,65,
Chad,TD,2018,Religion,Atheist/agnostic,90,65,80,
Chad,TD,2018,Religion,Hindu,100,100,100,
Chad,TD,2018,Religion,Other,56,47,50,
Chile,CL,2018,Age,18-24,74,61,65,
Chile,CL,2018,Age,25-34,80,67,67,
Chile,CL,2018,Age,35-44,82,67,73,
Chile,CL,2018,Age,45-54,86,69,73,
Chile,CL,2018,Age,55-64,85,77,80,
Chile,CL,2018,Age,65,85,70,73,
Chile,CL,2018,Education,Primary and below,80,68,68,
Chile,CL,2018,Education,Secondary and Vocational,81,66,71,
Chile,CL,2018,Education,University and above,83,75,76,
Chile,CL,2018,Gender,Male,77,65,70,
Chile,CL,2018,Gender,Female,85,70,72,
Chile,CL,2018,Religion,Muslim,100,100,100,
Chile,CL,2018,Religion,Christian,84,71,73,
Chile,CL,2018,Religion,Atheist/agnostic,68,54,70,
Chile,CL,2018,Religion,Buddhist,50,43,43,
Chile,CL,2018,Religion,Hindu,100,100,100,
Chile,CL,2018,Religion,Jewish,100,100,100,
Chile,CL,2018,Religion,Other,78,62,65,
Chile,CL,2023,Age,18-24,66,62,68,48
Chile,CL,2023,Age,25-34,72,65,70,51
Chile,CL,2023,Age,35-44,71,66,70,49
Chile,CL,2023,Age,45-54,75,66,70,53
Chile,CL,2023,Age,55,85,79,82,61
Chile,CL,2023,Education,Primary and below,68,57,59,43
Chile,CL,2023,Education,Secondary and Vocational,74,70,75,51
Chile,CL,2023,Education,University and above,85,78,82,67
Chile,CL,2023,Gender,Male,76,70,73,58
Chile,CL,2023,Gender,Female,74,69,73,50
Chile,CL,2023,Gender,Other,0,0,0,100
Chile,CL,2023,Religion,Atheist/agnostic,73,69,72,51
Chile,CL,2023,Religion,Buddhist,45,45,45,55
Chile,CL,2023,Religion,Christian,76,71,75,55
Chile,CL,2023,Religion,Don't know/ Refused,73,57,73,41
Chile,CL,2023,Religion,Hindu,100,100,0,100
Chile,CL,2023,Religion,Jewish,60,60,60,20
Chile,CL,2023,Religion,Other,80,69,71,60
China,CN,2015,Age,18-24,76,72,76,62
China,CN,2015,Age,25-34,88,83,88,63
China,CN,2015,Age,35-44,85,82,88,68
China,CN,2015,Age,45-54,93,89,92,65
China,CN,2015,Age,55-64,87,90,88,84
China,CN,2015,Age,65,86,100,100,86
China,CN,2015,Education,Primary and below,100,80,100,80
China,CN,2015,Education,Secondary and Vocational,95,93,94,77
China,CN,2015,Education,University and above,84,81,85,66
China,CN,2015,Employment,Employed,88,85,89,66
China,CN,2015,Employment,Homemaker/other,93,94,92,90
China,CN,2015,Employment,Student,70,67,69,66
China,CN,2015,Employment,Unemployed,100,50,100,50
China,CN,2015,Gender,Male,85,85,86,67
China,CN,2015,Gender,Female,87,82,87,69
China,CN,2015,Religion,Muslim,75,75,75,100
China,CN,2015,Religion,Christian,100,100,100,100
China,CN,2015,Religion,Atheist/agnostic,86,83,87,68
China,CN,2015,Religion,Buddhist,79,96,100,83
China,CN,2015,Religion,Other,100,100,75,75
China,CN,2018,Age,18-24,84,67,73,
China,CN,2018,Age,25-34,81,60,68,
China,CN,2018,Age,35-44,85,62,72,
China,CN,2018,Age,45-54,82,67,74,
China,CN,2018,Age,55-64,77,65,67,
China,CN,2018,Age,65,67,64,63,
China,CN,2018,Education,Primary and below,78,64,68,
China,CN,2018,Education,Secondary and Vocational,87,68,75,
China,CN,2018,Education,University and above,81,56,71,
China,CN,2018,Gender,Male,79,64,69,
China,CN,2018,Gender,Female,81,64,70,
China,CN,2021,Age,18-24,92,94,96,0
China,CN,2021,Age,25-34,94,95,97,0
China,CN,2021,Age,35-44,96,95,98,0
China,CN,2021,Age,45-54,96,96,97,0
China,CN,2021,Age,55,94,99,99,0
China,CN,2021,Education,Primary and below,97,98,99,0
China,CN,2021,Education,Secondary and Vocational,95,95,97,0
China,CN,2021,Education,University and above,94,95,97,0
China,CN,2021,Education,Primary and below,96,99,99,0
China,CN,2021,Education,Secondary and Vocational,96,94,97,0
China,CN,2021,Education,University and above,94,95,96,0
China,CN,2021,Employment,Employed,95,95,97,0
China,CN,2021,Employment,Homemaker/other,95,100,100,0
China,CN,2021,Employment,Student,95,92,97,0
China,CN,2021,Employment,Unemployed,87,80,93,0
China,CN,2021,Employment,Employed,95,95,97,0
China,CN,2021,Employment,Homemaker/other,97,100,100,0
China,CN,2021,Employment,Student,93,93,96,0
China,CN,2021,Employment,Unemployed,81,84,89,0
China,CN,2021,Gender,Male,96,96,98,0
China,CN,2021,Gender,Female,94,94,96,0
China,CN,2021,Gender,Male,95,96,98,0
China,CN,2021,Gender,Female,94,94,96,0
China,CN,2021,Region,Northeast,94,95,96,0
China,CN,2021,Region,North China,94,94,96,0
China,CN,2021,Region,East China,94,95,95,0
China,CN,2021,Region,South China,97,95,96,0
China,CN,2021,Region,Central China,94,97,99,0
China,CN,2021,Region,Northwest,95,95,99,0
China,CN,2021,Region,Southwest,96,94,98,0
China,CN,2021,Religion,Muslim,86,86,100,0
China,CN,2021,Religion,Christian,100,94,100,0
China,CN,2021,Religion,Atheist/agnostic,95,95,97,0
China,CN,2021,Religion,Buddhist,88,94,97,0
China,CN,2021,Religion,Other,100,100,100,0
China,CN,2021,Religion,Animist,50,100,75,0
China,CN,2021,Religion,Atheist/agnostic,95,95,97,0
China,CN,2021,Religion,Buddhist,88,94,99,0
China,CN,2021,Religion,Christian,100,97,100,0
China,CN,2021,Religion,Other,87,94,93,0
Colombia,CO,2015,Age,18-24,99,93,93,73
Colombia,CO,2015,Age,25-34,99,90,95,80
Colombia,CO,2015,Age,35-44,97,93,93,81
Colombia,CO,2015,Age,45-54,96,92,94,82
Colombia,CO,2015,Age,55-64,97,89,96,76
Colombia,CO,2015,Age,65,93,88,93,84
Colombia,CO,2015,Education,Primary and below,96,89,91,82
Colombia,CO,2015,Education,Secondary and Vocational,97,92,93,76
Colombia,CO,2015,Education,University and above,97,90,95,80
Colombia,CO,2015,Employment,Employed,97,92,95,79
Colombia,CO,2015,Employment,Homemaker/other,97,91,96,81
Colombia,CO,2015,Employment,Student,97,89,92,73
Colombia,CO,2015,Employment,Unemployed,99,87,89,80
Colombia,CO,2015,Gender,Male,97,91,93,77
Colombia,CO,2015,Gender,Female,97,91,94,81
Colombia,CO,2015,Religion,Christian,98,92,94,80
Colombia,CO,2015,Religion,Atheist/agnostic,81,78,86,68
Colombia,CO,2015,Religion,Buddhist,100,100,100,100
Colombia,CO,2015,Religion,Other,97,91,91,79
Colombia,CO,2018,Age,18-24,89,70,72,
Colombia,CO,2018,Age,25-34,91,78,73,
Colombia,CO,2018,Age,35-44,92,78,77,
Colombia,CO,2018,Age,45-54,88,72,75,
Colombia,CO,2018,Age,55-64,95,81,80,
Colombia,CO,2018,Age,65,93,80,81,
Colombia,CO,2018,Education,Primary and below,88,73,73,
Colombia,CO,2018,Education,Secondary and Vocational,92,77,77,
Colombia,CO,2018,Education,University and above,94,73,75,
Colombia,CO,2018,Gender,Male,91,74,73,
Colombia,CO,2018,Gender,Female,91,77,77,
Colombia,CO,2018,Religion,Christian,92,77,77,
Colombia,CO,2018,Religion,Atheist/agnostic,66,43,31,
Colombia,CO,2018,Religion,Buddhist,100,0,0,
Colombia,CO,2018,Religion,Jewish,100,100,100,
Colombia,CO,2018,Religion,Other,88,56,65,
Colombia,CO,2019,Age,18-24,99,93,91,58
Colombia,CO,2019,Age,25-34,96,93,94,72
Colombia,CO,2019,Age,35-44,97,92,92,76
Colombia,CO,2019,Age,45-54,96,92,91,78
Colombia,CO,2019,Age,55-64,98,93,91,72
Colombia,CO,2019,Age,65,97,90,91,76
Colombia,CO,2019,Education,Primary and below,96,93,90,76
Colombia,CO,2019,Education,Secondary and Vocational,97,91,91,68
Colombia,CO,2019,Education,University and above,98,93,93,76
Colombia,CO,2019,Employment,Employed,97,91,91,71
Colombia,CO,2019,Employment,Homemaker/other,98,95,93,75
Colombia,CO,2019,Employment,Student,100,91,89,62
Colombia,CO,2019,Employment,Unemployed,97,92,92,75
Colombia,CO,2019,Gender,Male,97,90,91,73
Colombia,CO,2019,Gender,Female,97,94,92,72
Colombia,CO,2019,Religion,Christian,98,93,93,74
Colombia,CO,2019,Religion,Atheist/agnostic,97,91,93,64
Colombia,CO,2019,Religion,Jewish,100,100,100,100
Colombia,CO,2019,Religion,Other,86,80,82,55
Colombia,CO,2023,Age,18-24,72,64,68,50
Colombia,CO,2023,Age,25-34,78,68,68,57
Colombia,CO,2023,Age,35-44,80,76,76,60
Colombia,CO,2023,Age,45-54,80,69,71,60
Colombia,CO,2023,Age,55,86,79,81,67
Colombia,CO,2023,Age,Don't know/ Refused,82,64,64,18
Colombia,CO,2023,Education,Primary and below,75,69,71,59
Colombia,CO,2023,Education,Secondary and Vocational,79,70,71,55
Colombia,CO,2023,Education,University and above,82,78,82,70
Colombia,CO,2023,Gender,Male,80,70,73,59
Colombia,CO,2023,Gender,Female,79,72,72,58
Colombia,CO,2023,Gender,Other,50,50,67,67
Colombia,CO,2023,Gender,Don't know/ Prefer not to say,67,100,67,100
Colombia,CO,2023,Religion,Buddhist,0,0,0,0
Colombia,CO,2023,Religion,Christian,82,74,76,61
Colombia,CO,2023,Religion,Don't know/ Refused,67,60,62,46
Colombia,CO,2023,Religion,Hindu,100,0,0,0
Colombia,CO,2023,Religion,Jewish,100,75,75,25
Colombia,CO,2023,Religion,Muslim,100,50,50,50
Colombia,CO,2023,Religion,Other,67,62,52,48
Comoros,KM,2018,Age,18-24,81,73,74,
Comoros,KM,2018,Age,25-34,93,84,89,
Comoros,KM,2018,Age,35-44,92,85,90,
Comoros,KM,2018,Age,45-54,93,87,91,
Comoros,KM,2018,Age,55-64,94,88,90,
Comoros,KM,2018,Age,65,87,78,82,
Comoros,KM,2018,Education,Primary and below,91,84,89,
Comoros,KM,2018,Education,Secondary and Vocational,82,74,74,
Comoros,KM,2018,Education,University and above,95,74,83,
Comoros,KM,2018,Gender,Male,85,75,80,
Comoros,KM,2018,Gender,Female,91,85,87,
Comoros,KM,2018,Religion,Muslim,88,80,84,
Comoros,KM,2018,Religion,Christian,100,100,100,
Comoros,KM,2018,Religion,Other,100,100,100,
Congo Brazzaville,CG,2018,Age,18-24,74,54,69,
Congo Brazzaville,CG,2018,Age,25-34,74,59,69,
Congo Brazzaville,CG,2018,Age,35-44,69,57,66,
Congo Brazzaville,CG,2018,Age,45-54,70,53,69,
Congo Brazzaville,CG,2018,Age,55-64,69,63,65,
Congo Brazzaville,CG,2018,Age,65,67,52,66,
Congo Brazzaville,CG,2018,Education,Primary and below,56,49,53,
Congo Brazzaville,CG,2018,Education,Secondary and Vocational,79,59,75,
Congo Brazzaville,CG,2018,Education,University and above,88,64,84,
Congo Brazzaville,CG,2018,Gender,Male,70,55,66,
Congo Brazzaville,CG,2018,Gender,Female,73,56,70,
Congo Brazzaville,CG,2018,Religion,Muslim,60,37,68,
Congo Brazzaville,CG,2018,Religion,Christian,74,57,70,
Congo Brazzaville,CG,2018,Religion,Atheist/agnostic,43,39,43,
Congo Brazzaville,CG,2018,Religion,Other,56,58,61,
Costa Rica,CR,2018,Age,18-24,92,78,79,
Costa Rica,CR,2018,Age,25-34,91,74,77,
Costa Rica,CR,2018,Age,35-44,93,87,85,
Costa Rica,CR,2018,Age,45-54,97,89,88,
Costa Rica,CR,2018,Age,55-64,92,85,84,
Costa Rica,CR,2018,Age,65,94,84,85,
Costa Rica,CR,2018,Education,Primary and below,93,87,84,
Costa Rica,CR,2018,Education,Secondary and Vocational,93,80,81,
Costa Rica,CR,2018,Education,University and above,93,75,81,
Costa Rica,CR,2018,Gender,Male,92,80,81,
Costa Rica,CR,2018,Gender,Female,94,83,84,
Costa Rica,CR,2018,Religion,Muslim,100,100,100,
Costa Rica,CR,2018,Religion,Christian,93,83,84,
Costa Rica,CR,2018,Religion,Atheist/agnostic,72,58,50,
Costa Rica,CR,2018,Religion,Buddhist,100,100,0,
Costa Rica,CR,2018,Religion,Hindu,100,100,100,
Costa Rica,CR,2018,Religion,Other,100,47,100,
Croatia,HR,2018,Age,18-24,72,51,57,
Croatia,HR,2018,Age,25-34,71,51,66,
Croatia,HR,2018,Age,35-44,72,53,60,
Croatia,HR,2018,Age,45-54,73,55,64,
Croatia,HR,2018,Age,55-64,78,60,68,
Croatia,HR,2018,Age,65,74,52,58,
Croatia,HR,2018,Education,Primary and below,73,53,57,
Croatia,HR,2018,Education,Secondary and Vocational,71,53,62,
Croatia,HR,2018,Education,University and above,82,60,73,
Croatia,HR,2018,Gender,Male,69,51,59,
Croatia,HR,2018,Gender,Female,78,56,65,
Croatia,HR,2018,Religion,Muslim,90,90,90,
Croatia,HR,2018,Religion,Christian,74,55,63,
Croatia,HR,2018,Religion,Atheist/agnostic,71,39,48,
Croatia,HR,2020,Age,18-24,59,61,68,50
Croatia,HR,2020,Age,25-34,50,56,63,49
Croatia,HR,2020,Age,35-44,55,69,70,60
Croatia,HR,2020,Age,45-54,59,68,76,70
Croatia,HR,2020,Age,55-64,67,72,80,71
Croatia,HR,2020,Age,65,77,86,88,83
Croatia,HR,2020,Education,Primary and below,64,82,82,82
Croatia,HR,2020,Education,Secondary and Vocational,59,63,71,58
Croatia,HR,2020,Education,University and above,62,73,76,69
Croatia,HR,2020,Gender,Male,56,70,73,65
Croatia,HR,2020,Gender,Female,65,66,74,62
Croatia,HR,2020,Gender,Other,67,67,67,33
Croatia,HR,2020,Gender,Prefer not to say,44,67,78,33
Croatia,HR,2020,Region,Bjelovarsko-Bilogorska Zupanija,61,79,82,75
Croatia,HR,2020,Region,Brodsko-Posavska Zupanija,65,73,78,70
Croatia,HR,2020,Region,Dubrova?Ko-Neretvanska Zupanija,53,80,80,57
Croatia,HR,2020,Region,Grad Zagreb,61,69,76,62
Croatia,HR,2020,Region,Istarska Zupanija,56,75,71,60
Croatia,HR,2020,Region,Karlova?Ka Zupanija,63,60,67,63
Croatia,HR,2020,Region,Koprivni?Ko-Krizeva?Ka Zupanija,67,74,85,67
Croatia,HR,2020,Region,Krapinsko-Zagorska Zupanija,67,61,72,50
Croatia,HR,2020,Region,Li?Ko-Senjska Zupanija,67,83,67,33
Croatia,HR,2020,Region,Me?Imurska Zupanija,55,50,55,40
Croatia,HR,2020,Region,Osje?Ko-Baranjska Zupanija,69,74,82,69
Croatia,HR,2020,Region,Pozesko-Slavonska Zupanija,61,67,78,78
Croatia,HR,2020,Region,Primorsko-Goranska Zupanija,55,63,72,66
Croatia,HR,2020,Region,Sibensko-Kninska Zupanija,67,81,95,81
Croatia,HR,2020,Region,Sisa?Ko-Moslava?Ka Zupanija,56,59,59,51
Croatia,HR,2020,Region,Splitsko-Dalmatinska Zupanija,56,62,69,60
Croatia,HR,2020,Region,Varazdinska Zupanija,58,68,74,68
Croatia,HR,2020,Region,Viroviti?Ko-Podravska Zupanija,40,60,60,53
Croatia,HR,2020,Region,Vukovarsko-Srijemska Zupanija,65,62,65,62
Croatia,HR,2020,Region,Zadarska Zupanija,43,57,60,53
Croatia,HR,2020,Region,Zagreba?Ka Zupanija,69,73,76,72
Croatia,HR,2020,Religion,Muslim,50,50,40,50
Croatia,HR,2020,Religion,Christian,60,66,72,63
Croatia,HR,2020,Religion,Jewish,100,100,100,100
Croatia,HR,2020,Religion,Other,43,50,60,47
Croatia,HR,2020,Religion,Atheist/agnostic ,71,82,89,75
Croatia,HR,2023,Age,18-24,62,46,57,53
Croatia,HR,2023,Age,25-34,50,48,52,52
Croatia,HR,2023,Age,35-44,52,50,59,57
Croatia,HR,2023,Age,45-54,64,53,66,71
Croatia,HR,2023,Age,55,68,56,64,71
Croatia,HR,2023,Education,Don't know/ Refused,75,25,50,50
Croatia,HR,2023,Education,Primary and below,31,0,8,23
Croatia,HR,2023,Education,Secondary and Vocational,58,49,57,60
Croatia,HR,2023,Education,University and above,66,59,67,70
Croatia,HR,2023,Gender,Male,62,54,63,67
Croatia,HR,2023,Gender,Female,61,51,58,61
Croatia,HR,2023,Religion,Atheist/agnostic,71,65,71,70
Croatia,HR,2023,Religion,Buddhist,100,100,100,100
Croatia,HR,2023,Religion,Christian,60,50,59,63
Croatia,HR,2023,Religion,Don't know/ Refused,52,57,62,57
Croatia,HR,2023,Religion,Jewish,0,0,0,0
Croatia,HR,2023,Religion,Muslim,30,30,40,50
Croatia,HR,2023,Religion,Other,29,29,29,29
Cyprus,CY,2018,Age,18-24,57,38,43,
Cyprus,CY,2018,Age,25-34,62,43,51,
Cyprus,CY,2018,Age,35-44,60,44,53,
Cyprus,CY,2018,Age,45-54,51,42,47,
Cyprus,CY,2018,Age,55-64,52,43,49,
Cyprus,CY,2018,Age,65,60,41,43,
Cyprus,CY,2018,Education,Primary and below,55,40,41,
Cyprus,CY,2018,Education,Secondary and Vocational,52,37,42,
Cyprus,CY,2018,Education,University and above,69,52,62,
Cyprus,CY,2018,Gender,Male,53,38,45,
Cyprus,CY,2018,Gender,Female,61,45,50,
Cyprus,CY,2018,Religion,Muslim,58,44,44,
Cyprus,CY,2018,Religion,Christian,57,41,47,
Cyprus,CY,2018,Religion,Atheist/agnostic,73,62,63,
Cyprus,CY,2018,Religion,Buddhist,36,36,36,
Cyprus,CY,2018,Religion,Jewish,100,100,100,
Cyprus,CY,2018,Religion,Other,23,15,23,
Cyprus,CY,2020,Age,18-24,79,79,82,76
Cyprus,CY,2020,Age,25-34,81,82,83,81
Cyprus,CY,2020,Age,35-44,78,79,82,88
Cyprus,CY,2020,Age,45-54,97,94,97,91
Cyprus,CY,2020,Age,55-64,91,73,73,73
Cyprus,CY,2020,Education,Primary and below,100,0,100,100
Cyprus,CY,2020,Education,Secondary and Vocational,87,82,80,80
Cyprus,CY,2020,Education,University and above,81,83,85,85
Cyprus,CY,2020,Gender,Male,81,83,83,79
Cyprus,CY,2020,Gender,Female,83,81,85,88
Cyprus,CY,2020,Gender,Prefer not to say,100,100,100,100
Cyprus,CY,2020,Region,Ammochostos,75,63,75,69
Cyprus,CY,2020,Region,Larnaca,84,81,79,77
Cyprus,CY,2020,Region,Limassol,70,70,75,75
Cyprus,CY,2020,Region,Nicosia,87,88,89,87
Cyprus,CY,2020,Region,Paphos,70,73,80,90
Cyprus,CY,2020,Religion,Muslim,84,88,88,89
Cyprus,CY,2020,Religion,Christian,78,71,81,76
Cyprus,CY,2020,Religion,Other,100,100,100,50
Cyprus,CY,2020,Religion,Atheist/agnostic ,94,89,78,78
Czech Republic,CZ,2015,Age,18-24,92,81,88,70
Czech Republic,CZ,2015,Age,25-34,87,74,86,73
Czech Republic,CZ,2015,Age,35-44,91,86,88,73
Czech Republic,CZ,2015,Age,45-54,92,85,89,75
Czech Republic,CZ,2015,Age,55-64,93,89,88,75
Czech Republic,CZ,2015,Age,65,89,82,86,74
Czech Republic,CZ,2015,Education,Primary and below,92,86,90,64
Czech Republic,CZ,2015,Education,Secondary and Vocational,91,84,87,74
Czech Republic,CZ,2015,Education,University and above,90,77,88,76
Czech Republic,CZ,2015,Employment,Employed,91,85,88,75
Czech Republic,CZ,2015,Employment,Homemaker/other,89,80,87,72
Czech Republic,CZ,2015,Employment,Student,90,80,90,72
Czech Republic,CZ,2015,Employment,Unemployed,88,76,81,61
Czech Republic,CZ,2015,Gender,Male,90,83,86,74
Czech Republic,CZ,2015,Gender,Female,91,83,89,73
Czech Republic,CZ,2015,Religion,Christian,92,82,87,78
Czech Republic,CZ,2015,Religion,Atheist/agnostic,91,85,88,72
Czech Republic,CZ,2015,Religion,Buddhist,24,24,24,24
Czech Republic,CZ,2015,Religion,Jewish,100,100,100,100
Czech Republic,CZ,2015,Religion,Other,70,61,70,60
Czech Republic,CZ,2018,Age,18-24,68,51,60,
Czech Republic,CZ,2018,Age,25-34,74,58,74,
Czech Republic,CZ,2018,Age,35-44,84,66,78,
Czech Republic,CZ,2018,Age,45-54,83,62,78,
Czech Republic,CZ,2018,Age,55-64,83,65,77,
Czech Republic,CZ,2018,Age,65,82,72,79,
Czech Republic,CZ,2018,Education,Primary and below,69,57,63,
Czech Republic,CZ,2018,Education,Secondary and Vocational,81,63,76,
Czech Republic,CZ,2018,Education,University and above,89,66,83,
Czech Republic,CZ,2018,Gender,Male,78,62,74,
Czech Republic,CZ,2018,Gender,Female,81,63,75,
Czech Republic,CZ,2018,Religion,Muslim,0,100,100,
Czech Republic,CZ,2018,Religion,Christian,80,56,76,
Czech Republic,CZ,2018,Religion,Atheist/agnostic,79,64,75,
Czech Republic,CZ,2018,Religion,Buddhist,12,12,12,
Czech Republic,CZ,2018,Religion,Other,0,0,100,
Czech Republic,CZ,2019,Age,18-24,87,78,82,72
Czech Republic,CZ,2019,Age,25-34,84,80,86,77
Czech Republic,CZ,2019,Age,35-44,89,86,87,75
Czech Republic,CZ,2019,Age,45-54,89,85,88,81
Czech Republic,CZ,2019,Age,55-64,91,87,86,74
Czech Republic,CZ,2019,Age,65,90,88,90,83
Czech Republic,CZ,2019,Education,Primary and below,84,78,75,74
Czech Republic,CZ,2019,Education,Secondary and Vocational,89,84,87,77
Czech Republic,CZ,2019,Education,University and above,92,91,93,85
Czech Republic,CZ,2019,Employment,Employed,89,85,87,77
Czech Republic,CZ,2019,Employment,Homemaker/other,89,86,88,81
Czech Republic,CZ,2019,Employment,Student,92,80,90,76
Czech Republic,CZ,2019,Employment,Unemployed,75,83,75,83
Czech Republic,CZ,2019,Gender,Male,85,84,85,74
Czech Republic,CZ,2019,Gender,Female,92,86,89,81
Czech Republic,CZ,2019,Religion,Christian,91,88,88,83
Czech Republic,CZ,2019,Religion,Atheist/agnostic,88,84,87,75
Czech Republic,CZ,2019,Religion,Buddhist,25,25,25,25
Czech Republic,CZ,2019,Religion,Jewish,100,100,100,50
Czech Republic,CZ,2019,Religion,Other,80,80,80,73
Czech Republic,CZ,2020,Age,18-24,65,67,73,65
Czech Republic,CZ,2020,Age,25-34,71,65,70,70
Czech Republic,CZ,2020,Age,35-44,76,71,76,69
Czech Republic,CZ,2020,Age,45-54,79,71,74,68
Czech Republic,CZ,2020,Age,55-64,80,75,78,75
Czech Republic,CZ,2020,Age,65,79,72,76,74
Czech Republic,CZ,2020,Education,Primary and below,74,66,69,62
Czech Republic,CZ,2020,Education,Secondary and Vocational,75,70,76,72
Czech Republic,CZ,2020,Education,University and above,83,82,84,86
Czech Republic,CZ,2020,Gender,Male,77,73,77,73
Czech Republic,CZ,2020,Gender,Female,76,69,73,68
Czech Republic,CZ,2020,Gender,Other,20,40,20,40
Czech Republic,CZ,2020,Gender,Prefer not to say,50,50,50,0
Czech Republic,CZ,2020,Region,Hlavni M?Sto Praha,80,77,81,77
Czech Republic,CZ,2020,Region,Jiho?Esky Kraj,80,68,68,73
Czech Republic,CZ,2020,Region,Jihomoravsky Kraj,76,68,75,73
Czech Republic,CZ,2020,Region,Karlovarsky Kraj,80,77,83,83
Czech Republic,CZ,2020,Region,Kraj Vyso?Ina,78,67,74,76
Czech Republic,CZ,2020,Region,Kralovehradecky Kraj,69,69,70,69
Czech Republic,CZ,2020,Region,Liberecky Kraj,81,77,81,74
Czech Republic,CZ,2020,Region,Moravskoslezsky Kraj,72,67,72,66
Czech Republic,CZ,2020,Region,Olomoucky Kraj,71,63,68,63
Czech Republic,CZ,2020,Region,Pardubicky Kraj,78,80,80,78
Czech Republic,CZ,2020,Region,Plze?Sky Kraj,78,65,69,59
Czech Republic,CZ,2020,Region,St?Edo?Esky Kraj,74,74,80,71
Czech Republic,CZ,2020,Region,Ustecky Kraj,79,71,71,63
Czech Republic,CZ,2020,Region,Zlinsky Kraj,69,62,69,62
Czech Republic,CZ,2020,Religion,Muslim,86,86,86,86
Czech Republic,CZ,2020,Religion,Christian,73,69,74,75
Czech Republic,CZ,2020,Religion,Jewish,71,53,59,76
Czech Republic,CZ,2020,Religion,Other,79,73,70,67
Czech Republic,CZ,2020,Religion,Atheist/agnostic ,79,74,77,72
Denmark,DK,2015,Age,18-24,87,81,84,79
Denmark,DK,2015,Age,25-34,95,95,90,84
Denmark,DK,2015,Age,35-44,90,89,89,88
Denmark,DK,2015,Age,45-54,90,83,86,86
Denmark,DK,2015,Age,55-64,90,89,87,88
Denmark,DK,2015,Age,65,98,97,98,87
Denmark,DK,2015,Education,Primary and below,88,86,85,81
Denmark,DK,2015,Education,Secondary and Vocational,92,86,87,82
Denmark,DK,2015,Education,University and above,91,91,92,92
Denmark,DK,2015,Employment,Employed,90,87,86,86
Denmark,DK,2015,Employment,Homemaker/other,94,93,95,87
Denmark,DK,2015,Employment,Student,95,86,91,86
Denmark,DK,2015,Employment,Unemployed,74,77,80,77
Denmark,DK,2015,Gender,Male,87,85,86,82
Denmark,DK,2015,Gender,Female,95,90,91,88
Denmark,DK,2018,Age,18-24,92,72,87,
Denmark,DK,2018,Age,25-34,85,67,82,
Denmark,DK,2018,Age,35-44,89,68,85,
Denmark,DK,2018,Age,45-54,89,65,85,
Denmark,DK,2018,Age,55-64,88,68,78,
Denmark,DK,2018,Age,65,87,64,75,
Denmark,DK,2018,Education,Primary and below,82,62,73,
Denmark,DK,2018,Education,Secondary and Vocational,88,67,81,
Denmark,DK,2018,Education,University and above,92,71,88,
Denmark,DK,2018,Gender,Male,86,66,81,
Denmark,DK,2018,Gender,Female,91,68,82,
Denmark,DK,2018,Religion,Muslim,73,57,46,
Denmark,DK,2018,Religion,Christian,91,69,83,
Denmark,DK,2018,Religion,Atheist/agnostic,85,65,83,
Denmark,DK,2018,Religion,Buddhist,38,38,38,
Denmark,DK,2018,Religion,Hindu,100,100,100,
Denmark,DK,2018,Religion,Jewish,100,0,0,
Denmark,DK,2018,Religion,Other,72,37,64,
Denmark,DK,2020,Age,18-24,73,74,73,63
Denmark,DK,2020,Age,25-34,80,80,84,73
Denmark,DK,2020,Age,35-44,74,80,84,71
Denmark,DK,2020,Age,45-54,93,92,93,80
Denmark,DK,2020,Age,55-64,92,96,96,84
Denmark,DK,2020,Age,65,96,96,96,86
Denmark,DK,2020,Education,Primary and below,79,84,82,65
Denmark,DK,2020,Education,Secondary and Vocational,88,89,91,79
Denmark,DK,2020,Education,University and above,86,87,88,84
Denmark,DK,2020,Gender,Male,88,90,90,82
Denmark,DK,2020,Gender,Female,85,86,89,74
Denmark,DK,2020,Gender,Other,100,100,100,100
Denmark,DK,2020,Gender,Prefer not to say,67,33,67,100
Denmark,DK,2020,Region,Hovedstaden,86,88,88,81
Denmark,DK,2020,Region,Midtjylland,88,89,92,81
Denmark,DK,2020,Region,Nordjylland,87,88,91,76
Denmark,DK,2020,Region,Sjaelland,83,83,83,70
Denmark,DK,2020,Region,Syddanmark,88,90,91,77
Denmark,DK,2020,Religion,Muslim,64,73,73,66
Denmark,DK,2020,Religion,Christian,90,91,92,82
Denmark,DK,2020,Religion,Jewish,100,100,100,50
Denmark,DK,2020,Religion,Other,71,68,71,66
Denmark,DK,2020,Religion,Atheist/agnostic ,90,91,92,81
Denmark,DK,2023,Age,18-24,70,63,69,51
Denmark,DK,2023,Age,25-34,66,65,64,49
Denmark,DK,2023,Age,35-44,67,75,75,65
Denmark,DK,2023,Age,45-54,74,77,77,71
Denmark,DK,2023,Age,55,84,88,89,85
Denmark,DK,2023,Age,Don't know/ Refused,0,0,0,0
Denmark,DK,2023,Education,Don't know/ Refused,0,100,100,0
Denmark,DK,2023,Education,Primary and below,72,68,73,55
Denmark,DK,2023,Education,Secondary and Vocational,75,78,79,71
Denmark,DK,2023,Education,University and above,76,79,79,72
Denmark,DK,2023,Gender,Male,75,78,78,71
Denmark,DK,2023,Gender,Female,75,77,79,69
Denmark,DK,2023,Gender,Other,100,100,100,100
Denmark,DK,2023,Gender,Don't know/ Prefer not to say,0,0,0,0
Denmark,DK,2023,Religion,Atheist/agnostic,75,75,77,63
Denmark,DK,2023,Religion,Buddhist,50,50,50,50
Denmark,DK,2023,Religion,Christian,79,82,82,76
Denmark,DK,2023,Religion,Don't know/ Refused,57,68,61,57
Denmark,DK,2023,Religion,Hindu,63,63,88,38
Denmark,DK,2023,Religion,Jewish,50,67,33,67
Denmark,DK,2023,Religion,Muslim,57,66,71,54
Denmark,DK,2023,Religion,Other,52,58,61,55
Dominican Republic,DO,2018,Age,18-24,67,59,61,
Dominican Republic,DO,2018,Age,25-34,70,65,66,
Dominican Republic,DO,2018,Age,35-44,76,66,70,
Dominican Republic,DO,2018,Age,45-54,84,79,77,
Dominican Republic,DO,2018,Age,55-64,84,79,78,
Dominican Republic,DO,2018,Age,65,82,74,75,
Dominican Republic,DO,2018,Education,Primary and below,70,64,64,
Dominican Republic,DO,2018,Education,Secondary and Vocational,81,73,75,
Dominican Republic,DO,2018,Education,University and above,94,81,89,
Dominican Republic,DO,2018,Gender,Male,66,58,60,
Dominican Republic,DO,2018,Gender,Female,82,76,77,
Dominican Republic,DO,2018,Religion,Christian,77,69,71,
Dominican Republic,DO,2018,Religion,Atheist/agnostic,63,53,52,
Dominican Republic,DO,2018,Religion,Other,100,76,100,
DRC,CD,2015,Age,18-24,95,82,89,85
DRC,CD,2015,Age,25-34,94,83,89,81
DRC,CD,2015,Age,35-44,99,90,93,86
DRC,CD,2015,Age,45-54,92,83,87,79
DRC,CD,2015,Age,55-64,91,79,86,80
DRC,CD,2015,Age,65,90,80,87,80
DRC,CD,2015,Education,Primary and below,91,79,84,83
DRC,CD,2015,Education,Secondary and Vocational,95,83,89,78
DRC,CD,2015,Education,University and above,97,87,93,86
DRC,CD,2015,Employment,Employed,95,85,91,85
DRC,CD,2015,Employment,Homemaker/other,93,83,87,78
DRC,CD,2015,Employment,Student,95,81,90,83
DRC,CD,2015,Employment,Unemployed,93,82,88,81
DRC,CD,2015,Gender,Male,93,82,89,80
DRC,CD,2015,Gender,Female,95,85,89,84
DRC,CD,2015,Religion,Muslim,84,73,78,75
DRC,CD,2015,Religion,Christian,96,86,91,86
DRC,CD,2015,Religion,Atheist/agnostic,77,46,77,38
DRC,CD,2015,Religion,Buddhist,100,50,100,50
DRC,CD,2015,Religion,Hindu,100,0,100,100
DRC,CD,2015,Religion,Jewish,0,100,100,100
DRC,CD,2015,Religion,Other,87,77,79,69
DRC,CD,2020,Age,18-24,72,60,64,58
DRC,CD,2020,Age,25-34,76,67,71,63
DRC,CD,2020,Age,35-44,72,65,68,58
DRC,CD,2020,Age,45-54,73,69,65,58
DRC,CD,2020,Age,55-64,78,72,76,58
DRC,CD,2020,Age,65,74,70,73,64
DRC,CD,2020,Education,Primary and below,71,71,65,50
DRC,CD,2020,Education,Secondary and Vocational,72,63,66,58
DRC,CD,2020,Education,University and above,69,56,62,48
DRC,CD,2020,Employment,Employed,70,66,61,57
DRC,CD,2020,Employment,Homemaker/other,83,76,74,60
DRC,CD,2020,Employment,Student,79,60,66,57
DRC,CD,2020,Employment,Unemployed,77,65,73,63
DRC,CD,2020,Gender,Male,72,61,65,58
DRC,CD,2020,Gender,Female,78,71,73,60
DRC,CD,2020,Region,Bandundu,82,70,75,62
DRC,CD,2020,Region,Equateur,64,60,60,57
DRC,CD,2020,Region,Kasai Occidental,76,72,78,65
DRC,CD,2020,Region,Kasai Oriental,90,87,85,84
DRC,CD,2020,Region,Katanga,81,69,75,65
DRC,CD,2020,Region,Kinshasa,75,64,62,46
DRC,CD,2020,Region,Kongo Central,68,59,62,50
DRC,CD,2020,Region,Maniema,59,56,59,81
DRC,CD,2020,Region,Nord Kivu,75,66,70,62
DRC,CD,2020,Region,Province Oriental,54,50,54,47
DRC,CD,2020,Region,Sud Kivu,80,67,72,55
DRC,CD,2020,Religion,Muslim,75,50,42,67
DRC,CD,2020,Religion,Christian,74,66,68,59
DRC,CD,2020,Religion,Atheist/agnostic,100,100,100,100
DRC,CD,2020,Religion,Buddhist,100,0,100,100
DRC,CD,2020,Religion,Hindu,100,100,100,100
DRC,CD,2020,Religion,Other,89,31,39,22
DRC,CD,2022,Age,18-24,72,65,66,61
DRC,CD,2022,Age,25-34,72,64,63,61
DRC,CD,2022,Age,35-44,76,65,66,61
DRC,CD,2022,Age,45-54,72,66,69,66
DRC,CD,2022,Age,55-64,70,63,64,69
DRC,CD,2022,Age,65,73,69,63,60
DRC,CD,2022,Education,Primary and below,68,65,63,63
DRC,CD,2022,Education,Secondary and Vocational,72,64,64,62
DRC,CD,2022,Education,University and above,75,67,67,63
DRC,CD,2022,Employment,Employed,74,67,67,65
DRC,CD,2022,Employment,Homemaker/other,69,66,63,62
DRC,CD,2022,Employment,Student,72,66,68,62
DRC,CD,2022,Employment,Unemployed,72,61,63,59
DRC,CD,2022,Gender,Male,72,64,65,62
DRC,CD,2022,Gender,Female,73,66,65,63
DRC,CD,2022,Gender,Other,100,100,100,0
DRC,CD,2022,Region,Bandundu,67,64,62,57
DRC,CD,2022,Region,Equateur,83,78,81,72
DRC,CD,2022,Region,Kasai Occidental,74,70,70,58
DRC,CD,2022,Region,Kasai Oriental,84,79,78,80
DRC,CD,2022,Region,Katanga,73,70,67,66
DRC,CD,2022,Region,Kinshasa,71,66,66,69
DRC,CD,2022,Region,Kongo Central,59,52,54,60
DRC,CD,2022,Region,Maniema,75,63,68,53
DRC,CD,2022,Region,Nord Kivu,81,59,63,72
DRC,CD,2022,Region,Province Oriental,60,53,54,45
DRC,CD,2022,Region,Sud Kivu,80,58,58,47
DRC,CD,2022,Religion,Muslim,70,56,61,59
DRC,CD,2022,Religion,Christian,72,65,65,62
DRC,CD,2022,Religion,Other,78,70,72,70
DRC,CD,2023,Age,18-24,87,74,79,69
DRC,CD,2023,Age,25-34,87,75,76,78
DRC,CD,2023,Age,35-44,88,78,80,77
DRC,CD,2023,Age,45-54,89,73,83,80
DRC,CD,2023,Age,55,88,81,81,83
DRC,CD,2023,Age,Don't know/ Refused,100,50,0,50
DRC,CD,2023,Education,Don't know/ Refused,85,77,69,69
DRC,CD,2023,Education,Primary and below,93,88,86,86
DRC,CD,2023,Education,Secondary and Vocational,85,75,79,76
DRC,CD,2023,Education,University and above,89,74,78,74
DRC,CD,2023,Gender,Male,86,73,75,75
DRC,CD,2023,Gender,Female,89,77,82,76
DRC,CD,2023,Religion,Atheist/agnostic,50,25,50,75
DRC,CD,2023,Religion,Buddhist,100,50,50,50
DRC,CD,2023,Religion,Christian,87,76,79,75
DRC,CD,2023,Religion,Don't know/ Refused,95,76,74,76
DRC,CD,2023,Religion,Muslim,88,76,74,74
DRC,CD,2023,Religion,Other,91,74,86,90
Ecuador,EC,2015,Age,18-24,100,95,96,77
Ecuador,EC,2015,Age,25-34,100,97,98,79
Ecuador,EC,2015,Age,35-44,99,97,95,83
Ecuador,EC,2015,Age,45-54,99,95,96,81
Ecuador,EC,2015,Age,55-64,94,90,92,72
Ecuador,EC,2015,Age,65,97,93,91,82
Ecuador,EC,2015,Education,Primary and below,98,94,94,82
Ecuador,EC,2015,Education,Secondary and Vocational,99,95,95,81
Ecuador,EC,2015,Education,University and above,99,96,97,73
Ecuador,EC,2015,Employment,Employed,98,94,95,77
Ecuador,EC,2015,Employment,Homemaker/other,99,97,97,86
Ecuador,EC,2015,Employment,Student,100,96,99,72
Ecuador,EC,2015,Employment,Unemployed,99,95,94,77
Ecuador,EC,2015,Gender,Male,98,95,95,78
Ecuador,EC,2015,Gender,Female,99,96,96,81
Ecuador,EC,2015,Religion,Christian,99,95,96,80
Ecuador,EC,2015,Religion,Atheist/agnostic,100,94,100,74
Ecuador,EC,2015,Religion,Jewish,100,100,100,0
Ecuador,EC,2015,Religion,Other,93,93,90,77
Ecuador,EC,2018,Age,18-24,87,72,74,
Ecuador,EC,2018,Age,25-34,90,84,81,
Ecuador,EC,2018,Age,35-44,93,81,83,
Ecuador,EC,2018,Age,45-54,94,87,86,
Ecuador,EC,2018,Age,55-64,90,82,81,
Ecuador,EC,2018,Age,65,90,74,74,
Ecuador,EC,2018,Education,Primary and below,90,80,80,
Ecuador,EC,2018,Education,Secondary and Vocational,90,78,78,
Ecuador,EC,2018,Education,University and above,93,85,89,
Ecuador,EC,2018,Gender,Male,90,77,77,
Ecuador,EC,2018,Gender,Female,91,80,82,
Ecuador,EC,2018,Religion,Christian,90,80,80,
Ecuador,EC,2018,Religion,Atheist/agnostic,100,100,100,
Ecuador,EC,2018,Religion,Other,93,64,68,
Ecuador,EC,2019,Age,18-24,98,97,97,63
Ecuador,EC,2019,Age,25-34,98,91,93,72
Ecuador,EC,2019,Age,35-44,98,95,96,75
Ecuador,EC,2019,Age,45-54,97,93,92,81
Ecuador,EC,2019,Age,55-64,100,93,96,82
Ecuador,EC,2019,Age,65,100,100,98,83
Ecuador,EC,2019,Education,Primary and below,100,93,94,60
Ecuador,EC,2019,Education,Secondary and Vocational,98,94,95,74
Ecuador,EC,2019,Education,University and above,98,94,94,79
Ecuador,EC,2019,Employment,Employed,98,93,93,74
Ecuador,EC,2019,Employment,Homemaker/other,98,98,97,82
Ecuador,EC,2019,Employment,Student,100,98,98,69
Ecuador,EC,2019,Employment,Unemployed,97,95,97,59
Ecuador,EC,2019,Gender,Male,98,95,95,72
Ecuador,EC,2019,Gender,Female,98,94,94,75
Ecuador,EC,2019,Religion,Christian,98,94,95,75
Ecuador,EC,2019,Religion,Atheist/agnostic,100,100,100,57
Ecuador,EC,2020,Age,18-24,92,86,87,64
Ecuador,EC,2020,Age,25-34,90,82,84,71
Ecuador,EC,2020,Age,35-44,92,82,81,73
Ecuador,EC,2020,Age,45-54,84,76,79,70
Ecuador,EC,2020,Age,55-64,87,82,82,73
Ecuador,EC,2020,Age,65,82,76,76,65
Ecuador,EC,2020,Education,Primary and below,88,80,76,67
Ecuador,EC,2020,Education,Secondary and Vocational,90,82,85,67
Ecuador,EC,2020,Education,University and above,88,82,83,73
Ecuador,EC,2020,Employment,Employed,87,81,82,75
Ecuador,EC,2020,Employment,Homemaker/other,86,78,79,72
Ecuador,EC,2020,Employment,Student,92,87,87,63
Ecuador,EC,2020,Employment,Unemployed,87,78,81,68
Ecuador,EC,2020,Gender,Male,88,82,82,69
Ecuador,EC,2020,Gender,Female,89,81,83,70
Ecuador,EC,2020,Region,Amazonica,89,71,84,71
Ecuador,EC,2020,Region,Costa,87,81,81,71
Ecuador,EC,2020,Region,Sierra,90,83,83,68
Ecuador,EC,2020,Religion,Muslim,57,43,29,57
Ecuador,EC,2020,Religion,Christian,91,84,84,75
Ecuador,EC,2020,Religion,Atheist/agnostic,91,86,86,60
Ecuador,EC,2020,Religion,Buddhist,0,0,0,0
Ecuador,EC,2020,Religion,Hindu,50,100,50,50
Ecuador,EC,2020,Religion,Jewish,100,100,100,100
Ecuador,EC,2020,Religion,Other,89,80,85,63
Egypt,EG,2018,Age,18-24,97,95,94,
Egypt,EG,2018,Age,25-34,99,96,95,
Egypt,EG,2018,Age,35-44,99,99,96,
Egypt,EG,2018,Age,45-54,99,98,96,
Egypt,EG,2018,Age,55-64,100,96,95,
Egypt,EG,2018,Age,65,98,95,95,
Egypt,EG,2018,Education,Primary and below,99,95,93,
Egypt,EG,2018,Education,Secondary and Vocational,98,96,96,
Egypt,EG,2018,Education,University and above,100,98,96,
Egypt,EG,2018,Gender,Male,98,96,95,
Egypt,EG,2018,Gender,Female,99,96,95,
Egypt,EG,2018,Religion,Muslim,98,96,95,
Egypt,EG,2023,Age,18-24,72,77,77,80
Egypt,EG,2023,Age,25-34,82,78,80,85
Egypt,EG,2023,Age,35-44,81,84,86,89
Egypt,EG,2023,Age,45-54,78,79,81,84
Egypt,EG,2023,Age,55,84,83,84,90
Egypt,EG,2023,Education,Primary and below,80,77,77,87
Egypt,EG,2023,Education,Secondary and Vocational,77,79,80,87
Egypt,EG,2023,Education,University and above,80,82,83,85
Egypt,EG,2023,Gender,Male,78,81,81,86
Egypt,EG,2023,Gender,Female,80,80,82,86
Egypt,EG,2023,Religion,Christian,88,96,92,96
Egypt,EG,2023,Religion,Muslim,79,80,81,85
El Salvador,SV,2018,Age,18-24,90,73,76,
El Salvador,SV,2018,Age,25-34,92,75,78,
El Salvador,SV,2018,Age,35-44,86,72,74,
El Salvador,SV,2018,Age,45-54,91,71,80,
El Salvador,SV,2018,Age,55-64,85,67,77,
El Salvador,SV,2018,Age,65,90,74,69,
El Salvador,SV,2018,Education,Primary and below,88,74,76,
El Salvador,SV,2018,Education,Secondary and Vocational,90,69,74,
El Salvador,SV,2018,Education,University and above,95,80,88,
El Salvador,SV,2018,Gender,Male,89,72,75,
El Salvador,SV,2018,Gender,Female,89,72,77,
El Salvador,SV,2018,Religion,Muslim,100,100,100,
El Salvador,SV,2018,Religion,Christian,91,74,78,
El Salvador,SV,2018,Religion,Atheist/agnostic,82,59,61,
El Salvador,SV,2018,Religion,Buddhist,0,0,100,
El Salvador,SV,2018,Religion,Jewish,100,100,100,
El Salvador,SV,2018,Religion,Other,100,0,100,
Estonia,EE,2018,Age,18-24,65,46,50,
Estonia,EE,2018,Age,25-34,74,52,68,
Estonia,EE,2018,Age,35-44,70,44,56,
Estonia,EE,2018,Age,45-54,76,45,59,
Estonia,EE,2018,Age,55-64,70,49,57,
Estonia,EE,2018,Age,65,75,45,55,
Estonia,EE,2018,Education,Primary and below,62,40,46,
Estonia,EE,2018,Education,Secondary and Vocational,72,45,55,
Estonia,EE,2018,Education,University and above,78,52,68,
Estonia,EE,2018,Gender,Male,69,46,56,
Estonia,EE,2018,Gender,Female,75,47,59,
Estonia,EE,2018,Religion,Christian,74,47,57,
Estonia,EE,2018,Religion,Atheist/agnostic,72,49,61,
Estonia,EE,2018,Religion,Buddhist,21,0,21,
Estonia,EE,2018,Religion,Hindu,0,0,0,
Estonia,EE,2018,Religion,Other,52,23,31,
Estonia,EE,2020,Age,18-24,70,73,80,74
Estonia,EE,2020,Age,25-34,71,72,76,74
Estonia,EE,2020,Age,35-44,67,69,78,71
Estonia,EE,2020,Age,45-54,75,74,83,82
Estonia,EE,2020,Age,55-64,73,67,79,78
Estonia,EE,2020,Age,65,81,83,87,91
Estonia,EE,2020,Education,Primary and below,57,60,68,59
Estonia,EE,2020,Education,Secondary and Vocational,68,68,76,75
Estonia,EE,2020,Education,University and above,81,81,89,86
Estonia,EE,2020,Gender,Male,71,75,80,78
Estonia,EE,2020,Gender,Female,73,71,81,78
Estonia,EE,2020,Gender,Other,75,50,50,25
Estonia,EE,2020,Gender,Prefer not to say,100,67,100,100
Estonia,EE,2020,Region,Harju Maakond,75,74,83,79
Estonia,EE,2020,Region,Hiiu Maakond,29,57,86,86
Estonia,EE,2020,Region,Ida-Viru Maakond,60,64,62,62
Estonia,EE,2020,Region,Jarva Maakond,81,81,85,81
Estonia,EE,2020,Region,Jogeva Maakond,76,64,76,72
Estonia,EE,2020,Region,Laane-Viru Maakond,70,68,76,76
Estonia,EE,2020,Region,Laane Maakond,42,47,74,53
Estonia,EE,2020,Region,Parnu Maakond,76,69,80,73
Estonia,EE,2020,Region,Polva Maakond,63,74,74,79
Estonia,EE,2020,Region,Rapla Maakond,71,71,75,68
Estonia,EE,2020,Region,Saare Maakond,58,67,79,75
Estonia,EE,2020,Region,Tartu Maakond,77,80,86,91
Estonia,EE,2020,Region,Valga Maakond,83,83,87,87
Estonia,EE,2020,Region,Viljandi Maakond,66,66,79,74
Estonia,EE,2020,Region,Voru Maakond,71,71,71,71
Estonia,EE,2020,Religion,Muslim,83,100,100,67
Estonia,EE,2020,Religion,Christian,70,68,76,73
Estonia,EE,2020,Religion,Jewish,75,75,88,75
Estonia,EE,2020,Religion,Other,73,79,82,77
Estonia,EE,2020,Religion,Atheist/agnostic ,79,80,87,89
Estonia,EE,2023,Age,18-24,83,73,74,75
Estonia,EE,2023,Age,25-34,80,69,72,75
Estonia,EE,2023,Age,35-44,68,60,65,74
Estonia,EE,2023,Age,45-54,78,58,70,78
Estonia,EE,2023,Age,55,74,57,70,74
Estonia,EE,2023,Education,Don't know/ Refused,25,0,0,0
Estonia,EE,2023,Education,Primary and below,68,50,59,55
Estonia,EE,2023,Education,Secondary and Vocational,79,67,72,76
Estonia,EE,2023,Education,University and above,74,58,70,76
Estonia,EE,2023,Gender,Male,73,59,66,74
Estonia,EE,2023,Gender,Female,78,63,73,76
Estonia,EE,2023,Religion,Christian,62,49,54,64
Estonia,EE,2023,Religion,Don't know/ Refused,49,34,51,57
Estonia,EE,2023,Religion,Muslim,80,61,72,78
Estonia,EE,2023,Religion,Other,76,63,71,76
Ethiopia,ET,2015,Age,18-24,100,94,97,89
Ethiopia,ET,2015,Age,25-34,100,95,97,89
Ethiopia,ET,2015,Age,35-44,98,94,97,90
Ethiopia,ET,2015,Age,45-54,99,97,98,93
Ethiopia,ET,2015,Age,55-64,99,94,98,93
Ethiopia,ET,2015,Age,65,100,97,97,97
Ethiopia,ET,2015,Education,Primary and below,99,97,98,94
Ethiopia,ET,2015,Education,Secondary and Vocational,99,94,96,89
Ethiopia,ET,2015,Education,University and above,99,94,98,87
Ethiopia,ET,2015,Employment,Employed,99,94,97,89
Ethiopia,ET,2015,Employment,Homemaker/other,100,98,100,92
Ethiopia,ET,2015,Employment,Student,99,89,95,93
Ethiopia,ET,2015,Employment,Unemployed,100,98,98,93
Ethiopia,ET,2015,Gender,Male,99,92,96,88
Ethiopia,ET,2015,Gender,Female,100,97,98,92
Ethiopia,ET,2015,Religion,Muslim,98,96,98,96
Ethiopia,ET,2015,Religion,Christian,99,95,97,90
Ethiopia,ET,2015,Religion,Atheist/agnostic,100,67,100,67
Ethiopia,ET,2015,Religion,Other,100,100,100,86
Ethiopia,ET,2018,Age,18-24,97,94,94,
Ethiopia,ET,2018,Age,25-34,97,92,95,
Ethiopia,ET,2018,Age,35-44,97,93,96,
Ethiopia,ET,2018,Age,45-54,98,97,96,
Ethiopia,ET,2018,Age,55-64,96,95,96,
Ethiopia,ET,2018,Age,65,83,77,79,
Ethiopia,ET,2018,Education,Primary and below,96,93,94,
Ethiopia,ET,2018,Education,Secondary and Vocational,99,95,95,
Ethiopia,ET,2018,Education,University and above,99,85,95,
Ethiopia,ET,2018,Gender,Male,96,93,94,
Ethiopia,ET,2018,Gender,Female,97,94,95,
Ethiopia,ET,2018,Religion,Muslim,97,93,95,
Ethiopia,ET,2018,Religion,Christian,96,93,94,
Ethiopia,ET,2020,Age,18-24,96,81,89,79
Ethiopia,ET,2020,Age,25-34,97,83,88,80
Ethiopia,ET,2020,Age,35-44,98,86,91,82
Ethiopia,ET,2020,Age,45-54,97,89,89,82
Ethiopia,ET,2020,Age,55-64,97,84,90,82
Ethiopia,ET,2020,Age,65,94,83,84,87
Ethiopia,ET,2020,Education,Primary and below,97,87,90,84
Ethiopia,ET,2020,Education,Secondary and Vocational,96,82,89,85
Ethiopia,ET,2020,Education,University and above,97,79,85,77
Ethiopia,ET,2020,Employment,Employed,94,86,88,81
Ethiopia,ET,2020,Employment,Homemaker/other,96,84,87,83
Ethiopia,ET,2020,Employment,Student,97,77,86,76
Ethiopia,ET,2020,Employment,Unemployed,96,81,90,78
Ethiopia,ET,2020,Gender,Male,97,84,88,80
Ethiopia,ET,2020,Gender,Female,96,83,89,81
Ethiopia,ET,2020,Region,Addis Ababa,95,77,81,79
Ethiopia,ET,2020,Region,Afar,96,86,83,73
Ethiopia,ET,2020,Region,Amhara,99,91,91,76
Ethiopia,ET,2020,Region,Benishangul,96,86,91,64
Ethiopia,ET,2020,Region,Dire Dawa,100,87,97,50
Ethiopia,ET,2020,Region,Gambella,95,81,86,62
Ethiopia,ET,2020,Region,Harari,90,57,76,56
Ethiopia,ET,2020,Region,Oromia,95,77,90,83
Ethiopia,ET,2020,Region,Snnp,98,88,88,87
Ethiopia,ET,2020,Region,Somali,98,98,96,88
Ethiopia,ET,2020,Region,Tigray,98,92,96,90
Ethiopia,ET,2020,Religion,Muslim,97,82,90,87
Ethiopia,ET,2020,Religion,Christian,96,84,88,80
Ethiopia,ET,2020,Religion,Other,67,100,67,67
Ethiopia,ET,2023,Age,18-24,99,94,95,81
Ethiopia,ET,2023,Age,25-34,98,95,96,82
Ethiopia,ET,2023,Age,35-44,98,91,95,85
Ethiopia,ET,2023,Age,45-54,99,96,98,86
Ethiopia,ET,2023,Age,55,97,97,94,77
Ethiopia,ET,2023,Education,Don't know/ Refused,100,100,100,100
Ethiopia,ET,2023,Education,Primary and below,99,95,97,81
Ethiopia,ET,2023,Education,Secondary and Vocational,98,94,94,82
Ethiopia,ET,2023,Education,University and above,98,91,95,85
Ethiopia,ET,2023,Gender,Male,99,92,94,82
Ethiopia,ET,2023,Gender,Female,98,96,96,83
Ethiopia,ET,2023,Religion,Christian,98,92,93,82
Ethiopia,ET,2023,Religion,Don't know/ Refused,100,100,88,100
Ethiopia,ET,2023,Religion,Muslim,99,97,99,83
Fiji,FJ,2015,Age,18-24,91,85,85,74
Fiji,FJ,2015,Age,25-34,91,84,85,71
Fiji,FJ,2015,Age,35-44,86,82,81,74
Fiji,FJ,2015,Age,45-54,88,80,87,74
Fiji,FJ,2015,Age,55-64,88,80,80,72
Fiji,FJ,2015,Age,65,84,85,92,77
Fiji,FJ,2015,Education,Primary and below,85,78,81,72
Fiji,FJ,2015,Education,Secondary and Vocational,88,84,83,71
Fiji,FJ,2015,Education,University and above,93,84,89,77
Fiji,FJ,2015,Employment,Employed,89,81,84,73
Fiji,FJ,2015,Employment,Homemaker/other,88,84,81,73
Fiji,FJ,2015,Employment,Student,91,85,86,74
Fiji,FJ,2015,Employment,Unemployed,86,83,85,74
Fiji,FJ,2015,Gender,Male,88,82,85,74
Fiji,FJ,2015,Gender,Female,89,83,83,72
Fiji,FJ,2015,Religion,Muslim,91,89,90,80
Fiji,FJ,2015,Religion,Christian,87,79,82,70
Fiji,FJ,2015,Religion,Atheist/agnostic,100,73,64,54
Fiji,FJ,2015,Religion,Buddhist,100,100,100,50
Fiji,FJ,2015,Religion,Hindu,91,86,87,75
Fiji,FJ,2021,Education,Primary and below,78,91,91,61
Fiji,FJ,2021,Education,Secondary and Vocational,75,90,85,61
Fiji,FJ,2021,Education,University and above,73,91,86,57
Fiji,FJ,2021,Employment,Employed,75,90,88,61
Fiji,FJ,2021,Employment,Homemaker/other,74,90,84,54
Fiji,FJ,2021,Employment,Student,83,98,93,74
Fiji,FJ,2021,Employment,Unemployed,71,90,83,56
Fiji,FJ,2021,Gender,Male,79,90,90,60
Fiji,FJ,2021,Gender,Female,70,91,83,59
Finland,FI,2015,Age,18-24,97,93,95,85
Finland,FI,2015,Age,25-34,95,86,89,75
Finland,FI,2015,Age,35-44,96,96,95,88
Finland,FI,2015,Age,45-54,98,97,97,87
Finland,FI,2015,Age,55-64,98,94,96,87
Finland,FI,2015,Age,65,98,97,97,88
Finland,FI,2015,Education,Primary and below,98,95,96,80
Finland,FI,2015,Education,Secondary and Vocational,97,93,96,85
Finland,FI,2015,Education,University and above,97,95,94,86
Finland,FI,2015,Employment,Employed,96,93,94,85
Finland,FI,2015,Employment,Homemaker/other,98,96,96,88
Finland,FI,2015,Employment,Student,98,95,97,81
Finland,FI,2015,Employment,Unemployed,98,91,92,86
Finland,FI,2015,Gender,Male,96,92,95,85
Finland,FI,2015,Gender,Female,98,95,95,85
Finland,FI,2015,Religion,Christian,98,96,97,93
Finland,FI,2015,Religion,Atheist/agnostic,96,93,93,75
Finland,FI,2015,Religion,Buddhist,100,100,100,100
Finland,FI,2015,Religion,Hindu,100,100,100,100
Finland,FI,2015,Religion,Other,94,76,79,71
Finland,FI,2018,Age,18-24,86,65,87,
Finland,FI,2018,Age,25-34,100,67,89,
Finland,FI,2018,Age,35-44,94,69,85,
Finland,FI,2018,Age,45-54,89,64,73,
Finland,FI,2018,Age,55-64,92,73,79,
Finland,FI,2018,Age,65,96,84,85,
Finland,FI,2018,Education,Primary and below,90,73,77,
Finland,FI,2018,Education,Secondary and Vocational,94,69,83,
Finland,FI,2018,Education,University and above,97,85,92,
Finland,FI,2018,Gender,Male,94,71,83,
Finland,FI,2018,Gender,Female,92,74,83,
Finland,FI,2018,Religion,Christian,94,73,82,
Finland,FI,2018,Religion,Atheist/agnostic,92,74,88,
Finland,FI,2018,Religion,Buddhist,100,100,100,
Finland,FI,2018,Religion,Other,73,38,76,
Finland,FI,2019,Age,18-24,97,96,96,92
Finland,FI,2019,Age,25-34,96,93,96,93
Finland,FI,2019,Age,35-44,94,91,97,93
Finland,FI,2019,Age,45-54,97,96,98,95
Finland,FI,2019,Age,55-64,98,96,99,95
Finland,FI,2019,Age,65,99,99,99,97
Finland,FI,2019,Education,Primary and below,96,93,95,91
Finland,FI,2019,Education,Secondary and Vocational,95,95,96,94
Finland,FI,2019,Education,University and above,98,97,99,96
Finland,FI,2019,Employment,Employed,97,95,97,96
Finland,FI,2019,Employment,Homemaker/other,99,98,99,95
Finland,FI,2019,Employment,Student,96,95,98,95
Finland,FI,2019,Employment,Unemployed,92,90,94,87
Finland,FI,2019,Gender,Male,97,96,97,94
Finland,FI,2019,Gender,Female,98,96,98,95
Finland,FI,2019,Religion,Muslim,100,100,100,100
Finland,FI,2019,Religion,Christian,97,97,98,96
Finland,FI,2019,Religion,Atheist/agnostic,98,95,98,95
Finland,FI,2019,Religion,Buddhist,100,100,100,100
Finland,FI,2019,Religion,Jewish,100,100,100,100
Finland,FI,2019,Religion,Other,96,93,93,91
Finland,FI,2020,Age,18-24,77,80,84,69
Finland,FI,2020,Age,25-34,85,83,83,67
Finland,FI,2020,Age,35-44,89,88,85,77
Finland,FI,2020,Age,45-54,89,88,91,82
Finland,FI,2020,Age,55-64,93,91,95,86
Finland,FI,2020,Age,65,96,95,94,89
Finland,FI,2020,Education,Primary and below,80,79,81,72
Finland,FI,2020,Education,Secondary and Vocational,89,88,90,79
Finland,FI,2020,Education,University and above,92,92,91,83
Finland,FI,2020,Gender,Male,88,88,89,81
Finland,FI,2020,Gender,Female,91,88,90,77
Finland,FI,2020,Gender,Other,67,67,67,67
Finland,FI,2020,Gender,Prefer not to say,75,75,50,50
Finland,FI,2020,Region,Aland,67,67,100,67
Finland,FI,2020,Region,Central Finland,89,85,87,87
Finland,FI,2020,Region,Central Ostrobothnia,86,79,79,71
Finland,FI,2020,Region,Etela-Savo,81,95,81,90
Finland,FI,2020,Region,Kainuu,94,94,69,94
Finland,FI,2020,Region,Kanta-Hame,85,85,85,64
Finland,FI,2020,Region,Kymenlaakso,91,91,94,70
Finland,FI,2020,Region,Lapland,74,74,79,65
Finland,FI,2020,Region,North Karelia,97,77,94,65
Finland,FI,2020,Region,North Ostrobothnia,95,91,92,89
Finland,FI,2020,Region,Ostrobothnia,95,79,89,68
Finland,FI,2020,Region,Paijat-Hame,95,92,87,82
Finland,FI,2020,Region,Pirkanmaa,87,89,91,84
Finland,FI,2020,Region,Pohjois-Savo,94,92,83,77
Finland,FI,2020,Region,Satakunta,90,95,100,88
Finland,FI,2020,Region,South Karelia,96,96,96,88
Finland,FI,2020,Region,South Ostrobothnia,81,86,83,75
Finland,FI,2020,Region,Uusimaa,90,90,92,81
Finland,FI,2020,Region,Varsinais-Suomi,84,84,87,67
Finland,FI,2020,Religion,Muslim,57,71,57,64
Finland,FI,2020,Religion,Christian,89,89,90,82
Finland,FI,2020,Religion,Jewish,100,75,100,88
Finland,FI,2020,Religion,Other,82,84,86,80
Finland,FI,2020,Religion,Atheist/agnostic ,96,91,92,79
Finland,FI,2023,Age,18-24,77,72,80,67
Finland,FI,2023,Age,25-34,76,73,76,73
Finland,FI,2023,Age,35-44,82,72,76,77
Finland,FI,2023,Age,45-54,86,77,80,78
Finland,FI,2023,Age,55,88,81,83,83
Finland,FI,2023,Age,Don't know/ Refused,50,50,100,100
Finland,FI,2023,Education,Don't know/ Refused,57,29,57,29
Finland,FI,2023,Education,Primary and below,81,75,79,67
Finland,FI,2023,Education,Secondary and Vocational,83,75,78,77
Finland,FI,2023,Education,University and above,86,81,85,85
Finland,FI,2023,Gender,Male,82,77,79,75
Finland,FI,2023,Gender,Female,85,76,81,81
Finland,FI,2023,Gender,Other,100,100,100,100
Finland,FI,2023,Religion,Atheist/agnostic,82,75,79,77
Finland,FI,2023,Religion,Buddhist,100,80,100,80
Finland,FI,2023,Religion,Christian,86,79,81,81
Finland,FI,2023,Religion,Don't know/ Refused,56,50,61,44
Finland,FI,2023,Religion,Hindu,50,100,100,50
Finland,FI,2023,Religion,Jewish,100,100,100,0
Finland,FI,2023,Religion,Muslim,61,78,83,72
Finland,FI,2023,Religion,Other,89,67,67,56
France,FR,2015,Age,18-24,82,42,69,70
France,FR,2015,Age,25-34,75,48,75,71
France,FR,2015,Age,35-44,84,51,81,78
France,FR,2015,Age,45-54,85,47,76,74
France,FR,2015,Age,55-64,85,52,77,76
France,FR,2015,Age,65,88,57,84,75
France,FR,2015,Education,Primary and below,84,51,74,60
France,FR,2015,Education,Secondary and Vocational,85,53,77,74
France,FR,2015,Education,University and above,83,49,79,79
France,FR,2015,Employment,Employed,83,51,78,74
France,FR,2015,Employment,Homemaker/other,87,53,81,75
France,FR,2015,Employment,Student,80,37,76,73
France,FR,2015,Employment,Unemployed,82,38,66,75
France,FR,2015,Gender,Male,83,55,78,74
France,FR,2015,Gender,Female,84,45,77,74
France,FR,2018,Age,18-24,80,40,63,
France,FR,2018,Age,25-34,70,50,63,
France,FR,2018,Age,35-44,70,47,69,
France,FR,2018,Age,45-54,77,47,73,
France,FR,2018,Age,55-64,74,43,63,
France,FR,2018,Age,65,73,47,63,
France,FR,2018,Education,Primary and below,59,33,48,
France,FR,2018,Education,Secondary and Vocational,74,45,64,
France,FR,2018,Education,University and above,82,57,82,
France,FR,2018,Gender,Male,79,50,69,
France,FR,2018,Gender,Female,70,42,63,
France,FR,2018,Religion,Muslim,62,22,56,
France,FR,2018,Religion,Christian,76,47,67,
France,FR,2018,Religion,Atheist/agnostic,74,48,68,
France,FR,2018,Religion,Buddhist,30,23,30,
France,FR,2018,Religion,Hindu,68,0,0,
France,FR,2018,Religion,Jewish,25,62,37,
France,FR,2018,Religion,Other,100,100,100,
France,FR,2019,Age,18-24,78,72,74,68
France,FR,2019,Age,25-34,81,68,79,68
France,FR,2019,Age,35-44,87,72,81,70
France,FR,2019,Age,45-54,83,63,79,66
France,FR,2019,Age,55-64,87,79,85,67
France,FR,2019,Age,65,94,81,88,70
France,FR,2019,Education,Primary and below,84,66,77,55
France,FR,2019,Education,Secondary and Vocational,86,71,80,67
France,FR,2019,Education,University and above,87,76,85,75
France,FR,2019,Employment,Employed,84,71,80,68
France,FR,2019,Employment,Homemaker/other,93,79,88,68
France,FR,2019,Employment,Student,80,70,74,69
France,FR,2019,Employment,Unemployed,82,66,78,67
France,FR,2019,Gender,Male,85,71,80,66
France,FR,2019,Gender,Female,87,74,84,70
France,FR,2020,Age,18-24,65,59,69,56
France,FR,2020,Age,25-34,67,65,73,68
France,FR,2020,Age,35-44,68,67,78,73
France,FR,2020,Age,45-54,72,73,79,74
France,FR,2020,Age,55-64,75,81,88,81
France,FR,2020,Age,65,81,81,86,83
France,FR,2020,Education,Primary and below,69,61,69,61
France,FR,2020,Education,Secondary and Vocational,70,70,78,71
France,FR,2020,Education,University and above,76,76,82,78
France,FR,2020,Employment,Employed,70,55,72,67
France,FR,2020,Employment,Homemaker/other,72,74,83,77
France,FR,2020,Employment,Student,69,71,84,63
France,FR,2020,Employment,Unemployed,68,66,76,61
France,FR,2020,Gender,Male,76,77,83,77
France,FR,2020,Gender,Female,70,69,78,72
France,FR,2020,Gender,Other,0,0,0,0
France,FR,2020,Gender,Prefer not to say,0,0,0,0
France,FR,2020,Region,Centre,71,76,88,71
France,FR,2020,Region,Auvergne-Rhone-Alpes,69,72,80,79
France,FR,2020,Region,Bourgogne-Franche-Comte,71,78,89,78
France,FR,2020,Region,Bretagne,73,68,78,74
France,FR,2020,Region,Centre-Val De Loire,69,67,79,67
France,FR,2020,Region,Corse,80,60,80,60
France,FR,2020,Region,Grand Est,63,67,72,70
France,FR,2020,Region,Hauts-De-France,69,63,76,67
France,FR,2020,Region,Ile-De-France,76,78,83,77
France,FR,2020,Region,Normandie,81,66,79,66
France,FR,2020,Region,Nouvelle-Aquitaine,73,66,74,71
France,FR,2020,Region,Occitanie,68,71,83,71
France,FR,2020,Region,Pays De La Loire,69,67,79,69
France,FR,2020,Region,Provence-Alpes-Cote D'azur,76,79,81,73
France,FR,2020,Region,Alsace,69,79,83,76
France,FR,2020,Region,Aquitaine,75,85,92,79
France,FR,2020,Region,Auvergne,90,80,95,80
France,FR,2020,Region,Basse Normandie,74,78,87,70
France,FR,2020,Region,Bourgogne,62,54,65,77
France,FR,2020,Region,Champagne-Ardenne,55,55,68,64
France,FR,2020,Region,Franche-Comte,68,58,79,84
France,FR,2020,Region,Haute-Normandie,72,72,79,79
France,FR,2020,Region,Languedoc-Roussillon,74,76,83,76
France,FR,2020,Region,Limousin,58,67,67,50
France,FR,2020,Region,Lorraine,76,78,81,78
France,FR,2020,Region,Midi-Pyrenees,80,78,80,76
France,FR,2020,Region,Nord-Pas-De-Calais,70,66,69,78
France,FR,2020,Region,Picardie,67,60,77,77
France,FR,2020,Region,Poitou Charentes,82,89,86,79
France,FR,2020,Region,Rhone-Alpes,74,78,80,80
France,FR,2020,Religion,Muslim,61,61,65,65
France,FR,2020,Religion,Christian,76,77,84,81
France,FR,2020,Religion,Atheist/agnostic,67,68,80,70
France,FR,2020,Religion,Buddhist,60,40,60,40
France,FR,2020,Religion,Hindu,100,100,50,100
France,FR,2020,Religion,Jewish,79,79,79,75
France,FR,2020,Religion,Other,74,71,80,60
France,FR,2020,Religion,Atheist/agnostic ,77,78,83,76
France,FR,2023,Age,18-24,61,50,63,58
France,FR,2023,Age,25-34,52,49,60,54
France,FR,2023,Age,35-44,65,59,64,61
France,FR,2023,Age,45-54,70,64,69,72
France,FR,2023,Age,55,76,68,73,70
France,FR,2023,Age,Don't know/ Refused,0,100,100,100
France,FR,2023,Education,Don't know/ Refused,50,43,57,14
France,FR,2023,Education,Primary and below,44,50,58,50
France,FR,2023,Education,Secondary and Vocational,68,60,66,64
France,FR,2023,Education,University and above,71,65,72,71
France,FR,2023,Gender,Male,69,65,71,71
France,FR,2023,Gender,Female,67,58,65,60
France,FR,2023,Gender,Other,100,100,100,67
France,FR,2023,Gender,Don't know/ Prefer not to say,100,100,100,100
France,FR,2023,Religion,Atheist/agnostic,73,61,70,66
France,FR,2023,Religion,Buddhist,38,50,75,75
France,FR,2023,Religion,Christian,68,65,69,67
France,FR,2023,Religion,Don't know/ Refused,58,48,58,52
France,FR,2023,Religion,Hindu,33,50,83,67
France,FR,2023,Religion,Jewish,50,83,67,67
France,FR,2023,Religion,Muslim,56,46,56,61
France,FR,2023,Religion,Other,58,50,54,58
Gabon,GA,2018,Age,18-24,89,58,75,
Gabon,GA,2018,Age,25-34,92,60,77,
Gabon,GA,2018,Age,35-44,96,65,79,
Gabon,GA,2018,Age,45-54,96,59,75,
Gabon,GA,2018,Age,55-64,77,68,70,
Gabon,GA,2018,Age,65,93,56,66,
Gabon,GA,2018,Education,Primary and below,88,61,71,
Gabon,GA,2018,Education,Secondary and Vocational,94,61,80,
Gabon,GA,2018,Education,University and above,96,49,74,
Gabon,GA,2018,Gender,Male,92,59,78,
Gabon,GA,2018,Gender,Female,90,61,74,
Gabon,GA,2018,Religion,Muslim,76,57,66,
Gabon,GA,2018,Religion,Christian,93,62,77,
Gabon,GA,2018,Religion,Atheist/agnostic,75,23,64,
Gabon,GA,2018,Religion,Buddhist,28,72,22,
Gabon,GA,2018,Religion,Other,85,22,53,
Gabon,GA,2020,Age,18-24,90,60,62,59
Gabon,GA,2020,Age,25-34,88,72,73,66
Gabon,GA,2020,Age,35-44,88,76,77,66
Gabon,GA,2020,Age,45-54,85,72,74,63
Gabon,GA,2020,Age,55-64,82,61,67,65
Gabon,GA,2020,Age,65,94,61,78,83
Gabon,GA,2020,Education,Primary and below,88,66,68,66
Gabon,GA,2020,Employment,Employed,87,73,76,68
Gabon,GA,2020,Employment,Homemaker/other,87,67,70,63
Gabon,GA,2020,Employment,Student,91,60,65,63
Gabon,GA,2020,Employment,Unemployed,86,70,71,54
Gabon,GA,2020,Gender,Male,88,70,72,66
Gabon,GA,2020,Gender,Female,89,67,69,62
Gabon,GA,2020,Region,Estuaire,94,76,78,72
Gabon,GA,2020,Region,Haut-Ogeoue,87,68,71,44
Gabon,GA,2020,Region,Moyen-Ogeoue,97,81,83,92
Gabon,GA,2020,Region,Ngounie,72,52,52,47
Gabon,GA,2020,Region,Nyanga,74,59,59,68
Gabon,GA,2020,Region,Ogeoue-Ivindo,90,69,72,54
Gabon,GA,2020,Region,Ogeoue-Lolo,78,51,62,54
Gabon,GA,2020,Region,Ogeoue-Maritime,95,56,56,73
Gabon,GA,2020,Region,Woleu-Ntem,69,59,56,45
Gabon,GA,2020,Religion,Christian,89,70,71,65
Gabon,GA,2020,Religion,Other,57,57,71,43
Gambia,GM,2018,Age,18-24,61,58,56,
Gambia,GM,2018,Age,25-34,78,75,74,
Gambia,GM,2018,Age,35-44,83,78,80,
Gambia,GM,2018,Age,45-54,86,79,81,
Gambia,GM,2018,Age,55-64,80,76,84,
Gambia,GM,2018,Age,65,80,76,71,
Gambia,GM,2018,Education,Primary and below,74,71,71,
Gambia,GM,2018,Education,Secondary and Vocational,71,64,64,
Gambia,GM,2018,Education,University and above,83,72,70,
Gambia,GM,2018,Gender,Male,69,67,66,
Gambia,GM,2018,Gender,Female,77,71,71,
Gambia,GM,2018,Religion,Muslim,73,69,69,
Gambia,GM,2018,Religion,Christian,61,54,53,
Georgia,GE,2015,Gender,No respose,3,32,39,23
Georgia,GE,2018,Age,18-24,74,57,64,
Georgia,GE,2018,Age,25-34,82,65,73,
Georgia,GE,2018,Age,35-44,83,65,73,
Georgia,GE,2018,Age,45-54,77,60,62,
Georgia,GE,2018,Age,55-64,84,64,73,
Georgia,GE,2018,Age,65,68,51,60,
Georgia,GE,2018,Education,Primary and below,67,59,67,
Georgia,GE,2018,Education,Secondary and Vocational,77,59,65,
Georgia,GE,2018,Education,University and above,83,62,71,
Georgia,GE,2018,Gender,Male,73,56,65,
Georgia,GE,2018,Gender,Female,82,64,69,
Georgia,GE,2018,Religion,Muslim,93,83,82,
Georgia,GE,2018,Religion,Christian,77,59,66,
Georgia,GE,2018,Religion,Atheist/agnostic,100,100,56,
Georgia,GE,2018,Religion,Jewish,100,38,38,
Georgia,GE,2018,Religion,Other,82,64,64,
Germany,DE,2015,Age,18-24,93,93,96,73
Germany,DE,2015,Age,25-34,89,83,85,69
Germany,DE,2015,Age,35-44,92,88,91,75
Germany,DE,2015,Age,45-54,90,84,88,77
Germany,DE,2015,Age,55-64,95,91,94,78
Germany,DE,2015,Age,65,100,89,94,87
Germany,DE,2015,Education,Primary and below,96,88,89,72
Germany,DE,2015,Education,Secondary and Vocational,91,88,90,74
Germany,DE,2015,Education,University and above,93,87,92,81
Germany,DE,2015,Employment,Employed,91,87,90,76
Germany,DE,2015,Gender,Male,92,87,90,76
Germany,DE,2015,Gender,Female,92,88,91,75
Germany,DE,2015,Religion,Muslim,50,67,67,33
Germany,DE,2015,Religion,Christian,94,90,92,84
Germany,DE,2015,Religion,Atheist/agnostic,93,87,93,75
Germany,DE,2015,Religion,Buddhist,90,90,100,80
Germany,DE,2015,Religion,Jewish,100,100,75,75
Germany,DE,2015,Religion,Other,64,55,61,48
Germany,DE,2018,Age,18-24,83,61,82,
Germany,DE,2018,Age,25-34,79,62,69,
Germany,DE,2018,Age,35-44,87,62,82,
Germany,DE,2018,Age,45-54,86,69,80,
Germany,DE,2018,Age,55-64,84,61,77,
Germany,DE,2018,Age,65,86,64,81,
Germany,DE,2018,Education,Primary and below,70,41,56,
Germany,DE,2018,Education,Secondary and Vocational,85,61,78,
Germany,DE,2018,Education,University and above,85,74,84,
Germany,DE,2018,Gender,Male,83,65,80,
Germany,DE,2018,Gender,Female,85,63,78,
Germany,DE,2018,Religion,Muslim,72,68,75,
Germany,DE,2018,Religion,Christian,86,66,79,
Germany,DE,2018,Religion,Atheist/agnostic,82,60,79,
Germany,DE,2018,Religion,Buddhist,0,0,0,
Germany,DE,2018,Religion,Hindu,100,100,100,
Germany,DE,2018,Religion,Jewish,100,0,0,
Germany,DE,2018,Religion,Other,100,100,100,
Germany,DE,2019,Age,18-24,86,80,86,66
Germany,DE,2019,Age,25-34,80,74,79,67
Germany,DE,2019,Age,35-44,90,84,88,73
Germany,DE,2019,Age,45-54,86,78,86,73
Germany,DE,2019,Age,55-64,94,90,93,78
Germany,DE,2019,Age,65,95,89,92,75
Germany,DE,2019,Education,Primary and below,87,83,85,71
Germany,DE,2019,Education,Secondary and Vocational,89,82,87,72
Germany,DE,2019,Education,University and above,91,85,91,75
Germany,DE,2019,Employment,Employed,87,82,86,74
Germany,DE,2019,Employment,Homemaker/other,93,85,90,71
Germany,DE,2019,Employment,Student,92,85,92,72
Germany,DE,2019,Employment,Unemployed,89,80,89,72
Germany,DE,2019,Gender,Male,89,84,87,74
Germany,DE,2019,Gender,Female,90,83,89,71
Germany,DE,2019,Religion,Muslim,68,68,70,48
Germany,DE,2019,Religion,Christian,92,85,90,81
Germany,DE,2019,Religion,Atheist/agnostic,93,87,91,69
Germany,DE,2019,Religion,Buddhist,80,60,80,80
Germany,DE,2019,Religion,Hindu,67,83,83,67
Germany,DE,2019,Religion,Jewish,67,67,100,67
Germany,DE,2019,Religion,Other,68,65,65,48
Germany,DE,2020,Age,18-24,67,69,79,71
Germany,DE,2020,Age,25-34,76,73,80,71
Germany,DE,2020,Age,35-44,77,80,82,74
Germany,DE,2020,Age,45-54,77,77,82,77
Germany,DE,2020,Age,55-64,82,80,86,82
Germany,DE,2020,Age,65,86,86,89,85
Germany,DE,2020,Education,Primary and below,63,65,78,58
Germany,DE,2020,Education,Secondary and Vocational,80,79,83,79
Germany,DE,2020,Education,University and above,83,83,89,85
Germany,DE,2020,Employment,Employed,75,71,80,71
Germany,DE,2020,Employment,Homemaker/other,83,82,85,78
Germany,DE,2020,Employment,Student,81,79,85,83
Germany,DE,2020,Employment,Unemployed,60,51,67,49
Germany,DE,2020,Gender,Male,80,81,84,80
Germany,DE,2020,Gender,Female,79,78,84,77
Germany,DE,2020,Gender,Other,50,50,50,50
Germany,DE,2020,Gender,Prefer not to say,100,100,100,100
Germany,DE,2020,Region,Baden-Wurttemberg,77,76,85,80
Germany,DE,2020,Region,Bayern,79,80,84,81
Germany,DE,2020,Region,Berlin,85,78,84,70
Germany,DE,2020,Region,Brandenburg,74,74,79,73
Germany,DE,2020,Region,Bremen,63,56,63,44
Germany,DE,2020,Region,Hamburg,81,86,79,74
Germany,DE,2020,Region,Hessen,75,76,85,80
Germany,DE,2020,Region,Mecklenburg-Vorpommern,80,75,78,78
Germany,DE,2020,Region,Niedersachsen,83,80,85,80
Germany,DE,2020,Region,Nordrhein-Westfalen,82,84,88,79
Germany,DE,2020,Region,Rheinland-Pfalz,75,77,79,79
Germany,DE,2020,Region,Saarland,88,79,92,96
Germany,DE,2020,Region,Sachsen,82,76,81,76
Germany,DE,2020,Region,Sachsen-Anhalt,79,76,81,69
Germany,DE,2020,Region,Schleswig-Holstein,77,79,89,84
Germany,DE,2020,Region,Thuringen,78,78,81,72
Germany,DE,2020,Religion,Muslim,59,58,67,57
Germany,DE,2020,Religion,Christian,80,82,86,84
Germany,DE,2020,Religion,Atheist/agnostic,82,79,83,70
Germany,DE,2020,Religion,Buddhist,43,43,29,43
Germany,DE,2020,Religion,Hindu,75,75,100,100
Germany,DE,2020,Religion,Jewish,50,40,67,40
Germany,DE,2020,Religion,Other,77,74,80,71
Germany,DE,2020,Religion,Atheist/agnostic ,88,84,93,88
Germany,DE,2023,Age,18-24,55,62,58,61
Germany,DE,2023,Age,25-34,58,53,60,58
Germany,DE,2023,Age,35-44,60,60,65,58
Germany,DE,2023,Age,45-54,72,75,75,70
Germany,DE,2023,Age,55,83,80,84,81
Germany,DE,2023,Age,Don't know/ Refused,0,0,0,0
Germany,DE,2023,Education,Don't know/ Refused,40,50,45,35
Germany,DE,2023,Education,Primary and below,71,66,74,66
Germany,DE,2023,Education,Secondary and Vocational,73,71,74,71
Germany,DE,2023,Education,University and above,72,71,76,75
Germany,DE,2023,Gender,Male,75,76,81,76
Germany,DE,2023,Gender,Female,69,65,68,65
Germany,DE,2023,Gender,Other,100,100,100,100
Germany,DE,2023,Gender,Don't know/ Prefer not to say,0,0,0,0
Germany,DE,2023,Religion,Atheist/agnostic,76,73,77,69
Germany,DE,2023,Religion,Buddhist,73,55,73,73
Germany,DE,2023,Religion,Christian,73,74,76,75
Germany,DE,2023,Religion,Don't know/ Refused,50,38,58,54
Germany,DE,2023,Religion,Hindu,50,33,33,33
Germany,DE,2023,Religion,Jewish,100,50,50,50
Germany,DE,2023,Religion,Muslim,58,60,65,60
Germany,DE,2023,Religion,Other,39,39,44,33
Ghana,GH,2015,Age,18-24,95,96,90,84
Ghana,GH,2015,Age,25-34,95,93,90,86
Ghana,GH,2015,Age,35-44,97,96,90,93
Ghana,GH,2015,Age,45-54,93,88,85,91
Ghana,GH,2015,Age,55-64,92,92,92,88
Ghana,GH,2015,Age,65,100,100,87,87
Ghana,GH,2015,Education,Primary and below,96,95,92,86
Ghana,GH,2015,Education,Secondary and Vocational,95,94,90,89
Ghana,GH,2015,Education,University and above,96,93,85,86
Ghana,GH,2015,Employment,Employed,94,94,88,88
Ghana,GH,2015,Employment,Homemaker/other,100,100,94,88
Ghana,GH,2015,Employment,Student,96,91,92,77
Ghana,GH,2015,Employment,Unemployed,98,91,92,92
Ghana,GH,2015,Gender,Male,95,92,91,86
Ghana,GH,2015,Gender,Female,96,96,89,89
Ghana,GH,2015,Religion,Muslim,97,95,97,85
Ghana,GH,2015,Religion,Christian,95,93,89,88
Ghana,GH,2015,Religion,Other,97,97,94,88
Ghana,GH,2018,Age,18-24,59,55,55,
Ghana,GH,2018,Age,25-34,67,58,60,
Ghana,GH,2018,Age,35-44,74,65,66,
Ghana,GH,2018,Age,45-54,72,68,66,
Ghana,GH,2018,Age,55-64,72,71,72,
Ghana,GH,2018,Age,65,64,60,64,
Ghana,GH,2018,Education,Primary and below,65,61,60,
Ghana,GH,2018,Education,Secondary and Vocational,67,60,62,
Ghana,GH,2018,Education,University and above,75,68,74,
Ghana,GH,2018,Gender,Male,66,60,60,
Ghana,GH,2018,Gender,Female,67,61,63,
Ghana,GH,2018,Religion,Muslim,78,73,75,
Ghana,GH,2018,Religion,Christian,64,58,58,
Ghana,GH,2018,Religion,Atheist/agnostic,47,47,22,
Ghana,GH,2018,Religion,Other,80,74,77,
Ghana,GH,2021,Gender,Female,61,69,69,0
Ghana,GH,2022,Age,18-24,53,68,70,52
Ghana,GH,2022,Age,25-34,62,69,72,58
Ghana,GH,2022,Age,35-44,59,67,70,61
Ghana,GH,2022,Age,45-54,56,66,68,65
Ghana,GH,2022,Age,55-64,60,73,71,64
Ghana,GH,2022,Age,65,66,71,74,58
Ghana,GH,2022,Education,Primary and below,53,64,66,62
Ghana,GH,2022,Education,Secondary and Vocational,58,70,72,56
Ghana,GH,2022,Education,University and above,68,69,73,56
Ghana,GH,2022,Employment,Employed,57,66,70,57
Ghana,GH,2022,Employment,Homemaker/other,66,75,76,83
Ghana,GH,2022,Employment,Student,57,67,66,46
Ghana,GH,2022,Employment,Unemployed,54,70,69,60
Ghana,GH,2022,Gender,Male,58,69,72,55
Ghana,GH,2022,Gender,Female,58,68,71,60
Ghana,GH,2022,Region,Central,57,75,79,54
Ghana,GH,2022,Region,Eastern,46,43,49,36
Ghana,GH,2022,Region,Western,75,78,79,66
Ghana,GH,2022,Region,Northern,67,75,76,79
Ghana,GH,2022,Region,Ashanti,43,60,62,39
Ghana,GH,2022,Region,Brong Ahafo,55,67,69,72
Ghana,GH,2022,Region,Greater Accra,46,58,62,52
Ghana,GH,2022,Region,Upper East,84,64,84,48
Ghana,GH,2022,Region,Upper West,94,97,97,78
Ghana,GH,2022,Region,Volta,70,82,83,81
Ghana,GH,2022,Religion,Muslim,63,70,71,71
Ghana,GH,2022,Religion,Christian,58,68,71,53
Ghana,GH,2022,Religion,Other,61,71,74,70
Ghana,GH,2023,Age,18-24,58,78,73,77
Ghana,GH,2023,Age,25-34,63,78,75,74
Ghana,GH,2023,Age,35-44,66,83,80,73
Ghana,GH,2023,Age,45-54,66,88,82,80
Ghana,GH,2023,Age,55,65,80,83,78
Ghana,GH,2023,Education,Don't know/ Refused,43,57,43,43
Ghana,GH,2023,Education,Primary and below,62,83,83,80
Ghana,GH,2023,Education,Secondary and Vocational,58,78,71,73
Ghana,GH,2023,Education,University and above,71,77,76,76
Ghana,GH,2023,Gender,Male,66,83,77,77
Ghana,GH,2023,Gender,Female,57,76,76,74
Ghana,GH,2023,Religion,Christian,58,80,75,74
Ghana,GH,2023,Religion,Don't know/ Refused,64,73,91,77
Ghana,GH,2023,Religion,Jewish,50,50,50,50
Ghana,GH,2023,Religion,Muslim,75,80,77,80
Greece,GR,2015,Age,18-24,89,70,82,56
Greece,GR,2015,Age,25-34,82,66,76,48
Greece,GR,2015,Age,35-44,82,71,78,60
Greece,GR,2015,Age,45-54,88,73,81,62
Greece,GR,2015,Age,55-64,90,75,85,69
Greece,GR,2015,Age,65,100,84,100,73
Greece,GR,2015,Education,Primary and below,81,70,81,61
Greece,GR,2015,Education,Secondary and Vocational,85,71,80,58
Greece,GR,2015,Education,University and above,87,72,81,60
Greece,GR,2015,Employment,Employed,85,72,82,60
Greece,GR,2015,Employment,Homemaker/other,91,74,86,72
Greece,GR,2015,Employment,Student,90,72,86,57
Greece,GR,2015,Employment,Unemployed,84,68,73,51
Greece,GR,2015,Gender,Male,86,70,80,60
Greece,GR,2015,Gender,Female,86,72,80,57
Greece,GR,2015,Religion,Muslim,100,100,0,0
Greece,GR,2015,Religion,Christian,87,73,82,65
Greece,GR,2015,Religion,Atheist/agnostic,89,71,84,36
Greece,GR,2015,Religion,Buddhist,77,77,77,23
Greece,GR,2015,Religion,Other,72,47,52,25
Greece,GR,2018,Age,18-24,90,71,78,
Greece,GR,2018,Age,25-34,86,70,76,
Greece,GR,2018,Age,35-44,91,79,88,
Greece,GR,2018,Age,45-54,92,76,80,
Greece,GR,2018,Age,55-64,88,75,80,
Greece,GR,2018,Age,65,92,77,82,
Greece,GR,2018,Education,Primary and below,90,75,77,
Greece,GR,2018,Education,Secondary and Vocational,88,73,80,
Greece,GR,2018,Education,University and above,98,82,91,
Greece,GR,2018,Gender,Male,88,71,78,
Greece,GR,2018,Gender,Female,92,79,84,
Greece,GR,2018,Religion,Muslim,83,58,68,
Greece,GR,2018,Religion,Christian,90,76,82,
Greece,GR,2018,Religion,Atheist/agnostic,95,61,67,
Greece,GR,2018,Religion,Buddhist,0,0,0,
Greece,GR,2018,Religion,Hindu,100,35,35,
Greece,GR,2020,Age,18-24,78,84,85,70
Greece,GR,2020,Age,25-34,76,71,78,65
Greece,GR,2020,Age,35-44,81,82,85,77
Greece,GR,2020,Age,45-54,83,78,82,77
Greece,GR,2020,Age,55-64,81,75,77,77
Greece,GR,2020,Age,65,88,88,89,88
Greece,GR,2020,Education,Primary and below,80,68,76,68
Greece,GR,2020,Education,Secondary and Vocational,80,77,80,74
Greece,GR,2020,Education,University and above,82,81,84,77
Greece,GR,2020,Gender,Male,80,80,84,76
Greece,GR,2020,Gender,Female,82,78,81,74
Greece,GR,2020,Gender,Other,0,0,50,100
Greece,GR,2020,Gender,Prefer not to say,100,100,0,0
Greece,GR,2020,Region,Perifereia Anatolikis Makedonias Kai Thrakis,86,79,84,71
Greece,GR,2020,Region,Perifereia Attikis,83,82,84,80
Greece,GR,2020,Region,Perifereia Boreioy Aigaioy,92,92,100,75
Greece,GR,2020,Region,Perifereia Dytikis Elladas,83,83,87,75
Greece,GR,2020,Region,Perifereia Dytikis Makedonias,85,77,88,69
Greece,GR,2020,Region,Perifereia Ionion Nison,87,87,87,80
Greece,GR,2020,Region,Perifereia Ipeiroy,86,86,79,69
Greece,GR,2020,Region,Perifereia Kentrikis Makedonias,77,76,81,69
Greece,GR,2020,Region,Perifereia Kritis,73,70,71,73
Greece,GR,2020,Region,Perifereia Notioy Aigaioy,69,72,79,59
Greece,GR,2020,Region,Perifereia Peloponnisos,75,76,76,80
Greece,GR,2020,Region,Perifereia Stereas Elladas,87,78,78,78
Greece,GR,2020,Region,Perifereia Thessalias,79,73,77,77
Greece,GR,2020,Religion,Muslim,100,100,83,50
Greece,GR,2020,Religion,Christian,81,78,83,76
Greece,GR,2020,Religion,Jewish,100,100,100,100
Greece,GR,2020,Religion,Other,63,50,63,44
Greece,GR,2020,Religion,Atheist/agnostic ,91,87,83,81
Greece,GR,2023,Age,18-24,69,62,67,48
Greece,GR,2023,Age,25-34,76,67,68,51
Greece,GR,2023,Age,35-44,72,70,72,54
Greece,GR,2023,Age,45-54,77,67,72,54
Greece,GR,2023,Age,55,75,64,71,54
Greece,GR,2023,Age,Don't know/ Refused,0,0,0,0
Greece,GR,2023,Education,Don't know/ Refused,50,75,75,100
Greece,GR,2023,Education,Primary and below,47,47,47,47
Greece,GR,2023,Education,Secondary and Vocational,70,61,66,45
Greece,GR,2023,Education,University and above,78,69,74,58
Greece,GR,2023,Gender,Male,73,66,71,54
Greece,GR,2023,Gender,Female,76,65,70,52
Greece,GR,2023,Gender,Other,100,100,100,50
Greece,GR,2023,Religion,Atheist/agnostic,77,71,74,51
Greece,GR,2023,Religion,Christian,74,65,70,53
Greece,GR,2023,Religion,Don't know/ Refused,63,50,56,44
Greece,GR,2023,Religion,Hindu,0,0,0,0
Greece,GR,2023,Religion,Muslim,80,80,60,60
Greece,GR,2023,Religion,Other,100,67,67,67
Guatemala,GT,2018,Age,18-24,77,68,66,
Guatemala,GT,2018,Age,25-34,81,71,69,
Guatemala,GT,2018,Age,35-44,90,84,83,
Guatemala,GT,2018,Age,45-54,88,82,81,
Guatemala,GT,2018,Age,55-64,91,74,82,
Guatemala,GT,2018,Age,65,88,81,83,
Guatemala,GT,2018,Education,Primary and below,85,77,76,
Guatemala,GT,2018,Education,Secondary and Vocational,81,71,70,
Guatemala,GT,2018,Education,University and above,85,78,84,
Guatemala,GT,2018,Gender,Male,80,71,69,
Guatemala,GT,2018,Gender,Female,86,77,78,
Guatemala,GT,2018,Religion,Christian,84,74,74,
Guatemala,GT,2018,Religion,Atheist/agnostic,80,74,66,
Guatemala,GT,2018,Religion,Jewish,100,100,100,
Guatemala,GT,2018,Religion,Other,59,59,38,
Guinea,GN,2018,Age,18-24,76,64,70,
Guinea,GN,2018,Age,25-34,73,60,68,
Guinea,GN,2018,Age,35-44,79,70,80,
Guinea,GN,2018,Age,45-54,79,72,78,
Guinea,GN,2018,Age,55-64,79,69,75,
Guinea,GN,2018,Age,65,78,68,72,
Guinea,GN,2018,Education,Primary and below,75,65,71,
Guinea,GN,2018,Education,Secondary and Vocational,83,73,79,
Guinea,GN,2018,Education,University and above,91,73,85,
Guinea,GN,2018,Gender,Male,79,66,75,
Guinea,GN,2018,Gender,Female,73,64,70,
Guinea,GN,2018,Religion,Muslim,76,65,72,
Guinea,GN,2018,Religion,Christian,88,76,87,
Guinea,GN,2018,Religion,Atheist/agnostic,56,72,72,
Guinea,GN,2018,Religion,Jewish,100,100,100,
Guinea,GN,2018,Religion,Other,0,31,31,
Haiti,HT,2018,Age,18-24,75,49,61,
Haiti,HT,2018,Age,25-34,73,56,67,
Haiti,HT,2018,Age,35-44,91,70,77,
Haiti,HT,2018,Age,45-54,81,62,75,
Haiti,HT,2018,Age,55-64,72,57,61,
Haiti,HT,2018,Age,65,66,52,57,
Haiti,HT,2018,Education,Primary and below,79,63,66,
Haiti,HT,2018,Education,Secondary and Vocational,75,51,68,
Haiti,HT,2018,Education,University and above,77,39,59,
Haiti,HT,2018,Gender,Male,73,53,64,
Haiti,HT,2018,Gender,Female,81,60,69,
Haiti,HT,2018,Religion,Christian,77,57,66,
Haiti,HT,2018,Religion,Atheist/agnostic,47,44,47,
Haiti,HT,2018,Religion,Other,90,50,81,
Honduras,HN,2018,Age,18-24,86,77,78,
Honduras,HN,2018,Age,25-34,90,82,83,
Honduras,HN,2018,Age,35-44,90,79,80,
Honduras,HN,2018,Age,45-54,93,87,86,
Honduras,HN,2018,Age,55-64,89,85,84,
Honduras,HN,2018,Age,65,89,79,75,
Honduras,HN,2018,Education,Primary and below,88,82,82,
Honduras,HN,2018,Education,Secondary and Vocational,88,78,78,
Honduras,HN,2018,Education,University and above,98,80,78,
Honduras,HN,2018,Gender,Male,84,74,76,
Honduras,HN,2018,Gender,Female,94,86,84,
Honduras,HN,2018,Religion,Christian,90,82,82,
Honduras,HN,2018,Religion,Atheist/agnostic,84,71,70,
Honduras,HN,2018,Religion,Other,100,100,100,
Hong Kong,HK,2015,Age,18-24,84,83,76,53
Hong Kong,HK,2015,Age,25-34,80,74,87,62
Hong Kong,HK,2015,Age,35-44,80,73,79,58
Hong Kong,HK,2015,Age,45-54,82,78,79,52
Hong Kong,HK,2015,Age,55-64,89,80,89,57
Hong Kong,HK,2015,Age,65,80,74,78,44
Hong Kong,HK,2015,Education,Primary and below,85,79,82,55
Hong Kong,HK,2015,Education,Secondary and Vocational,80,70,77,45
Hong Kong,HK,2015,Education,University and above,84,81,83,61
Hong Kong,HK,2015,Employment,Employed,82,76,82,56
Hong Kong,HK,2015,Employment,Homemaker/other,83,78,80,49
Hong Kong,HK,2015,Employment,Student,92,92,92,38
Hong Kong,HK,2015,Employment,Unemployed,71,57,71,29
Hong Kong,HK,2015,Gender,Male,80,75,79,55
Hong Kong,HK,2015,Gender,Female,84,77,83,53
Hong Kong,HK,2015,Religion,Muslim,75,25,25,50
Hong Kong,HK,2015,Religion,Christian,87,80,86,66
Hong Kong,HK,2015,Religion,Atheist/agnostic,80,74,78,47
Hong Kong,HK,2015,Religion,Buddhist,72,72,79,70
Hong Kong,HK,2015,Religion,Other,93,100,100,86
Hong Kong,HK,2019,Age,18-24,98,91,91,67
Hong Kong,HK,2019,Age,25-34,85,75,81,67
Hong Kong,HK,2019,Age,35-44,84,80,82,66
Hong Kong,HK,2019,Age,45-54,79,74,78,55
Hong Kong,HK,2019,Age,55-64,81,76,80,55
Hong Kong,HK,2019,Age,65,81,75,75,44
Hong Kong,HK,2019,Education,Primary and below,100,100,100,67
Hong Kong,HK,2019,Education,Secondary and Vocational,77,68,75,52
Hong Kong,HK,2019,Education,University and above,86,81,83,64
Hong Kong,HK,2019,Employment,Employed,84,77,81,61
Hong Kong,HK,2019,Employment,Homemaker/other,77,77,74,54
Hong Kong,HK,2019,Employment,Student,93,93,86,57
Hong Kong,HK,2019,Employment,Unemployed,82,73,73,73
Hong Kong,HK,2019,Gender,Male,85,81,84,65
Hong Kong,HK,2019,Gender,Female,82,74,78,56
Hong Kong,HK,2019,Religion,Muslim,100,100,100,100
Hong Kong,HK,2019,Religion,Christian,84,78,80,77
Hong Kong,HK,2019,Religion,Atheist/agnostic,86,78,83,57
Hong Kong,HK,2019,Religion,Buddhist,74,83,79,55
Hong Kong,HK,2019,Religion,Hindu,100,100,100,0
Hong Kong,HK,2019,Religion,Jewish,0,0,0,100
Hong Kong,HK,2019,Religion,Other,73,53,53,47
Hong Kong,HK,2023,Age,18-24,66,60,59,43
Hong Kong,HK,2023,Age,25-34,73,69,72,63
Hong Kong,HK,2023,Age,35-44,77,72,77,62
Hong Kong,HK,2023,Age,45-54,67,64,70,49
Hong Kong,HK,2023,Age,55,70,66,69,51
Hong Kong,HK,2023,Education,Don't know/ Refused,0,0,0,0
Hong Kong,HK,2023,Education,Primary and below,58,50,50,33
Hong Kong,HK,2023,Education,Secondary and Vocational,63,57,63,39
Hong Kong,HK,2023,Education,University and above,76,73,76,64
Hong Kong,HK,2023,Gender,Male,74,72,75,57
Hong Kong,HK,2023,Gender,Female,70,64,68,54
Hong Kong,HK,2023,Religion,Atheist/agnostic,68,64,68,48
Hong Kong,HK,2023,Religion,Buddhist,33,50,33,33
Hong Kong,HK,2023,Religion,Christian,71,67,72,58
Hong Kong,HK,2023,Religion,Don't know/ Refused,64,50,64,43
Hong Kong,HK,2023,Religion,Hindu,82,80,80,74
Hong Kong,HK,2023,Religion,Muslim,100,100,100,100
Hong Kong,HK,2023,Religion,Other,78,78,78,67
Hungary,HU,2018,Age,18-24,69,52,55,
Hungary,HU,2018,Age,25-34,89,75,77,
Hungary,HU,2018,Age,35-44,86,73,73,
Hungary,HU,2018,Age,45-54,90,72,77,
Hungary,HU,2018,Age,55-64,89,79,79,
Hungary,HU,2018,Age,65,92,83,82,
Hungary,HU,2018,Education,Primary and below,87,76,76,
Hungary,HU,2018,Education,Secondary and Vocational,88,72,75,
Hungary,HU,2018,Education,University and above,85,75,77,
Hungary,HU,2018,Gender,Male,84,70,71,
Hungary,HU,2018,Gender,Female,89,77,78,
Hungary,HU,2018,Religion,Muslim,0,0,0,
Hungary,HU,2018,Religion,Christian,88,75,77,
Hungary,HU,2018,Religion,Atheist/agnostic,82,69,71,
Hungary,HU,2018,Religion,Buddhist,100,100,100,
Hungary,HU,2018,Religion,Jewish,59,20,20,
Hungary,HU,2018,Religion,Other,91,76,67,
Hungary,HU,2020,Age,18-24,75,73,80,55
Hungary,HU,2020,Age,25-34,64,74,75,54
Hungary,HU,2020,Age,35-44,67,72,74,63
Hungary,HU,2020,Age,45-54,77,78,82,77
Hungary,HU,2020,Age,55-64,75,77,79,79
Hungary,HU,2020,Age,65,83,90,90,85
Hungary,HU,2020,Education,Primary and below,71,70,75,44
Hungary,HU,2020,Education,Secondary and Vocational,73,76,80,70
Hungary,HU,2020,Education,University and above,77,84,83,77
Hungary,HU,2020,Gender,Male,75,81,83,75
Hungary,HU,2020,Gender,Female,73,76,78,66
Hungary,HU,2020,Gender,Prefer not to say,100,100,100,100
Hungary,HU,2020,Region,Bacs-Kiskun Megye,69,72,74,80
Hungary,HU,2020,Region,Baranya Megye,74,74,79,62
Hungary,HU,2020,Region,Bekes Megye,76,82,82,79
Hungary,HU,2020,Region,Borsod-Abauj-Zemplen Megye,61,71,72,65
Hungary,HU,2020,Region,Budapest F?Varos,77,78,82,74
Hungary,HU,2020,Region,Csongrad Megye,73,82,77,59
Hungary,HU,2020,Region,Fejer Megye,85,79,85,77
Hungary,HU,2020,Region,Gy?R-Moson-Sopron Megye,71,83,86,81
Hungary,HU,2020,Region,Hajdu-Bihar Megye,74,74,79,60
Hungary,HU,2020,Region,Heves Megye,68,74,77,65
Hungary,HU,2020,Region,Jasz-Nagykun-Szolnok Megye,63,73,75,63
Hungary,HU,2020,Region,Komarom-Esztergom Megye,81,75,72,66
Hungary,HU,2020,Region,Nograd Megye,71,71,76,82
Hungary,HU,2020,Region,Pest Megye,78,86,86,72
Hungary,HU,2020,Region,Somogy Megye,75,81,81,75
Hungary,HU,2020,Region,Szabolcs-Szatmar-Bereg Megye,71,77,79,63
Hungary,HU,2020,Region,Tolna Megye,81,81,88,81
Hungary,HU,2020,Region,Vas Megye,89,81,85,78
Hungary,HU,2020,Region,Veszprem Megye,74,77,80,69
Hungary,HU,2020,Region,Zala Megye,72,83,90,66
Hungary,HU,2020,Religion,Christian,74,79,81,71
Hungary,HU,2020,Religion,Jewish,100,100,100,100
Hungary,HU,2020,Religion,Other,65,65,72,63
Hungary,HU,2020,Religion,Atheist/agnostic ,77,84,85,76
Hungary,HU,2023,Age,18-24,46,48,45,46
Hungary,HU,2023,Age,25-34,39,39,43,44
Hungary,HU,2023,Age,35-44,36,39,42,43
Hungary,HU,2023,Age,45-54,37,43,46,50
Hungary,HU,2023,Age,55,49,55,58,58
Hungary,HU,2023,Education,Don't know/ Refused,25,25,25,25
Hungary,HU,2023,Education,Primary and below,33,28,34,31
Hungary,HU,2023,Education,Secondary and Vocational,37,41,45,46
Hungary,HU,2023,Education,University and above,56,62,63,66
Hungary,HU,2023,Gender,Male,48,56,57,58
Hungary,HU,2023,Gender,Female,38,39,43,44
Hungary,HU,2023,Gender,Other,100,100,100,100
Hungary,HU,2023,Gender,Don't know/ Prefer not to say,0,0,0,0
Hungary,HU,2023,Religion,Atheist/agnostic,42,47,50,52
Hungary,HU,2023,Religion,Buddhist,60,80,60,60
Hungary,HU,2023,Religion,Christian,44,48,51,52
Hungary,HU,2023,Religion,Don't know/ Refused,30,22,33,22
Hungary,HU,2023,Religion,Hindu,67,33,100,100
Hungary,HU,2023,Religion,Muslim,50,50,50,50
Hungary,HU,2023,Religion,Other,41,34,41,38
Iceland,IS,2015,Age,18-24,88,74,82,38
Iceland,IS,2015,Age,25-34,87,82,87,56
Iceland,IS,2015,Age,35-44,93,86,93,59
Iceland,IS,2015,Age,45-54,94,86,92,70
Iceland,IS,2015,Age,55-64,95,90,95,72
Iceland,IS,2015,Age,65,93,86,93,77
Iceland,IS,2015,Education,Primary and below,96,83,93,66
Iceland,IS,2015,Education,Secondary and Vocational,98,92,98,66
Iceland,IS,2015,Education,University and above,98,94,97,69
Iceland,IS,2015,Employment,Employed,97,90,96,67
Iceland,IS,2015,Employment,Homemaker/other,98,88,95,76
Iceland,IS,2015,Employment,Student,100,91,100,58
Iceland,IS,2015,Employment,Unemployed,100,100,100,54
Iceland,IS,2015,Gender,Male,93,85,91,67
Iceland,IS,2015,Gender,Female,91,83,90,59
Iceland,IS,2015,Religion,Muslim,100,100,100,0
Iceland,IS,2015,Religion,Christian,98,91,97,73
Iceland,IS,2015,Religion,Atheist/agnostic,99,94,99,57
Iceland,IS,2015,Religion,Buddhist,100,76,100,100
Iceland,IS,2015,Religion,Hindu,100,0,0,0
Iceland,IS,2015,Religion,Jewish,100,100,100,100
Iceland,IS,2015,Religion,Other,94,85,92,58
Iceland,IS,2018,Age,18-24,95,47,93,
Iceland,IS,2018,Age,25-34,98,54,96,
Iceland,IS,2018,Age,35-44,97,67,98,
Iceland,IS,2018,Age,45-54,96,61,95,
Iceland,IS,2018,Age,55-64,96,69,94,
Iceland,IS,2018,Age,65,91,56,87,
Iceland,IS,2018,Education,Primary and below,93,52,91,
Iceland,IS,2018,Education,Secondary and Vocational,97,64,95,
Iceland,IS,2018,Education,University and above,97,65,98,
Iceland,IS,2018,Gender,Male,96,63,92,
Iceland,IS,2018,Gender,Female,95,55,95,
Iceland,IS,2018,Religion,Christian,96,59,94,
Iceland,IS,2018,Religion,Atheist/agnostic,96,61,97,
Iceland,IS,2018,Religion,Buddhist,100,27,100,
Iceland,IS,2018,Religion,Jewish,100,0,100,
Iceland,IS,2018,Religion,Other,84,84,84,
India,IN,2015,Age,18-24,90,84,86,72
India,IN,2015,Age,25-34,94,94,88,77
India,IN,2015,Age,35-44,92,81,84,72
India,IN,2015,Age,45-54,94,88,86,84
India,IN,2015,Age,55-64,98,95,98,52
India,IN,2015,Age,65,92,91,80,82
India,IN,2015,Education,Primary and below,92,87,86,76
India,IN,2015,Education,Secondary and Vocational,92,87,87,66
India,IN,2015,Education,University and above,97,93,92,70
India,IN,2015,Employment,Employed,96,91,92,83
India,IN,2015,Employment,Homemaker/other,81,82,65,59
India,IN,2015,Employment,Student,85,75,82,53
India,IN,2015,Gender,Male,90,83,84,72
India,IN,2015,Gender,Female,95,92,90,73
India,IN,2018,Age,18-24,91,89,87,
India,IN,2018,Age,25-34,87,86,86,
India,IN,2018,Age,35-44,84,85,85,
India,IN,2018,Age,45-54,85,82,82,
India,IN,2018,Age,55-64,89,86,86,
India,IN,2018,Age,65,90,88,83,
India,IN,2018,Education,Primary and below,87,85,84,
India,IN,2018,Education,Secondary and Vocational,90,88,88,
India,IN,2018,Education,University and above,84,81,80,
India,IN,2018,Gender,Male,88,87,86,
India,IN,2018,Gender,Female,88,86,85,
India,IN,2018,Religion,Muslim,90,88,87,
India,IN,2018,Religion,Christian,91,82,82,
India,IN,2018,Religion,Buddhist,73,70,68,
India,IN,2018,Religion,Hindu,89,88,87,
India,IN,2018,Religion,Other,38,30,28,
India,IN,2019,Age,18-24,96,94,94,65
India,IN,2019,Age,25-34,97,94,94,75
India,IN,2019,Age,35-44,95,96,94,70
India,IN,2019,Age,45-54,94,93,92,74
India,IN,2019,Age,55-64,95,93,93,79
India,IN,2019,Age,65,83,83,76,52
India,IN,2019,Education,Primary and below,92,93,89,75
India,IN,2019,Education,Secondary and Vocational,96,95,94,78
India,IN,2019,Education,University and above,97,95,95,67
India,IN,2019,Employment,Employed,96,95,94,76
India,IN,2019,Employment,Homemaker/other,95,95,92,67
India,IN,2019,Employment,Student,98,99,99,72
India,IN,2019,Employment,Unemployed,95,88,92,56
India,IN,2019,Gender,Male,95,93,93,72
India,IN,2019,Gender,Female,95,95,94,70
India,IN,2019,Religion,Muslim,94,94,95,72
India,IN,2019,Religion,Christian,67,86,67,57
India,IN,2019,Religion,Atheist/agnostic,100,100,100,100
India,IN,2019,Religion,Buddhist,80,80,80,40
India,IN,2019,Religion,Hindu,97,95,94,72
India,IN,2019,Religion,Other,100,67,100,50
India,IN,2020,Age,18-24,92,95,93,78
India,IN,2020,Age,25-34,95,92,91,79
India,IN,2020,Age,35-44,92,89,90,77
India,IN,2020,Age,45-54,91,91,91,78
India,IN,2020,Age,55-64,95,86,93,78
India,IN,2020,Age,65,93,91,86,73
India,IN,2020,Education,Primary and below,91,88,90,76
India,IN,2020,Education,Secondary and Vocational,93,90,88,79
India,IN,2020,Education,University and above,94,94,93,78
India,IN,2020,Employment,Employed,90,83,92,78
India,IN,2020,Employment,Homemaker/other,95,92,90,78
India,IN,2020,Employment,Student,87,92,91,74
India,IN,2020,Employment,Unemployed,93,91,86,84
India,IN,2020,Gender,Male,92,90,90,79
India,IN,2020,Gender,Female,94,92,92,76
India,IN,2020,Region,Andhra Pradesh,95,85,81,80
India,IN,2020,Region,Assam,96,88,74,70
India,IN,2020,Region,Bihar,94,93,95,79
India,IN,2020,Region,Chattisgarh,96,96,100,84
India,IN,2020,Region,Delhi,67,84,87,79
India,IN,2020,Region,Gujarat,87,78,80,68
India,IN,2020,Region,Haryana,89,91,95,82
India,IN,2020,Region,Himachal Pradesh,97,77,100,42
India,IN,2020,Region,Jammu & Kashmir,82,81,74,80
India,IN,2020,Region,Jharkhand,99,98,99,97
India,IN,2020,Region,Karnataka,90,91,85,76
India,IN,2020,Region,Kerala,95,81,78,67
India,IN,2020,Region,Madhya Pradesh,98,96,93,82
India,IN,2020,Region,Maharashtra,94,92,87,80
India,IN,2020,Region,Ne,92,90,90,72
India,IN,2020,Region,Orissa,100,96,98,85
India,IN,2020,Region,Punjab,92,80,89,75
India,IN,2020,Region,Rajasthan,99,100,99,74
India,IN,2020,Region,Tamil Nadu,90,92,91,76
India,IN,2020,Region,Telangana,92,90,90,82
India,IN,2020,Region,Ut,85,94,94,91
India,IN,2020,Region,Uttar Pradesh,91,94,95,81
India,IN,2020,Region,Uttarakhand,100,95,86,89
India,IN,2020,Region,West Bengal,93,91,96,73
India,IN,2023,Age,18-24,88,92,92,73
India,IN,2023,Age,25-34,87,89,91,77
India,IN,2023,Age,35-44,87,93,91,75
India,IN,2023,Age,45-54,89,88,88,73
India,IN,2023,Age,55,84,86,90,71
India,IN,2023,Education,Don't know/ Refused,100,100,100,50
India,IN,2023,Education,Primary and below,85,87,89,79
India,IN,2023,Education,Secondary and Vocational,88,90,91,74
India,IN,2023,Education,University and above,88,92,91,71
India,IN,2023,Gender,Male,88,91,90,74
India,IN,2023,Gender,Female,86,89,91,74
India,IN,2023,Religion,Atheist/agnostic,100,100,100,100
India,IN,2023,Religion,Buddhist,75,68,75,57
India,IN,2023,Religion,Christian,89,92,89,61
India,IN,2023,Religion,Hindu,89,92,92,76
India,IN,2023,Religion,Muslim,74,79,80,62
India,IN,2023,Religion,Other,88,100,100,100
Indonesia,ID,2015,Age,18-24,95,93,86,84
Indonesia,ID,2015,Age,25-34,97,97,94,88
Indonesia,ID,2015,Age,35-44,97,97,94,86
Indonesia,ID,2015,Age,45-54,99,93,90,87
Indonesia,ID,2015,Education,Primary and below,97,97,94,95
Indonesia,ID,2015,Education,Secondary and Vocational,98,98,92,87
Indonesia,ID,2015,Education,University and above,97,95,92,86
Indonesia,ID,2015,Employment,Employed,96,94,90,84
Indonesia,ID,2015,Employment,Homemaker/other,99,99,95,92
Indonesia,ID,2015,Employment,Student,95,93,80,78
Indonesia,ID,2015,Employment,Unemployed,100,97,98,88
Indonesia,ID,2015,Gender,Male,95,93,89,82
Indonesia,ID,2015,Gender,Female,99,98,95,91
Indonesia,ID,2015,Religion,Muslim,97,96,92,86
Indonesia,ID,2015,Religion,Christian,100,100,100,93
Indonesia,ID,2015,Religion,Hindu,100,100,100,100
Indonesia,ID,2018,Age,18-24,59,52,48,
Indonesia,ID,2018,Age,25-34,66,58,49,
Indonesia,ID,2018,Age,35-44,65,61,49,
Indonesia,ID,2018,Age,45-54,57,52,44,
Indonesia,ID,2018,Age,55-64,50,46,33,
Indonesia,ID,2018,Age,65,37,28,21,
Indonesia,ID,2018,Education,Primary and below,45,42,34,
Indonesia,ID,2018,Education,Secondary and Vocational,71,63,54,
Indonesia,ID,2018,Education,University and above,84,67,52,
Indonesia,ID,2018,Gender,Male,55,51,43,
Indonesia,ID,2018,Gender,Female,63,56,47,
Indonesia,ID,2018,Religion,Muslim,61,54,46,
Indonesia,ID,2018,Religion,Christian,58,57,44,
Indonesia,ID,2018,Religion,Buddhist,100,100,100,
Indonesia,ID,2018,Religion,Other,11,21,5,
Indonesia,ID,2019,Age,18-24,90,89,86,72
Indonesia,ID,2019,Age,25-34,88,85,86,69
Indonesia,ID,2019,Age,35-44,90,89,85,64
Indonesia,ID,2019,Age,45-54,87,89,86,71
Indonesia,ID,2019,Age,55-64,90,83,84,66
Indonesia,ID,2019,Age,65,89,89,89,76
Indonesia,ID,2019,Education,Primary and below,89,88,84,69
Indonesia,ID,2019,Education,Secondary and Vocational,89,88,86,68
Indonesia,ID,2019,Education,University and above,87,87,88,76
Indonesia,ID,2019,Employment,Employed,87,86,84,68
Indonesia,ID,2019,Employment,Homemaker/other,90,89,87,68
Indonesia,ID,2019,Employment,Student,92,93,93,65
Indonesia,ID,2019,Employment,Unemployed,97,90,87,79
Indonesia,ID,2019,Gender,Male,88,86,83,67
Indonesia,ID,2019,Gender,Female,90,89,88,70
Indonesia,ID,2023,Age,18-24,78,76,75,72
Indonesia,ID,2023,Age,25-34,74,76,73,77
Indonesia,ID,2023,Age,35-44,79,78,75,79
Indonesia,ID,2023,Age,45-54,83,78,84,78
Indonesia,ID,2023,Age,55,88,79,81,80
Indonesia,ID,2023,Age,Don't know/ Refused,50,0,0,0
Indonesia,ID,2023,Education,Don't know/ Refused,50,0,17,17
Indonesia,ID,2023,Education,Primary and below,68,64,64,73
Indonesia,ID,2023,Education,Secondary and Vocational,79,75,74,74
Indonesia,ID,2023,Education,University and above,83,81,82,81
Indonesia,ID,2023,Gender,Male,78,75,74,76
Indonesia,ID,2023,Gender,Female,82,80,80,78
Indonesia,ID,2023,Gender,Other,100,100,100,100
Indonesia,ID,2023,Gender,Don't know/ Prefer not to say,50,25,50,25
Indonesia,ID,2023,Religion,Atheist/agnostic,86,86,100,71
Indonesia,ID,2023,Religion,Buddhist,89,89,93,81
Indonesia,ID,2023,Religion,Christian,85,86,84,83
Indonesia,ID,2023,Religion,Don't know/ Refused,100,56,56,44
Indonesia,ID,2023,Religion,Hindu,75,75,88,88
Indonesia,ID,2023,Religion,Jewish,0,0,0,0
Indonesia,ID,2023,Religion,Muslim,79,75,75,76
Indonesia,ID,2023,Religion,Other,100,100,100,100
Iran,IR,2015,Age,18-24,98,66,85,70
Iran,IR,2015,Age,25-34,98,69,86,75
Iran,IR,2015,Age,35-44,100,69,89,73
Iran,IR,2015,Age,45-54,100,79,94,84
Iran,IR,2015,Age,55-64,100,69,89,83
Iran,IR,2015,Education,Primary and below,100,78,91,78
Iran,IR,2015,Education,Secondary and Vocational,100,71,87,76
Iran,IR,2015,Education,University and above,98,65,87,74
Iran,IR,2015,Employment,Employed,99,69,87,77
Iran,IR,2015,Employment,Homemaker/other,100,74,91,77
Iran,IR,2015,Employment,Student,100,70,80,65
Iran,IR,2015,Employment,Unemployed,96,58,85,73
Iran,IR,2015,Gender,Male,99,67,86,76
Iran,IR,2015,Gender,Female,99,73,90,75
Iran,IR,2015,Religion,Muslim,99,70,88,76
Iran,IR,2015,Religion,Other,100,100,100,100
Iran,IR,2018,Age,18-24,69,43,65,
Iran,IR,2018,Age,25-34,82,54,73,
Iran,IR,2018,Age,35-44,93,63,83,
Iran,IR,2018,Age,45-54,94,78,84,
Iran,IR,2018,Age,55-64,96,87,92,
Iran,IR,2018,Age,65,94,83,91,
Iran,IR,2018,Education,Primary and below,90,79,82,
Iran,IR,2018,Education,Secondary and Vocational,83,57,75,
Iran,IR,2018,Education,University and above,87,53,80,
Iran,IR,2018,Gender,Male,85,63,78,
Iran,IR,2018,Gender,Female,87,63,79,
Iran,IR,2018,Religion,Muslim,86,63,78,
Iran,IR,2018,Religion,Other,100,100,100,
Iraq,IQ,2015,Age,18-24,0,0,0,0
Iraq,IQ,2015,Age,25-34,0,0,0,0
Iraq,IQ,2015,Age,35-44,0,0,0,0
Iraq,IQ,2015,Age,45-54,0,0,0,0
Iraq,IQ,2015,Age,55-64,0,0,0,0
Iraq,IQ,2015,Age,65,0,0,0,0
Iraq,IQ,2015,Education,Primary and below,0,0,0,0
Iraq,IQ,2015,Education,Secondary and Vocational,0,0,0,0
Iraq,IQ,2015,Education,University and above,0,0,0,0
Iraq,IQ,2015,Employment,Employed,0,0,0,0
Iraq,IQ,2015,Employment,Homemaker/other,0,0,0,0
Iraq,IQ,2015,Employment,Student,0,0,0,0
Iraq,IQ,2015,Employment,Unemployed,0,0,0,0
Iraq,IQ,2015,Gender,Male,0,0,0,0
Iraq,IQ,2015,Gender,Female,0,0,0,0
Iraq,IQ,2015,Religion,Muslim,0,0,0,0
Iraq,IQ,2015,Religion,Christian,0,0,0,0
Iraq,IQ,2015,Religion,Hindu,0,0,0,0
Iraq,IQ,2015,Religion,Jewish,0,0,0,0
Iraq,IQ,2015,Religion,Other,0,0,0,0
Iraq,IQ,2018,Age,18-24,81,76,77,
Iraq,IQ,2018,Age,25-34,77,70,72,
Iraq,IQ,2018,Age,35-44,84,77,77,
Iraq,IQ,2018,Age,45-54,83,80,78,
Iraq,IQ,2018,Age,55-64,85,78,82,
Iraq,IQ,2018,Age,65,82,87,81,
Iraq,IQ,2018,Education,Primary and below,79,76,76,
Iraq,IQ,2018,Education,Secondary and Vocational,84,75,78,
Iraq,IQ,2018,Education,University and above,86,82,77,
Iraq,IQ,2018,Gender,Male,81,75,75,
Iraq,IQ,2018,Gender,Female,82,77,78,
Iraq,IQ,2018,Religion,Muslim,81,76,76,
Iraq,IQ,2018,Religion,Other,96,82,88,
Iraq,IQ,2019,Age,18-24,99,91,92,85
Iraq,IQ,2019,Age,25-34,99,90,95,88
Iraq,IQ,2019,Age,35-44,99,87,93,91
Iraq,IQ,2019,Age,45-54,100,84,89,85
Iraq,IQ,2019,Age,55-64,100,84,96,84
Iraq,IQ,2019,Age,65,100,100,100,67
Iraq,IQ,2019,Education,Primary and below,98,88,91,86
Iraq,IQ,2019,Education,Secondary and Vocational,100,90,94,86
Iraq,IQ,2019,Education,University and above,99,89,95,89
Iraq,IQ,2019,Employment,Employed,99,88,94,91
Iraq,IQ,2019,Employment,Homemaker/other,99,89,92,85
Iraq,IQ,2019,Employment,Student,99,93,94,87
Iraq,IQ,2019,Employment,Unemployed,99,87,92,83
Iraq,IQ,2019,Gender,Male,99,88,92,87
Iraq,IQ,2019,Gender,Female,100,90,94,86
Iraq,IQ,2019,Religion,Christian,99,89,93,87
Iraq,IQ,2019,Religion,Buddhist,100,0,100,100
Iraq,IQ,2019,Religion,Hindu,100,100,100,100
Iraq,IQ,2019,Religion,Jewish,100,100,100,0
Iraq,IQ,2023,Age,18-24,86,74,80,72
Iraq,IQ,2023,Age,25-34,84,75,81,73
Iraq,IQ,2023,Age,35-44,85,73,79,77
Iraq,IQ,2023,Age,45-54,82,74,81,74
Iraq,IQ,2023,Age,55,80,72,75,75
Iraq,IQ,2023,Education,Primary and below,86,77,80,76
Iraq,IQ,2023,Education,Secondary and Vocational,85,70,80,72
Iraq,IQ,2023,Education,University and above,81,73,81,74
Iraq,IQ,2023,Gender,Male,83,71,80,75
Iraq,IQ,2023,Gender,Female,85,76,80,73
Iraq,IQ,2023,Religion,Don't know/ Refused,100,100,100,100
Iraq,IQ,2023,Religion,Muslim,84,74,80,74
Ireland,IE,2015,Age,18-24,91,86,87,60
Ireland,IE,2015,Age,25-34,83,77,84,56
Ireland,IE,2015,Age,35-44,90,82,91,61
Ireland,IE,2015,Age,45-54,93,84,93,67
Ireland,IE,2015,Age,55-64,94,87,88,73
Ireland,IE,2015,Age,65,98,96,97,82
Ireland,IE,2015,Education,Primary and below,86,79,79,66
Ireland,IE,2015,Education,Secondary and Vocational,92,85,89,64
Ireland,IE,2015,Education,University and above,91,85,91,68
Ireland,IE,2015,Employment,Employed,91,84,89,64
Ireland,IE,2015,Employment,Homemaker/other,96,91,95,75
Ireland,IE,2015,Employment,Student,95,88,92,64
Ireland,IE,2015,Employment,Unemployed,80,74,82,55
Ireland,IE,2015,Gender,Male,91,88,91,68
Ireland,IE,2015,Gender,Female,92,82,89,64
Ireland,IE,2015,Religion,Muslim,100,100,100,90
Ireland,IE,2015,Religion,Christian,94,87,92,73
Ireland,IE,2015,Religion,Atheist/agnostic,92,87,92,56
Ireland,IE,2015,Religion,Buddhist,39,85,85,58
Ireland,IE,2015,Religion,Hindu,69,69,69,45
Ireland,IE,2015,Religion,Jewish,40,40,40,40
Ireland,IE,2015,Religion,Other,74,71,80,58
Ireland,IE,2018,Age,18-24,78,60,71,
Ireland,IE,2018,Age,25-34,85,67,82,
Ireland,IE,2018,Age,35-44,91,81,87,
Ireland,IE,2018,Age,45-54,91,69,89,
Ireland,IE,2018,Age,55-64,85,75,83,
Ireland,IE,2018,Age,65,84,65,74,
Ireland,IE,2018,Education,Primary and below,72,63,67,
Ireland,IE,2018,Education,Secondary and Vocational,85,66,79,
Ireland,IE,2018,Education,University and above,90,80,89,
Ireland,IE,2018,Gender,Male,84,69,81,
Ireland,IE,2018,Gender,Female,87,69,81,
Ireland,IE,2018,Religion,Muslim,65,44,61,
Ireland,IE,2018,Religion,Christian,86,70,81,
Ireland,IE,2018,Religion,Atheist/agnostic,86,68,79,
Ireland,IE,2018,Religion,Buddhist,100,100,100,
Ireland,IE,2018,Religion,Hindu,80,80,80,
Ireland,IE,2018,Religion,Jewish,100,100,100,
Ireland,IE,2018,Religion,Other,67,55,67,
Ireland,IE,2019,Age,18-24,93,87,91,72
Ireland,IE,2019,Age,25-34,88,86,88,60
Ireland,IE,2019,Age,35-44,89,83,87,62
Ireland,IE,2019,Age,45-54,90,87,88,68
Ireland,IE,2019,Age,55-64,95,89,93,77
Ireland,IE,2019,Age,65,98,96,97,81
Ireland,IE,2019,Education,Primary and below,90,82,90,58
Ireland,IE,2019,Education,Secondary and Vocational,92,87,90,68
Ireland,IE,2019,Education,University and above,91,89,90,72
Ireland,IE,2019,Employment,Employed,90,88,90,69
Ireland,IE,2019,Employment,Homemaker/other,94,89,90,69
Ireland,IE,2019,Employment,Student,95,87,93,72
Ireland,IE,2019,Employment,Unemployed,90,83,87,64
Ireland,IE,2019,Gender,Male,92,88,91,71
Ireland,IE,2019,Gender,Female,91,87,89,67
Ireland,IE,2019,Religion,Muslim,70,90,60,60
Ireland,IE,2019,Religion,Christian,92,88,91,74
Ireland,IE,2019,Religion,Atheist/agnostic,93,92,92,61
Ireland,IE,2019,Religion,Buddhist,100,100,75,0
Ireland,IE,2019,Religion,Hindu,100,100,100,100
Ireland,IE,2019,Religion,Jewish,100,100,100,50
Ireland,IE,2019,Religion,Other,81,69,72,50
Ireland,IE,2020,Age,18-24,80,86,86,74
Ireland,IE,2020,Age,25-34,90,91,91,84
Ireland,IE,2020,Age,35-44,81,81,85,78
Ireland,IE,2020,Age,45-54,80,84,86,78
Ireland,IE,2020,Age,55-64,90,93,95,89
Ireland,IE,2020,Age,65,95,96,98,94
Ireland,IE,2020,Education,Primary and below,74,78,83,87
Ireland,IE,2020,Education,Secondary and Vocational,84,86,89,82
Ireland,IE,2020,Education,University and above,87,89,91,83
Ireland,IE,2020,Gender,Male,85,88,89,83
Ireland,IE,2020,Gender,Female,86,87,91,82
Ireland,IE,2020,Gender,Other,100,100,100,100
Ireland,IE,2020,Region,Southern Region,86,86,89,81
Ireland,IE,2020,Region,Connaught-Ulster Region,82,79,85,80
Ireland,IE,2020,Region,Midland & Eastern Region,86,92,92,85
Ireland,IE,2020,Religion,Muslim,86,93,93,86
Ireland,IE,2020,Religion,Christian,86,88,90,84
Ireland,IE,2020,Religion,Other,68,79,79,84
Ireland,IE,2020,Religion,Atheist/agnostic ,91,90,94,79
Ireland,IE,2023,Age,18-24,75,71,73,69
Ireland,IE,2023,Age,25-34,68,63,69,65
Ireland,IE,2023,Age,35-44,64,63,68,64
Ireland,IE,2023,Age,45-54,75,71,72,70
Ireland,IE,2023,Age,55,85,82,87,83
Ireland,IE,2023,Age,Don't know/ Refused,33,67,33,33
Ireland,IE,2023,Education,Don't know/ Refused,0,0,0,0
Ireland,IE,2023,Education,Primary and below,58,58,58,58
Ireland,IE,2023,Education,Secondary and Vocational,71,66,73,67
Ireland,IE,2023,Education,University and above,79,78,81,78
Ireland,IE,2023,Gender,Male,75,73,78,74
Ireland,IE,2023,Gender,Female,74,70,74,70
Ireland,IE,2023,Gender,Other,100,100,100,100
Ireland,IE,2023,Gender,Don't know/ Prefer not to say,100,100,100,0
Ireland,IE,2023,Religion,Atheist/agnostic,78,74,76,71
Ireland,IE,2023,Religion,Buddhist,67,33,33,33
Ireland,IE,2023,Religion,Christian,74,71,77,73
Ireland,IE,2023,Religion,Don't know/ Refused,70,63,63,63
Ireland,IE,2023,Religion,Hindu,100,71,71,86
Ireland,IE,2023,Religion,Jewish,100,100,100,100
Ireland,IE,2023,Religion,Muslim,73,64,82,82
Ireland,IE,2023,Religion,Other,62,67,71,71
Israel,IL,2015,Age,18-24,0,0,0,0
Israel,IL,2015,Age,25-34,0,0,0,0
Israel,IL,2015,Age,35-44,0,0,0,0
Israel,IL,2015,Age,45-54,0,0,0,0
Israel,IL,2015,Education,Primary and below,0,0,0,0
Israel,IL,2015,Education,Secondary and Vocational,0,0,0,0
Israel,IL,2015,Education,University and above,0,0,0,0
Israel,IL,2015,Employment,Employed,0,0,0,0
Israel,IL,2015,Employment,Homemaker/other,0,0,0,0
Israel,IL,2015,Employment,Student,0,0,0,0
Israel,IL,2015,Employment,Unemployed,0,0,0,0
Israel,IL,2015,Gender,Male,0,0,0,0
Israel,IL,2015,Gender,Female,0,0,0,0
Israel,IL,2015,Gender,No respose,0,0,0,0
Israel,IL,2018,Age,18-24,89,74,81,
Israel,IL,2018,Age,25-34,85,67,73,
Israel,IL,2018,Age,35-44,87,71,84,
Israel,IL,2018,Age,45-54,92,80,87,
Israel,IL,2018,Age,55-64,89,81,88,
Israel,IL,2018,Age,65,92,77,84,
Israel,IL,2018,Education,Primary and below,87,79,78,
Israel,IL,2018,Education,Secondary and Vocational,88,75,81,
Israel,IL,2018,Education,University and above,91,73,86,
Israel,IL,2018,Gender,Male,87,75,81,
Israel,IL,2018,Gender,Female,91,75,84,
Israel,IL,2018,Religion,Muslim,95,84,89,
Israel,IL,2018,Religion,Christian,95,91,90,
Israel,IL,2018,Religion,Atheist/agnostic,85,50,69,
Israel,IL,2018,Religion,Jewish,87,73,82,
Israel,IL,2018,Religion,Other,94,82,77,
Israel,IL,2023,Age,18-24,69,65,73,76
Israel,IL,2023,Age,25-34,62,60,62,76
Israel,IL,2023,Age,35-44,57,57,62,74
Israel,IL,2023,Age,45-54,73,72,77,82
Israel,IL,2023,Age,55,76,74,78,85
Israel,IL,2023,Education,Don't know/ Refused,33,0,33,0
Israel,IL,2023,Education,Primary and below,67,50,58,67
Israel,IL,2023,Education,Secondary and Vocational,70,70,73,80
Israel,IL,2023,Education,University and above,66,64,68,79
Israel,IL,2023,Gender,Male,71,72,74,83
Israel,IL,2023,Gender,Female,65,61,67,76
Israel,IL,2023,Gender,Other,50,0,0,50
Israel,IL,2023,Religion,Atheist/agnostic,86,86,71,86
Israel,IL,2023,Religion,Christian,53,31,44,56
Israel,IL,2023,Religion,Jewish,71,71,74,83
Israel,IL,2023,Religion,Muslim,54,50,55,68
Israel,IL,2023,Religion,Other,58,38,55,65
Italy,IT,2015,Age,18-24,79,58,71,67
Italy,IT,2015,Age,25-34,82,72,73,61
Italy,IT,2015,Age,35-44,84,79,80,75
Italy,IT,2015,Age,45-54,81,77,80,71
Italy,IT,2015,Age,55-64,77,70,69,67
Italy,IT,2015,Age,65,81,70,80,69
Italy,IT,2015,Education,Primary and below,81,70,77,69
Italy,IT,2015,Education,Secondary and Vocational,79,72,75,68
Italy,IT,2015,Education,University and above,90,85,85,71
Italy,IT,2015,Employment,Employed,85,78,79,71
Italy,IT,2015,Employment,Homemaker/other,78,67,75,67
Italy,IT,2015,Employment,Student,70,61,69,60
Italy,IT,2015,Employment,Unemployed,79,67,72,72
Italy,IT,2015,Gender,Male,81,75,75,67
Italy,IT,2015,Gender,Female,81,70,78,70
Italy,IT,2015,Religion,Muslim,100,0,0,0
Italy,IT,2015,Religion,Christian,83,74,79,72
Italy,IT,2015,Religion,Atheist/agnostic,85,77,76,58
Italy,IT,2015,Religion,Buddhist,41,19,41,60
Italy,IT,2015,Religion,Jewish,100,0,100,100
Italy,IT,2015,Religion,Other,20,11,37,11
Italy,IT,2018,Age,18-24,89,86,92,
Italy,IT,2018,Age,25-34,83,81,87,
Italy,IT,2018,Age,35-44,82,70,82,
Italy,IT,2018,Age,45-54,80,69,83,
Italy,IT,2018,Age,55-64,83,70,77,
Italy,IT,2018,Age,65,80,75,83,
Italy,IT,2018,Education,Primary and below,78,71,80,
Italy,IT,2018,Education,Secondary and Vocational,87,77,87,
Italy,IT,2018,Education,University and above,83,75,87,
Italy,IT,2018,Gender,Male,83,75,85,
Italy,IT,2018,Gender,Female,82,74,82,
Italy,IT,2018,Religion,Muslim,82,82,100,
Italy,IT,2018,Religion,Christian,84,75,85,
Italy,IT,2018,Religion,Atheist/agnostic,79,70,79,
Italy,IT,2018,Religion,Buddhist,84,84,84,
Italy,IT,2018,Religion,Hindu,100,100,100,
Italy,IT,2018,Religion,Jewish,35,100,100,
Italy,IT,2018,Religion,Other,54,88,88,
Italy,IT,2019,Age,18-24,92,88,91,84
Italy,IT,2019,Age,25-34,93,87,92,85
Italy,IT,2019,Age,35-44,91,86,89,80
Italy,IT,2019,Age,45-54,92,88,91,86
Italy,IT,2019,Age,55-64,92,88,88,86
Italy,IT,2019,Age,65,92,87,89,88
Italy,IT,2019,Education,Primary and below,92,87,88,86
Italy,IT,2019,Education,Secondary and Vocational,92,87,90,84
Italy,IT,2019,Education,University and above,94,90,94,87
Italy,IT,2019,Employment,Employed,93,88,90,84
Italy,IT,2019,Employment,Homemaker/other,92,85,89,87
Italy,IT,2019,Employment,Student,92,89,91,89
Italy,IT,2019,Employment,Unemployed,89,86,89,83
Italy,IT,2019,Gender,Male,92,87,89,86
Italy,IT,2019,Gender,Female,92,87,90,85
Italy,IT,2019,Religion,Muslim,100,100,100,0
Italy,IT,2019,Religion,Christian,92,88,90,87
Italy,IT,2019,Religion,Atheist/agnostic,94,94,92,69
Italy,IT,2019,Religion,Buddhist,100,100,100,100
Italy,IT,2019,Religion,Other,100,80,80,100
Italy,IT,2020,Age,18-24,86,83,84,76
Italy,IT,2020,Age,25-34,80,80,83,80
Italy,IT,2020,Age,35-44,82,78,82,77
Italy,IT,2020,Age,45-54,80,79,83,80
Italy,IT,2020,Age,55-64,84,82,87,87
Italy,IT,2020,Age,65,87,85,90,88
Italy,IT,2020,Education,Primary and below,80,71,64,63
Italy,IT,2020,Education,Secondary and Vocational,82,80,85,81
Italy,IT,2020,Education,University and above,86,85,88,88
Italy,IT,2020,Employment,Employed,78,73,81,66
Italy,IT,2020,Employment,Homemaker/other,86,81,88,86
Italy,IT,2020,Employment,Student,85,87,83,72
Italy,IT,2020,Employment,Unemployed,75,72,66,67
Italy,IT,2020,Gender,Male,85,85,86,85
Italy,IT,2020,Gender,Female,82,78,85,81
Italy,IT,2020,Gender,Other,100,100,100,50
Italy,IT,2020,Region,Sud,89,89,93,89
Italy,IT,2020,Region,Abruzzo,86,77,91,86
Italy,IT,2020,Region,Basilicata,100,100,100,100
Italy,IT,2020,Region,Calabria,73,67,64,76
Italy,IT,2020,Region,Campania,82,79,82,82
Italy,IT,2020,Region,Emilia-Romagna,85,80,85,82
Italy,IT,2020,Region,Friuli Venezia Giulia,68,68,71,71
Italy,IT,2020,Region,Lazio,84,78,82,83
Italy,IT,2020,Region,Liguria,84,78,84,81
Italy,IT,2020,Region,Lombardia,85,79,82,78
Italy,IT,2020,Region,Marche,63,81,81,94
Italy,IT,2020,Region,Molise,100,100,100,100
Italy,IT,2020,Region,Piemonte,73,67,77,73
Italy,IT,2020,Region,Puglia,85,80,79,77
Italy,IT,2020,Region,Sardegna,77,83,89,66
Italy,IT,2020,Region,Sicilia,82,81,79,81
Italy,IT,2020,Region,Toscana,85,78,83,85
Italy,IT,2020,Region,Trentino-Alto Adige,57,64,71,57
Italy,IT,2020,Region,Umbria,63,50,75,50
Italy,IT,2020,Region,Valle D'aosta,100,100,100,100
Italy,IT,2020,Region,Veneto,81,80,85,79
Italy,IT,2020,Region,Centro Regione,85,84,91,87
Italy,IT,2020,Region,Isole,81,83,88,86
Italy,IT,2020,Region,Nord-Est,87,84,88,81
Italy,IT,2020,Region,Nord-Ovest,84,84,87,87
Italy,IT,2020,Religion,Muslim,48,80,70,64
Italy,IT,2020,Religion,Christian,85,82,87,86
Italy,IT,2020,Religion,Atheist/agnostic,82,79,85,74
Italy,IT,2020,Religion,Buddhist,63,50,50,63
Italy,IT,2020,Religion,Hindu,50,100,50,50
Italy,IT,2020,Religion,Jewish,75,88,88,75
Italy,IT,2020,Religion,Other,84,77,75,68
Italy,IT,2020,Religion,Atheist/agnostic ,82,83,88,79
Italy,IT,2023,Age,18-24,75,64,73,68
Italy,IT,2023,Age,25-34,74,73,76,73
Italy,IT,2023,Age,35-44,70,68,68,72
Italy,IT,2023,Age,45-54,72,71,69,69
Italy,IT,2023,Age,55,69,66,71,73
Italy,IT,2023,Age,Don't know/ Refused,0,0,0,0
Italy,IT,2023,Education,Don't know/ Refused,33,17,0,17
Italy,IT,2023,Education,Primary and below,57,63,60,53
Italy,IT,2023,Education,Secondary and Vocational,69,65,70,70
Italy,IT,2023,Education,University and above,75,73,74,76
Italy,IT,2023,Gender,Male,72,71,73,75
Italy,IT,2023,Gender,Female,70,65,68,68
Italy,IT,2023,Gender,Other,0,0,0,0
Italy,IT,2023,Gender,Don't know/ Prefer not to say,100,100,100,100
Italy,IT,2023,Religion,Atheist/agnostic,72,63,70,64
Italy,IT,2023,Religion,Buddhist,63,50,75,50
Italy,IT,2023,Religion,Christian,71,70,72,74
Italy,IT,2023,Religion,Don't know/ Refused,56,56,44,56
Italy,IT,2023,Religion,Hindu,67,33,33,33
Italy,IT,2023,Religion,Jewish,100,100,100,100
Italy,IT,2023,Religion,Muslim,67,83,50,67
Italy,IT,2023,Religion,Other,50,50,50,58
Ivory Coast,CI,2018,Age,18-24,86,65,74,
Ivory Coast,CI,2018,Age,25-34,86,74,80,
Ivory Coast,CI,2018,Age,35-44,90,69,82,
Ivory Coast,CI,2018,Age,45-54,86,79,78,
Ivory Coast,CI,2018,Age,55-64,90,61,93,
Ivory Coast,CI,2018,Age,65,94,78,90,
Ivory Coast,CI,2018,Education,Primary and below,84,69,77,
Ivory Coast,CI,2018,Education,Secondary and Vocational,92,68,84,
Ivory Coast,CI,2018,Education,University and above,95,71,76,
Ivory Coast,CI,2018,Gender,Male,85,65,77,
Ivory Coast,CI,2018,Gender,Female,90,74,81,
Ivory Coast,CI,2018,Religion,Muslim,86,76,82,
Ivory Coast,CI,2018,Religion,Christian,87,67,78,
Ivory Coast,CI,2018,Religion,Atheist/agnostic,93,67,83,
Ivory Coast,CI,2018,Religion,Buddhist,100,81,85,
Ivory Coast,CI,2018,Religion,Other,90,52,75,
Ivory Coast,CI,2020,Age,18-24,82,63,68,58
Ivory Coast,CI,2020,Age,25-34,85,66,70,69
Ivory Coast,CI,2020,Age,35-44,84,73,72,66
Ivory Coast,CI,2020,Age,45-54,84,67,68,69
Ivory Coast,CI,2020,Age,55-64,74,59,56,63
Ivory Coast,CI,2020,Age,65,87,70,73,68
Ivory Coast,CI,2020,Education,Primary and below,81,68,70,67
Ivory Coast,CI,2020,Employment,Employed,81,65,71,75
Ivory Coast,CI,2020,Employment,Homemaker/other,81,66,66,60
Ivory Coast,CI,2020,Employment,Student,84,56,60,66
Ivory Coast,CI,2020,Employment,Unemployed,80,66,61,63
Ivory Coast,CI,2020,Gender,Male,84,68,69,68
Ivory Coast,CI,2020,Gender,Female,83,65,69,62
Ivory Coast,CI,2020,Region,Abidjan,77,63,67,80
Ivory Coast,CI,2020,Region,Bas - Sassandra,91,75,73,27
Ivory Coast,CI,2020,Region,Comoe,74,60,57,67
Ivory Coast,CI,2020,Region,Goh-Djiboua,81,70,79,70
Ivory Coast,CI,2020,Region,Lacs,85,75,71,49
Ivory Coast,CI,2020,Region,Lagunes,73,67,66,60
Ivory Coast,CI,2020,Region,Montagnes,90,56,52,72
Ivory Coast,CI,2020,Region,Sassandra Marahoue,94,81,82,60
Ivory Coast,CI,2020,Region,Savane,86,82,77,68
Ivory Coast,CI,2020,Region,Vallee Du Bandama,83,59,70,65
Ivory Coast,CI,2020,Region,Woroba,88,67,85,89
Ivory Coast,CI,2020,Region,Yamoussoukro,85,74,77,68
Ivory Coast,CI,2020,Region,Zanzan,80,34,44,64
Ivory Coast,CI,2020,Religion,Christian,82,63,66,63
Ivory Coast,CI,2020,Religion,Other,100,100,100,62
Ivory Coast,CI,2022,Age,18-24,81,68,74,67
Ivory Coast,CI,2022,Age,25-34,78,69,75,67
Ivory Coast,CI,2022,Age,35-44,84,72,78,75
Ivory Coast,CI,2022,Age,45-54,83,76,79,80
Ivory Coast,CI,2022,Age,55-64,87,77,83,75
Ivory Coast,CI,2022,Age,65,76,73,87,69
Ivory Coast,CI,2022,Education,Primary and below,82,76,80,74
Ivory Coast,CI,2022,Education,Secondary and Vocational,82,71,76,70
Ivory Coast,CI,2022,Education,University and above,78,61,72,67
Ivory Coast,CI,2022,Employment,Employed,80,76,78,72
Ivory Coast,CI,2022,Employment,Homemaker/other,74,69,76,69
Ivory Coast,CI,2022,Employment,Student,71,65,68,59
Ivory Coast,CI,2022,Employment,Unemployed,75,73,79,72
Ivory Coast,CI,2022,Gender,Male,82,71,78,70
Ivory Coast,CI,2022,Gender,Female,80,72,75,70
Ivory Coast,CI,2022,Region,Abidjan,63,65,66,54
Ivory Coast,CI,2022,Region,Bas - Sassandra,92,90,86,87
Ivory Coast,CI,2022,Region,Comoe,82,68,74,79
Ivory Coast,CI,2022,Region,Goh-Djiboua,95,87,85,64
Ivory Coast,CI,2022,Region,Lacs,91,93,91,96
Ivory Coast,CI,2022,Region,Lagunes,75,72,77,81
Ivory Coast,CI,2022,Region,Montagnes,82,78,80,70
Ivory Coast,CI,2022,Region,Sassandra Marahoue,70,80,84,59
Ivory Coast,CI,2022,Region,Savane,65,59,67,63
Ivory Coast,CI,2022,Region,Yamoussoukro,70,65,70,60
Ivory Coast,CI,2022,Region,Zanzan,92,64,80,96
Ivory Coast,CI,2022,Region,Denguele,78,78,78,96
Ivory Coast,CI,2022,Region,Gbeke,76,70,76,67
Ivory Coast,CI,2022,Region,Worodougou,83,57,69,79
Ivory Coast,CI,2022,Religion,Muslim,85,77,83,76
Ivory Coast,CI,2022,Religion,Christian,80,69,74,68
Ivory Coast,CI,2022,Religion,Other,79,73,75,57
Ivory Coast,CI,2023,Age,18-24,78,71,79,72
Ivory Coast,CI,2023,Age,25-34,82,77,79,78
Ivory Coast,CI,2023,Age,35-44,80,78,87,74
Ivory Coast,CI,2023,Age,45-54,78,71,75,62
Ivory Coast,CI,2023,Age,55,81,74,76,76
Ivory Coast,CI,2023,Age,Don't know/ Refused,0,100,0,0
Ivory Coast,CI,2023,Education,Don't know/ Refused,76,65,82,76
Ivory Coast,CI,2023,Education,Primary and below,79,78,80,73
Ivory Coast,CI,2023,Education,Secondary and Vocational,82,77,81,75
Ivory Coast,CI,2023,Education,University and above,77,70,78,72
Ivory Coast,CI,2023,Gender,Male,78,75,78,73
Ivory Coast,CI,2023,Gender,Female,82,75,82,76
Ivory Coast,CI,2023,Religion,Christian,80,76,80,75
Ivory Coast,CI,2023,Religion,Don't know/ Refused,67,77,63,77
Ivory Coast,CI,2023,Religion,Muslim,81,74,80,74
Ivory Coast,CI,2023,Religion,Other,80,73,88,61
Japan,JP,2015,Age,18-24,81,41,61,27
Japan,JP,2015,Age,25-34,80,55,74,29
Japan,JP,2015,Age,35-44,80,55,73,28
Japan,JP,2015,Age,45-54,85,59,80,35
Japan,JP,2015,Age,55-64,86,61,79,38
Japan,JP,2015,Age,65,82,57,73,35
Japan,JP,2015,Education,Primary and below,81,59,74,22
Japan,JP,2015,Education,Secondary and Vocational,82,56,74,29
Japan,JP,2015,Education,University and above,85,56,76,41
Japan,JP,2015,Employment,Employed,82,56,76,34
Japan,JP,2015,Employment,Homemaker/other,88,60,75,27
Japan,JP,2015,Employment,Student,91,49,73,38
Japan,JP,2015,Employment,Unemployed,75,51,68,30
Japan,JP,2015,Gender,Male,83,57,77,37
Japan,JP,2015,Gender,Female,82,55,72,29
Japan,JP,2018,Age,18-24,58,19,56,
Japan,JP,2018,Age,25-34,74,41,67,
Japan,JP,2018,Age,35-44,66,28,62,
Japan,JP,2018,Age,45-54,60,25,57,
Japan,JP,2018,Age,55-64,66,35,68,
Japan,JP,2018,Age,65,57,36,50,
Japan,JP,2018,Education,Primary and below,65,38,58,
Japan,JP,2018,Education,Secondary and Vocational,62,30,55,
Japan,JP,2018,Education,University and above,64,33,65,
Japan,JP,2018,Gender,Male,61,37,62,
Japan,JP,2018,Gender,Female,63,27,53,
Japan,JP,2018,Religion,Christian,61,50,58,
Japan,JP,2018,Religion,Atheist/agnostic,61,29,59,
Japan,JP,2018,Religion,Buddhist,66,37,57,
Japan,JP,2018,Religion,Other,51,17,38,
Japan,JP,2019,Age,18-24,90,70,80,50
Japan,JP,2019,Age,25-34,89,73,86,55
Japan,JP,2019,Age,35-44,87,68,79,49
Japan,JP,2019,Age,45-54,87,70,79,49
Japan,JP,2019,Age,55-64,88,68,81,54
Japan,JP,2019,Age,65,82,65,79,45
Japan,JP,2019,Education,Primary and below,83,66,70,45
Japan,JP,2019,Education,Secondary and Vocational,83,65,77,43
Japan,JP,2019,Education,University and above,93,74,87,59
Japan,JP,2019,Employment,Employed,87,69,80,49
Japan,JP,2019,Employment,Homemaker/other,85,65,82,46
Japan,JP,2019,Employment,Student,90,70,82,60
Japan,JP,2019,Employment,Unemployed,86,67,79,51
Japan,JP,2019,Gender,Male,85,68,80,52
Japan,JP,2019,Gender,Female,88,69,81,48
Japan,JP,2021,Age,18-24,41,37,56,23
Japan,JP,2021,Age,25-34,56,55,68,23
Japan,JP,2021,Age,35-44,41,48,71,20
Japan,JP,2021,Age,45-54,49,55,72,18
Japan,JP,2021,Age,55-64,57,63,78,21
Japan,JP,2021,Age,65,58,75,86,27
Japan,JP,2021,Education,Primary and below,70,70,80,40
Japan,JP,2021,Education,Secondary and Vocational,48,53,70,20
Japan,JP,2021,Education,University and above,58,68,83,27
Japan,JP,2021,Employment,Employed,55,61,76,25
Japan,JP,2021,Employment,Homemaker/other,50,63,80,24
Japan,JP,2021,Employment,Student,44,44,56,23
Japan,JP,2021,Employment,Unemployed,52,50,71,13
Japan,JP,2021,Gender,Male,60,70,80,27
Japan,JP,2021,Gender,Female,45,50,71,19
Japan,JP,2021,Gender,Other,67,67,67,67
Japan,JP,2021,Gender,Prefer not to say,39,50,39,17
Japan,JP,2021,Religion,Muslim,0,100,0,0
Japan,JP,2021,Religion,Christian,62,57,76,43
Japan,JP,2021,Religion,Atheist/agnostic,57,63,82,12
Japan,JP,2021,Religion,Buddhist,58,68,79,35
Japan,JP,2021,Religion,Other,47,57,79,21
Japan,JP,2021,Religion,Animist,67,33,33,33
Japan,JP,2022,Age,18-24,58,56,64,45
Japan,JP,2022,Age,25-34,53,56,61,38
Japan,JP,2022,Age,35-44,48,51,70,36
Japan,JP,2022,Age,45-54,52,60,74,34
Japan,JP,2022,Age,55-64,57,61,80,35
Japan,JP,2022,Age,65,54,69,83,33
Japan,JP,2022,Education,Primary and below,38,50,53,26
Japan,JP,2022,Education,Secondary and Vocational,52,60,75,31
Japan,JP,2022,Education,University and above,60,66,80,44
Japan,JP,2022,Employment,Employed,56,61,75,40
Japan,JP,2022,Employment,Homemaker/other,53,66,81,32
Japan,JP,2022,Employment,Student,60,68,75,53
Japan,JP,2022,Employment,Unemployed,49,57,68,29
Japan,JP,2022,Gender,Male,59,67,79,39
Japan,JP,2022,Gender,Female,52,58,74,35
Japan,JP,2022,Gender,   Other,25,58,67,17
Japan,JP,2022,Gender,   Prefer not to say,26,30,30,26
Japan,JP,2022,Region, Kyushu,60,62,74,40
Japan,JP,2022,Region,Chubu,59,61,77,35
Japan,JP,2022,Region,Chugoku,46,62,70,26
Japan,JP,2022,Region,Hokkaido,51,59,76,47
Japan,JP,2022,Region,Kansai,49,59,74,32
Japan,JP,2022,Region,Kanto,55,61,73,38
Japan,JP,2022,Region,Shikoku,61,69,78,31
Japan,JP,2022,Region,Tohoku,49,56,67,41
Japan,JP,2022,Religion,Muslim,50,50,75,100
Japan,JP,2022,Religion,Christian,59,59,74,51
Japan,JP,2022,Religion,Atheist/agnostic,50,61,80,32
Japan,JP,2022,Religion,Buddhist,59,68,81,43
Japan,JP,2022,Religion,Other,60,58,69,36
Japan,JP,2022,Religion,Animist,71,100,100,71
Japan,JP,2023,Age,18-24,47,42,53,30
Japan,JP,2023,Age,25-34,48,50,61,37
Japan,JP,2023,Age,35-44,40,37,46,26
Japan,JP,2023,Age,45-54,36,43,50,29
Japan,JP,2023,Age,55,55,60,72,36
Japan,JP,2023,Education,Don't know/ Refused,39,39,48,13
Japan,JP,2023,Education,Primary and below,0,25,25,25
Japan,JP,2023,Education,Secondary and Vocational,44,44,54,24
Japan,JP,2023,Education,University and above,50,55,65,37
Japan,JP,2023,Gender,Male,53,59,67,37
Japan,JP,2023,Gender,Female,43,44,57,29
Japan,JP,2023,Gender,Other,0,0,0,0
Japan,JP,2023,Gender,Don't know/ Prefer not to say,100,100,100,100
Japan,JP,2023,Religion,Atheist/agnostic,47,51,60,31
Japan,JP,2023,Religion,Buddhist,55,55,68,36
Japan,JP,2023,Religion,Christian,30,35,52,43
Japan,JP,2023,Religion,Don't know/ Refused,24,34,52,24
Japan,JP,2023,Religion,Other,44,53,50,34
Jordan,JO,2018,Age,18-24,96,90,92,
Jordan,JO,2018,Age,25-34,96,90,91,
Jordan,JO,2018,Age,35-44,99,93,90,
Jordan,JO,2018,Age,45-54,95,91,90,
Jordan,JO,2018,Age,55-64,92,85,83,
Jordan,JO,2018,Age,65,93,85,85,
Jordan,JO,2018,Education,Primary and below,96,91,88,
Jordan,JO,2018,Education,Secondary and Vocational,96,90,91,
Jordan,JO,2018,Education,University and above,99,87,88,
Jordan,JO,2018,Gender,Male,96,91,91,
Jordan,JO,2018,Gender,Female,96,89,89,
Jordan,JO,2018,Religion,Muslim,96,90,90,
Kazakhstan,KZ,2018,Age,18-24,64,37,49,
Kazakhstan,KZ,2018,Age,25-34,73,43,59,
Kazakhstan,KZ,2018,Age,35-44,69,46,52,
Kazakhstan,KZ,2018,Age,45-54,74,45,48,
Kazakhstan,KZ,2018,Age,55-64,71,34,41,
Kazakhstan,KZ,2018,Age,65,79,54,56,
Kazakhstan,KZ,2018,Education,Primary and below,72,51,56,
Kazakhstan,KZ,2018,Education,Secondary and Vocational,70,40,49,
Kazakhstan,KZ,2018,Education,University and above,71,47,56,
Kazakhstan,KZ,2018,Gender,Male,68,41,52,
Kazakhstan,KZ,2018,Gender,Female,72,43,51,
Kazakhstan,KZ,2018,Religion,Muslim,71,41,50,
Kazakhstan,KZ,2018,Religion,Christian,71,44,53,
Kazakhstan,KZ,2018,Religion,Atheist/agnostic,87,76,78,
Kazakhstan,KZ,2018,Religion,Other,50,29,29,
Kazakhstan,KZ,2019,Age,18-24,84,74,76,68
Kazakhstan,KZ,2019,Age,25-34,83,65,72,75
Kazakhstan,KZ,2019,Age,35-44,75,61,65,60
Kazakhstan,KZ,2019,Age,45-54,84,65,75,64
Kazakhstan,KZ,2019,Age,55-64,90,66,71,68
Kazakhstan,KZ,2019,Age,65,81,64,75,70
Kazakhstan,KZ,2019,Education,Primary and below,80,80,80,80
Kazakhstan,KZ,2019,Education,Secondary and Vocational,82,68,73,69
Kazakhstan,KZ,2019,Education,University and above,83,62,71,66
Kazakhstan,KZ,2019,Employment,Employed,81,65,71,68
Kazakhstan,KZ,2019,Employment,Homemaker/other,82,65,73,66
Kazakhstan,KZ,2019,Employment,Student,92,81,78,67
Kazakhstan,KZ,2019,Employment,Unemployed,85,59,69,72
Kazakhstan,KZ,2019,Gender,Male,83,67,74,66
Kazakhstan,KZ,2019,Gender,Female,82,64,70,69
Kazakhstan,KZ,2019,Religion,Muslim,81,64,71,64
Kazakhstan,KZ,2019,Religion,Christian,83,67,74,72
Kazakhstan,KZ,2019,Religion,Atheist/agnostic,87,65,71,73
Kazakhstan,KZ,2019,Religion,Buddhist,100,75,75,75
Kazakhstan,KZ,2019,Religion,Jewish,100,100,100,100
Kenya,KE,2018,Age,18-24,90,83,77,
Kenya,KE,2018,Age,25-34,88,79,77,
Kenya,KE,2018,Age,35-44,89,83,79,
Kenya,KE,2018,Age,45-54,92,82,88,
Kenya,KE,2018,Age,55-64,78,74,73,
Kenya,KE,2018,Age,65,91,81,90,
Kenya,KE,2018,Education,Primary and below,87,82,84,
Kenya,KE,2018,Education,Secondary and Vocational,88,80,72,
Kenya,KE,2018,Education,University and above,97,83,86,
Kenya,KE,2018,Gender,Male,87,80,80,
Kenya,KE,2018,Gender,Female,90,82,78,
Kenya,KE,2018,Religion,Muslim,88,73,61,
Kenya,KE,2018,Religion,Christian,89,83,82,
Kenya,KE,2018,Religion,Atheist/agnostic,0,0,0,
Kenya,KE,2018,Religion,Hindu,100,100,100,
Kenya,KE,2018,Religion,Other,74,74,70,
Kenya,KE,2020,Age,18-24,86,78,77,51
Kenya,KE,2020,Age,25-34,84,79,75,54
Kenya,KE,2020,Age,35-44,90,81,84,62
Kenya,KE,2020,Age,45-54,85,77,79,48
Kenya,KE,2020,Age,55-64,94,97,83,47
Kenya,KE,2020,Age,65,100,89,100,56
Kenya,KE,2020,Education,Primary and below,88,87,84,50
Kenya,KE,2020,Employment,Employed,90,83,79,59
Kenya,KE,2020,Employment,Homemaker/other,85,83,79,51
Kenya,KE,2020,Employment,Student,84,75,79,50
Kenya,KE,2020,Employment,Unemployed,85,74,74,48
Kenya,KE,2020,Gender,Male,88,80,79,55
Kenya,KE,2020,Gender,Female,85,79,77,52
Kenya,KE,2020,Region,Central,82,78,75,55
Kenya,KE,2020,Region,Coast,90,80,77,53
Kenya,KE,2020,Region,Eastern,87,75,75,60
Kenya,KE,2020,Region,North Eastern,82,73,63,51
Kenya,KE,2020,Region,Nyanza,84,78,77,50
Kenya,KE,2020,Region,Rift Valley,91,83,82,52
Kenya,KE,2020,Region,Western,86,84,89,52
Kenya,KE,2020,Religion,Christian,87,80,79,54
Kenya,KE,2022,Age,18-24,82,84,79,56
Kenya,KE,2022,Age,25-34,83,88,86,63
Kenya,KE,2022,Age,35-44,88,91,86,64
Kenya,KE,2022,Age,45-54,90,86,90,69
Kenya,KE,2022,Age,55-64,85,91,86,68
Kenya,KE,2022,Age,65,91,92,90,81
Kenya,KE,2022,Education,Primary and below,86,87,84,64
Kenya,KE,2022,Education,Secondary and Vocational,84,88,83,59
Kenya,KE,2022,Education,University and above,83,88,89,69
Kenya,KE,2022,Employment,Employed,84,89,85,66
Kenya,KE,2022,Employment,Homemaker/other,85,88,84,60
Kenya,KE,2022,Employment,Student,88,88,86,62
Kenya,KE,2022,Employment,Unemployed,83,86,83,58
Kenya,KE,2022,Gender,Male,85,88,86,64
Kenya,KE,2022,Gender,Female,84,87,83,61
Kenya,KE,2022,Region,Central,81,85,83,57
Kenya,KE,2022,Region,Coast,84,90,89,63
Kenya,KE,2022,Region,Eastern,83,88,83,64
Kenya,KE,2022,Region,North Eastern,75,83,77,67
Kenya,KE,2022,Region,Nyanza,90,87,83,59
Kenya,KE,2022,Region,Rift Valley,85,89,84,68
Kenya,KE,2022,Region,Western,88,90,89,57
Kenya,KE,2022,Region,Mombasa City,83,88,83,56
Kenya,KE,2022,Religion,Muslim,73,87,81,65
Kenya,KE,2022,Religion,Christian,86,87,85,61
Kenya,KE,2022,Religion,Other,81,81,73,54
Kenya,KE,2023,Age,18-24,87,86,80,79
Kenya,KE,2023,Age,25-34,92,89,83,84
Kenya,KE,2023,Age,35-44,93,90,90,87
Kenya,KE,2023,Age,45-54,93,90,86,90
Kenya,KE,2023,Age,55,92,93,94,94
Kenya,KE,2023,Age,Don't know/ Refused,100,100,50,100
Kenya,KE,2023,Education,Don't know/ Refused,100,100,100,100
Kenya,KE,2023,Education,Primary and below,94,92,87,89
Kenya,KE,2023,Education,Secondary and Vocational,87,86,80,81
Kenya,KE,2023,Education,University and above,93,89,88,84
Kenya,KE,2023,Gender,Male,92,86,85,82
Kenya,KE,2023,Gender,Female,90,91,83,86
Kenya,KE,2023,Religion,Christian,90,88,84,84
Kenya,KE,2023,Religion,Don't know/ Refused,100,93,86,79
Kenya,KE,2023,Religion,Muslim,96,93,84,84
Kosovo,XK,2015,Age,18-24,95,82,88,60
Kosovo,XK,2015,Age,25-34,98,85,90,56
Kosovo,XK,2015,Age,35-44,99,86,90,58
Kosovo,XK,2015,Age,45-54,98,81,90,52
Kosovo,XK,2015,Age,55-64,96,84,91,62
Kosovo,XK,2015,Age,65,91,77,84,63
Kosovo,XK,2015,Education,Primary and below,96,82,88,61
Kosovo,XK,2015,Education,Secondary and Vocational,97,87,90,58
Kosovo,XK,2015,Education,University and above,99,83,95,56
Kosovo,XK,2015,Employment,Employed,99,85,91,56
Kosovo,XK,2015,Employment,Homemaker/other,96,83,88,56
Kosovo,XK,2015,Employment,Student,92,81,87,56
Kosovo,XK,2015,Employment,Unemployed,98,81,90,64
Kosovo,XK,2015,Gender,Male,97,83,90,60
Kosovo,XK,2015,Gender,Female,97,83,88,56
Kosovo,XK,2015,Religion,Muslim,97,83,89,57
Kosovo,XK,2015,Religion,Christian,100,90,100,100
Kosovo,XK,2015,Religion,Atheist/agnostic,100,100,100,42
Kosovo,XK,2018,Age,18-24,89,73,78,
Kosovo,XK,2018,Age,25-34,84,63,65,
Kosovo,XK,2018,Age,35-44,84,60,67,
Kosovo,XK,2018,Age,45-54,87,61,74,
Kosovo,XK,2018,Age,55-64,92,62,72,
Kosovo,XK,2018,Age,65,89,54,63,
Kosovo,XK,2018,Education,Primary and below,87,64,68,
Kosovo,XK,2018,Education,Secondary and Vocational,88,67,76,
Kosovo,XK,2018,Education,University and above,87,58,78,
Kosovo,XK,2018,Gender,Male,87,61,73,
Kosovo,XK,2018,Gender,Female,87,68,70,
Kosovo,XK,2018,Religion,Muslim,88,65,72,
Kosovo,XK,2018,Religion,Christian,76,53,67,
Kosovo,XK,2018,Religion,Other,100,100,83,
Kosovo,XK,2019,Age,18-24,91,87,84,57
Kosovo,XK,2019,Age,25-34,97,89,87,56
Kosovo,XK,2019,Age,35-44,96,86,86,55
Kosovo,XK,2019,Age,45-54,94,88,86,61
Kosovo,XK,2019,Age,55-64,90,78,80,59
Kosovo,XK,2019,Age,65,91,80,80,64
Kosovo,XK,2019,Education,Primary and below,94,82,82,60
Kosovo,XK,2019,Education,Secondary and Vocational,93,85,82,55
Kosovo,XK,2019,Education,University and above,98,91,94,61
Kosovo,XK,2019,Employment,Employed,92,84,83,53
Kosovo,XK,2019,Employment,Homemaker/other,94,84,84,58
Kosovo,XK,2019,Employment,Student,97,94,90,58
Kosovo,XK,2019,Employment,Unemployed,94,83,85,64
Kosovo,XK,2019,Gender,Male,92,85,83,57
Kosovo,XK,2019,Gender,Female,96,86,86,59
Kosovo,XK,2019,Religion,Muslim,94,85,85,58
Kosovo,XK,2019,Religion,Christian,75,81,69,38
Kosovo,XK,2019,Religion,Atheist/agnostic,100,100,100,100
Kuwait,KW,2018,Age,18-24,79,74,74,
Kuwait,KW,2018,Age,25-34,83,73,75,
Kuwait,KW,2018,Age,35-44,82,77,77,
Kuwait,KW,2018,Age,45-54,89,83,83,
Kuwait,KW,2018,Age,55-64,86,83,79,
Kuwait,KW,2018,Age,65,100,100,48,
Kuwait,KW,2018,Education,Primary and below,73,68,63,
Kuwait,KW,2018,Education,Secondary and Vocational,82,76,77,
Kuwait,KW,2018,Education,University and above,85,78,79,
Kuwait,KW,2018,Gender,Male,80,74,74,
Kuwait,KW,2018,Gender,Female,86,79,80,
Kuwait,KW,2018,Religion,Muslim,84,79,79,
Kyrgyzstan,KG,2018,Age,18-24,58,41,43,
Kyrgyzstan,KG,2018,Age,25-34,65,56,56,
Kyrgyzstan,KG,2018,Age,35-44,79,60,61,
Kyrgyzstan,KG,2018,Age,45-54,84,62,70,
Kyrgyzstan,KG,2018,Age,55-64,73,59,59,
Kyrgyzstan,KG,2018,Age,65,68,56,57,
Kyrgyzstan,KG,2018,Education,Primary and below,58,38,43,
Kyrgyzstan,KG,2018,Education,Secondary and Vocational,71,56,57,
Kyrgyzstan,KG,2018,Education,University and above,74,59,63,
Kyrgyzstan,KG,2018,Gender,Male,63,45,47,
Kyrgyzstan,KG,2018,Gender,Female,74,60,62,
Kyrgyzstan,KG,2018,Religion,Muslim,67,54,54,
Kyrgyzstan,KG,2018,Religion,Christian,89,40,65,
Kyrgyzstan,KG,2018,Religion,Atheist/agnostic,100,0,100,
Kyrgyzstan,KG,2018,Religion,Other,17,17,17,
Lao PDR,LA,2018,Age,18-24,45,41,41,
Lao PDR,LA,2018,Age,25-34,52,47,46,
Lao PDR,LA,2018,Age,35-44,53,49,48,
Lao PDR,LA,2018,Age,45-54,59,57,57,
Lao PDR,LA,2018,Age,55-64,61,62,57,
Lao PDR,LA,2018,Age,65,46,46,45,
Lao PDR,LA,2018,Education,Primary and below,38,37,34,
Lao PDR,LA,2018,Education,Secondary and Vocational,58,54,55,
Lao PDR,LA,2018,Education,University and above,88,81,85,
Lao PDR,LA,2018,Gender,Male,51,49,48,
Lao PDR,LA,2018,Gender,Female,51,47,46,
Lao PDR,LA,2018,Religion,Christian,34,34,31,
Lao PDR,LA,2018,Religion,Buddhist,56,53,52,
Lao PDR,LA,2018,Religion,Other,39,37,36,
Lao PDR,LA,2021,Education,Primary and below,89,95,91,79
Lao PDR,LA,2021,Education,Secondary and Vocational,82,91,92,53
Lao PDR,LA,2021,Education,University and above,85,98,96,39
Lao PDR,LA,2021,Employment,Employed,86,95,93,62
Lao PDR,LA,2021,Employment,Homemaker/other,87,91,90,62
Lao PDR,LA,2021,Employment,Student,75,85,85,33
Lao PDR,LA,2021,Employment,Unemployed,75,90,93,54
Lao PDR,LA,2021,Gender,Male,85,93,93,61
Lao PDR,LA,2021,Gender,Female,82,92,91,55
Lao PDR,LA,2021,Religion,Christian,88,94,100,63
Lao PDR,LA,2021,Religion,Buddhist,84,94,92,55
Lao PDR,LA,2021,Religion,Animist,84,90,91,68
Lao PDR,LA,2022,Age,18-24,85,89,88,70
Lao PDR,LA,2022,Age,25-34,88,88,88,72
Lao PDR,LA,2022,Age,35-44,93,91,92,81
Lao PDR,LA,2022,Age,45-54,95,93,98,82
Lao PDR,LA,2022,Age,55-64,92,97,95,86
Lao PDR,LA,2022,Education,Primary and below,89,93,90,81
Lao PDR,LA,2022,Education,Secondary and Vocational,89,91,91,78
Lao PDR,LA,2022,Education,University and above,91,89,91,73
Lao PDR,LA,2022,Employment,Employed,90,91,93,78
Lao PDR,LA,2022,Employment,Homemaker/other,94,93,92,84
Lao PDR,LA,2022,Employment,Student,80,89,93,62
Lao PDR,LA,2022,Employment,Unemployed,88,86,80,69
Lao PDR,LA,2022,Gender,Male,88,92,93,77
Lao PDR,LA,2022,Gender,Female,92,90,89,76
Lao PDR,LA,2022,Region,Central,88,91,89,79
Lao PDR,LA,2022,Region,Northern,89,91,92,78
Lao PDR,LA,2022,Region, Capital city,92,91,94,81
Lao PDR,LA,2022,Region, Southern,92,89,93,72
Lao PDR,LA,2022,Religion,Christian,85,88,88,83
Lao PDR,LA,2022,Religion,Atheist/agnostic,100,0,100,0
Lao PDR,LA,2022,Religion,Buddhist,91,91,91,77
Lao PDR,LA,2022,Religion,Animist,86,90,92,76
Latvia,LV,2015,Age,18-24,86,75,70,74
Latvia,LV,2015,Age,25-34,86,71,79,82
Latvia,LV,2015,Age,35-44,83,73,77,84
Latvia,LV,2015,Age,45-54,84,71,79,81
Latvia,LV,2015,Age,55-64,86,69,77,84
Latvia,LV,2015,Age,65,86,75,81,86
Latvia,LV,2015,Education,Primary and below,87,56,57,51
Latvia,LV,2015,Education,Secondary and Vocational,82,68,73,76
Latvia,LV,2015,Education,University and above,87,74,81,87
Latvia,LV,2015,Employment,Employed,85,72,78,83
Latvia,LV,2015,Employment,Homemaker/other,90,77,83,85
Latvia,LV,2015,Employment,Student,93,79,73,82
Latvia,LV,2015,Employment,Unemployed,69,50,52,63
Latvia,LV,2015,Gender,Male,85,72,79,82
Latvia,LV,2015,Gender,Female,85,71,76,82
Latvia,LV,2015,Religion,Christian,86,72,79,87
Latvia,LV,2015,Religion,Atheist/agnostic,88,79,82,80
Latvia,LV,2015,Religion,Buddhist,79,79,79,100
Latvia,LV,2015,Religion,Jewish,100,100,100,100
Latvia,LV,2015,Religion,Other,70,56,64,71
Latvia,LV,2018,Age,18-24,62,48,53,
Latvia,LV,2018,Age,25-34,76,53,55,
Latvia,LV,2018,Age,35-44,69,38,46,
Latvia,LV,2018,Age,45-54,69,40,45,
Latvia,LV,2018,Age,55-64,70,42,46,
Latvia,LV,2018,Age,65,73,43,48,
Latvia,LV,2018,Education,Primary and below,61,38,38,
Latvia,LV,2018,Education,Secondary and Vocational,73,44,50,
Latvia,LV,2018,Education,University and above,75,49,55,
Latvia,LV,2018,Gender,Male,63,46,48,
Latvia,LV,2018,Gender,Female,77,42,49,
Latvia,LV,2018,Religion,Christian,77,45,52,
Latvia,LV,2018,Religion,Atheist/agnostic,57,43,42,
Latvia,LV,2018,Religion,Buddhist,66,66,66,
Latvia,LV,2018,Religion,Other,38,38,38,
Latvia,LV,2020,Age,18-24,50,57,57,57
Latvia,LV,2020,Age,25-34,52,56,58,60
Latvia,LV,2020,Age,35-44,57,58,63,61
Latvia,LV,2020,Age,45-54,63,60,65,63
Latvia,LV,2020,Age,55-64,67,65,69,71
Latvia,LV,2020,Age,65,65,73,78,77
Latvia,LV,2020,Education,Primary and below,38,46,40,46
Latvia,LV,2020,Education,Secondary and Vocational,55,57,61,60
Latvia,LV,2020,Education,University and above,66,67,71,71
Latvia,LV,2020,Gender,Male,57,60,64,62
Latvia,LV,2020,Gender,Female,61,62,65,66
Latvia,LV,2020,Gender,Other,67,0,67,33
Latvia,LV,2020,Gender,Prefer not to say,33,50,33,50
Latvia,LV,2020,Region,Kurzeme,60,58,61,63
Latvia,LV,2020,Region,Latgale,55,59,63,63
Latvia,LV,2020,Region,Pier?Ga,61,61,69,69
Latvia,LV,2020,Region,R?Ga,63,66,69,67
Latvia,LV,2020,Region,Vidzeme,51,50,55,52
Latvia,LV,2020,Region,Zemgale,54,59,58,66
Latvia,LV,2020,Religion,Muslim,80,60,60,80
Latvia,LV,2020,Religion,Christian,60,63,65,66
Latvia,LV,2020,Religion,Jewish,100,50,50,50
Latvia,LV,2020,Religion,Other,53,52,57,57
Latvia,LV,2020,Religion,Atheist/agnostic ,70,73,78,78
Latvia,LV,2023,Age,18-24,50,50,48,48
Latvia,LV,2023,Age,25-34,36,40,39,38
Latvia,LV,2023,Age,35-44,35,40,41,36
Latvia,LV,2023,Age,45-54,43,36,38,44
Latvia,LV,2023,Age,55,53,45,50,55
Latvia,LV,2023,Age,Don't know/ Refused,0,100,0,100
Latvia,LV,2023,Education,Don't know/ Refused,11,0,0,11
Latvia,LV,2023,Education,Primary and below,31,42,38,31
Latvia,LV,2023,Education,Secondary and Vocational,40,36,39,40
Latvia,LV,2023,Education,University and above,53,50,53,57
Latvia,LV,2023,Gender,Male,49,46,48,49
Latvia,LV,2023,Gender,Female,41,39,41,44
Latvia,LV,2023,Gender,Don't know/ Prefer not to say,100,100,100,100
Latvia,LV,2023,Religion,Atheist/agnostic,53,49,52,51
Latvia,LV,2023,Religion,Buddhist,100,100,100,100
Latvia,LV,2023,Religion,Christian,40,39,42,46
Latvia,LV,2023,Religion,Don't know/ Refused,41,35,31,30
Latvia,LV,2023,Religion,Hindu,0,0,0,0
Latvia,LV,2023,Religion,Jewish,100,0,50,100
Latvia,LV,2023,Religion,Muslim,67,33,33,67
Latvia,LV,2023,Religion,Other,47,47,38,36
Lebanon,LB,2015,Age,18-24,97,93,93,81
Lebanon,LB,2015,Age,25-34,97,82,88,80
Lebanon,LB,2015,Age,35-44,95,80,88,79
Lebanon,LB,2015,Age,45-54,97,84,88,82
Lebanon,LB,2015,Age,55-64,99,85,90,75
Lebanon,LB,2015,Age,65,95,86,93,79
Lebanon,LB,2015,Education,Primary and below,98,84,89,79
Lebanon,LB,2015,Education,Secondary and Vocational,98,84,91,81
Lebanon,LB,2015,Education,University and above,96,86,90,79
Lebanon,LB,2015,Employment,Employed,96,83,89,76
Lebanon,LB,2015,Employment,Homemaker/other,98,88,93,86
Lebanon,LB,2015,Employment,Student,98,95,93,79
Lebanon,LB,2015,Employment,Unemployed,100,77,83,83
Lebanon,LB,2015,Gender,Male,97,86,89,78
Lebanon,LB,2015,Gender,Female,97,85,91,81
Lebanon,LB,2015,Religion,Muslim,99,87,92,81
Lebanon,LB,2015,Religion,Christian,95,84,87,82
Lebanon,LB,2015,Religion,Atheist/agnostic,100,100,100,61
Lebanon,LB,2015,Religion,Other,100,100,100,0
Lebanon,LB,2018,Age,18-24,93,77,78,
Lebanon,LB,2018,Age,25-34,97,81,91,
Lebanon,LB,2018,Age,35-44,98,87,87,
Lebanon,LB,2018,Age,45-54,98,86,91,
Lebanon,LB,2018,Age,55-64,97,87,81,
Lebanon,LB,2018,Age,65,98,88,88,
Lebanon,LB,2018,Education,Primary and below,95,85,86,
Lebanon,LB,2018,Education,Secondary and Vocational,97,81,84,
Lebanon,LB,2018,Education,University and above,98,87,91,
Lebanon,LB,2018,Gender,Male,95,78,82,
Lebanon,LB,2018,Gender,Female,97,88,89,
Lebanon,LB,2018,Religion,Muslim,97,87,88,
Lebanon,LB,2018,Religion,Christian,96,82,83,
Lebanon,LB,2018,Religion,Atheist/agnostic,92,83,83,
Lebanon,LB,2018,Religion,Other,92,68,86,
Lebanon,LB,2020,Age,18-24,90,82,94,71
Lebanon,LB,2020,Age,25-34,96,86,85,75
Lebanon,LB,2020,Age,35-44,94,91,92,73
Lebanon,LB,2020,Age,45-54,95,87,91,71
Lebanon,LB,2020,Age,55-64,93,91,95,85
Lebanon,LB,2020,Age,65,97,88,86,74
Lebanon,LB,2020,Education,Primary and below,93,84,85,77
Lebanon,LB,2020,Education,Secondary and Vocational,94,89,92,78
Lebanon,LB,2020,Education,University and above,95,88,92,70
Lebanon,LB,2020,Employment,Employed,90,89,91,67
Lebanon,LB,2020,Employment,Homemaker/other,97,89,90,79
Lebanon,LB,2020,Employment,Student,95,82,94,72
Lebanon,LB,2020,Employment,Unemployed,94,89,90,70
Lebanon,LB,2020,Gender,Male,94,87,91,72
Lebanon,LB,2020,Gender,Female,94,88,90,76
Lebanon,LB,2020,Region,Baalbeck & Hermel,96,87,94,74
Lebanon,LB,2020,Region,East Beirut,97,93,93,97
Lebanon,LB,2020,Region,Halba & Akkar,97,89,89,58
Lebanon,LB,2020,Region,Jounieh/ Jbeil & Suburbs,98,91,93,91
Lebanon,LB,2020,Region,Mount Lebanon North,100,91,95,74
Lebanon,LB,2020,Region,Mount Lebanon South,88,88,88,58
Lebanon,LB,2020,Region,Nabatieh & Suburbs,100,92,97,100
Lebanon,LB,2020,Region,Northern Suburbs,89,84,83,85
Lebanon,LB,2020,Region,Saida & Suburbs,100,100,96,70
Lebanon,LB,2020,Region,Southern Suburbs,97,92,94,78
Lebanon,LB,2020,Region,Tripoli & Suburbs,88,75,84,61
Lebanon,LB,2020,Region,Tyr & Suburbs,92,94,90,89
Lebanon,LB,2020,Region,West Beirut,92,80,83,57
Lebanon,LB,2020,Region,West Bekaa,100,87,93,97
Lebanon,LB,2020,Region,Zahle & Suburbs,100,81,88,66
Lebanon,LB,2020,Region,Zgharta & Koura,88,89,97,58
Lebanon,LB,2020,Religion,Muslim,94,86,90,73
Lebanon,LB,2020,Religion,Christian,94,91,92,78
Lebanon,LB,2020,Religion,Atheist/agnostic,78,56,56,44
Lebanon,LB,2020,Religion,Buddhist,100,100,100,100
Lebanon,LB,2020,Religion,Other,100,100,100,67
Liberia,LR,2018,Age,18-24,91,90,58,
Liberia,LR,2018,Age,25-34,88,87,62,
Liberia,LR,2018,Age,35-44,93,90,63,
Liberia,LR,2018,Age,45-54,92,91,70,
Liberia,LR,2018,Age,55-64,91,100,86,
Liberia,LR,2018,Age,65,97,88,78,
Liberia,LR,2018,Education,Primary and below,91,89,64,
Liberia,LR,2018,Education,Secondary and Vocational,92,92,62,
Liberia,LR,2018,Education,University and above,100,100,97,
Liberia,LR,2018,Gender,Male,91,91,59,
Liberia,LR,2018,Gender,Female,92,89,69,
Liberia,LR,2018,Religion,Muslim,86,87,64,
Liberia,LR,2018,Religion,Christian,92,91,66,
Liberia,LR,2018,Religion,Other,93,82,56,
Liberia,LR,2022,Age,18-24,76,78,75,67
Liberia,LR,2022,Age,25-34,74,77,72,64
Liberia,LR,2022,Age,35-44,79,80,81,70
Liberia,LR,2022,Age,45-54,78,84,84,74
Liberia,LR,2022,Age,55-64,81,81,81,70
Liberia,LR,2022,Age,65,92,85,85,77
Liberia,LR,2022,Education,Primary and below,76,77,74,67
Liberia,LR,2022,Education,Secondary and Vocational,75,78,75,67
Liberia,LR,2022,Education,University and above,81,83,83,66
Liberia,LR,2022,Employment,Employed,78,81,80,68
Liberia,LR,2022,Employment,Homemaker/other,71,74,73,59
Liberia,LR,2022,Employment,Student,79,80,73,69
Liberia,LR,2022,Employment,Unemployed,75,77,75,67
Liberia,LR,2022,Gender,Male,78,79,78,66
Liberia,LR,2022,Gender,Female,74,78,74,67
Liberia,LR,2022,Region,Maryland,69,91,84,75
Liberia,LR,2022,Region,Bassa,82,86,86,78
Liberia,LR,2022,Region,Bomi,60,80,75,85
Liberia,LR,2022,Region,Bong,79,77,77,57
Liberia,LR,2022,Region,Cape Mount,87,93,87,80
Liberia,LR,2022,Region,Gbarpolu,88,94,94,65
Liberia,LR,2022,Region,Grand Gedeh,87,87,87,57
Liberia,LR,2022,Region,Grand Kru,83,100,100,72
Liberia,LR,2022,Region,Lofa,80,80,76,67
Liberia,LR,2022,Region,Margibi,87,84,82,84
Liberia,LR,2022,Region,Montserrado,74,79,75,69
Liberia,LR,2022,Region,Nimba,57,53,50,40
Liberia,LR,2022,Region,River Gee,100,100,100,100
Liberia,LR,2022,Region,Rivercess,91,94,91,94
Liberia,LR,2022,Region,Sinoe,68,58,60,58
Liberia,LR,2022,Religion,Muslim,81,86,77,74
Liberia,LR,2022,Religion,Christian,76,78,76,67
Liberia,LR,2022,Religion,Other,64,64,64,36
Liberia,LR,2023,Age,18-24,93,87,71,75
Liberia,LR,2023,Age,25-34,95,91,78,79
Liberia,LR,2023,Age,35-44,90,90,84,79
Liberia,LR,2023,Age,45-54,89,84,89,76
Liberia,LR,2023,Age,55,93,87,84,78
Liberia,LR,2023,Education,Don't know/ Refused,85,100,77,38
Liberia,LR,2023,Education,Primary and below,93,90,74,77
Liberia,LR,2023,Education,Secondary and Vocational,93,87,77,78
Liberia,LR,2023,Education,University and above,93,88,83,77
Liberia,LR,2023,Gender,Male,92,87,80,78
Liberia,LR,2023,Gender,Female,94,90,73,76
Liberia,LR,2023,Religion,Christian,93,89,78,77
Liberia,LR,2023,Religion,Don't know/ Refused,100,60,60,80
Liberia,LR,2023,Religion,Muslim,91,88,74,74
Liberia,LR,2023,Religion,Other,100,75,88,75
Libya,LY,2018,Age,18-24,67,52,57,
Libya,LY,2018,Age,25-34,81,69,68,
Libya,LY,2018,Age,35-44,78,68,63,
Libya,LY,2018,Age,45-54,84,82,75,
Libya,LY,2018,Age,55-64,87,63,80,
Libya,LY,2018,Age,65,37,45,45,
Libya,LY,2018,Education,Primary and below,63,56,56,
Libya,LY,2018,Education,Secondary and Vocational,76,63,64,
Libya,LY,2018,Education,University and above,86,75,74,
Libya,LY,2018,Gender,Male,72,61,66,
Libya,LY,2018,Gender,Female,80,68,64,
Libya,LY,2018,Religion,Muslim,76,64,65,
Lithuania,LT,2018,Age,18-24,50,42,44,
Lithuania,LT,2018,Age,25-34,64,46,58,
Lithuania,LT,2018,Age,35-44,59,45,58,
Lithuania,LT,2018,Age,45-54,53,44,48,
Lithuania,LT,2018,Age,55-64,49,37,37,
Lithuania,LT,2018,Age,65,45,31,33,
Lithuania,LT,2018,Education,Primary and below,14,6,10,
Lithuania,LT,2018,Education,Secondary and Vocational,53,40,46,
Lithuania,LT,2018,Education,University and above,72,54,67,
Lithuania,LT,2018,Gender,Male,44,33,39,
Lithuania,LT,2018,Gender,Female,60,46,52,
Lithuania,LT,2018,Religion,Christian,54,41,46,
Lithuania,LT,2018,Religion,Atheist/agnostic,54,36,61,
Lithuania,LT,2018,Religion,Other,42,100,70,
Lithuania,LT,2020,Age,18-24,60,69,72,70
Lithuania,LT,2020,Age,25-34,63,68,75,70
Lithuania,LT,2020,Age,35-44,56,62,65,67
Lithuania,LT,2020,Age,45-54,70,74,78,75
Lithuania,LT,2020,Age,55-64,83,80,86,84
Lithuania,LT,2020,Age,65,76,80,83,83
Lithuania,LT,2020,Education,Primary and below,42,45,49,49
Lithuania,LT,2020,Education,Secondary and Vocational,64,69,73,71
Lithuania,LT,2020,Education,University and above,79,81,86,85
Lithuania,LT,2020,Gender,Male,69,73,81,76
Lithuania,LT,2020,Gender,Female,68,72,74,74
Lithuania,LT,2020,Gender,Other,83,67,67,67
Lithuania,LT,2020,Gender,Prefer not to say,57,43,29,43
Lithuania,LT,2020,Region,Alytaus Apskritis,63,77,71,79
Lithuania,LT,2020,Region,Kauno Apskritis,66,69,73,74
Lithuania,LT,2020,Region,Klaip?Dos Apskritis,68,74,81,70
Lithuania,LT,2020,Region,Marijampol?S Apskritis,63,65,70,70
Lithuania,LT,2020,Region,Panev?Zio Apskritis,73,72,67,66
Lithuania,LT,2020,Region,Siauli? Apskritis,64,68,71,75
Lithuania,LT,2020,Region,Taurag?S Apskritis,79,79,83,71
Lithuania,LT,2020,Region,Telsi? Apskritis,63,67,71,71
Lithuania,LT,2020,Region,Utenos Apskritis,70,76,78,76
Lithuania,LT,2020,Region,Vilniaus Apskritis,73,76,84,81
Lithuania,LT,2020,Religion,Muslim,33,33,100,67
Lithuania,LT,2020,Religion,Christian,70,75,78,78
Lithuania,LT,2020,Religion,Jewish,57,57,71,71
Lithuania,LT,2020,Religion,Other,48,64,70,58
Lithuania,LT,2020,Religion,Atheist/agnostic ,82,81,88,91
Lithuania,LT,2023,Age,18-24,44,55,56,57
Lithuania,LT,2023,Age,25-34,45,49,51,44
Lithuania,LT,2023,Age,35-44,42,48,55,57
Lithuania,LT,2023,Age,45-54,44,50,54,52
Lithuania,LT,2023,Age,55,53,59,66,69
Lithuania,LT,2023,Age,Don't know/ Refused,0,50,50,0
Lithuania,LT,2023,Education,Don't know/ Refused,25,25,25,25
Lithuania,LT,2023,Education,Primary and below,41,41,41,35
Lithuania,LT,2023,Education,Secondary and Vocational,41,45,48,49
Lithuania,LT,2023,Education,University and above,54,62,70,70
Lithuania,LT,2023,Gender,Male,54,57,63,63
Lithuania,LT,2023,Gender,Female,43,51,55,56
Lithuania,LT,2023,Gender,Don't know/ Prefer not to say,0,0,50,50
Lithuania,LT,2023,Religion,Atheist/agnostic,52,60,66,62
Lithuania,LT,2023,Religion,Buddhist,20,20,20,20
Lithuania,LT,2023,Religion,Christian,48,54,59,60
Lithuania,LT,2023,Religion,Don't know/ Refused,17,25,33,29
Lithuania,LT,2023,Religion,Jewish,100,100,100,0
Lithuania,LT,2023,Religion,Muslim,50,0,50,50
Lithuania,LT,2023,Religion,Other,43,43,36,43
Luxembourg,LU,2018,Age,18-24,75,61,68,
Luxembourg,LU,2018,Age,25-34,80,64,80,
Luxembourg,LU,2018,Age,35-44,81,63,80,
Luxembourg,LU,2018,Age,45-54,87,64,75,
Luxembourg,LU,2018,Age,55-64,88,70,80,
Luxembourg,LU,2018,Age,65,86,74,73,
Luxembourg,LU,2018,Education,Primary and below,74,69,60,
Luxembourg,LU,2018,Education,Secondary and Vocational,82,66,74,
Luxembourg,LU,2018,Education,University and above,86,65,84,
Luxembourg,LU,2018,Gender,Male,80,64,72,
Luxembourg,LU,2018,Gender,Female,85,67,79,
Luxembourg,LU,2018,Religion,Muslim,58,53,55,
Luxembourg,LU,2018,Religion,Christian,84,67,77,
Luxembourg,LU,2018,Religion,Atheist/agnostic,78,61,74,
Luxembourg,LU,2018,Religion,Buddhist,100,23,23,
Luxembourg,LU,2018,Religion,Jewish,92,92,92,
Luxembourg,LU,2018,Religion,Other,100,79,0,
Luxembourg,LU,2020,Age,18-24,81,81,87,64
Luxembourg,LU,2020,Age,25-34,80,77,91,75
Luxembourg,LU,2020,Age,35-44,86,82,92,86
Luxembourg,LU,2020,Age,45-54,88,89,93,89
Luxembourg,LU,2020,Age,55-64,91,88,89,87
Luxembourg,LU,2020,Age,65,89,91,96,90
Luxembourg,LU,2020,Education,Primary and below,92,83,92,75
Luxembourg,LU,2020,Education,Secondary and Vocational,85,84,92,81
Luxembourg,LU,2020,Education,University and above,87,85,91,87
Luxembourg,LU,2020,Gender,Male,85,86,91,83
Luxembourg,LU,2020,Gender,Female,87,84,93,84
Luxembourg,LU,2020,Region,East,88,86,94,87
Luxembourg,LU,2020,Region,Luxembourg City,89,85,92,83
Luxembourg,LU,2020,Region,North,84,89,91,87
Luxembourg,LU,2020,Region,Rest Of The Center,87,89,95,86
Luxembourg,LU,2020,Region,South,84,80,89,78
Luxembourg,LU,2020,Religion,Muslim,40,80,60,80
Luxembourg,LU,2020,Religion,Christian,85,85,90,83
Luxembourg,LU,2020,Religion,Other,75,75,100,75
Luxembourg,LU,2020,Religion,Atheist/agnostic ,91,88,96,86
Macedonia,MK,2015,Age,18-24,87,75,81,70
Macedonia,MK,2015,Age,25-34,86,73,79,65
Macedonia,MK,2015,Age,35-44,86,76,85,71
Macedonia,MK,2015,Age,45-54,82,71,81,66
Macedonia,MK,2015,Age,55-64,87,74,83,67
Macedonia,MK,2015,Age,65,84,70,78,62
Macedonia,MK,2015,Education,Primary and below,84,74,81,68
Macedonia,MK,2015,Education,Secondary and Vocational,85,74,81,68
Macedonia,MK,2015,Education,University and above,87,72,83,62
Macedonia,MK,2015,Employment,Employed,86,73,80,68
Macedonia,MK,2015,Employment,Homemaker/other,86,73,82,65
Macedonia,MK,2015,Employment,Student,80,64,75,61
Macedonia,MK,2015,Employment,Unemployed,86,77,85,69
Macedonia,MK,2015,Gender,Male,84,71,80,66
Macedonia,MK,2015,Gender,Female,87,75,83,68
Macedonia,MK,2015,Religion,Muslim,89,79,86,73
Macedonia,MK,2015,Religion,Christian,84,71,79,64
Macedonia,MK,2015,Religion,Atheist/agnostic,78,68,87,41
Macedonia,MK,2018,Age,18-24,67,44,49,
Macedonia,MK,2018,Age,25-34,77,48,60,
Macedonia,MK,2018,Age,35-44,68,54,57,
Macedonia,MK,2018,Age,45-54,78,47,56,
Macedonia,MK,2018,Age,55-64,76,51,55,
Macedonia,MK,2018,Age,65,84,55,63,
Macedonia,MK,2018,Education,Primary and below,77,53,56,
Macedonia,MK,2018,Education,Secondary and Vocational,73,46,54,
Macedonia,MK,2018,Education,University and above,77,54,66,
Macedonia,MK,2018,Gender,Male,71,45,54,
Macedonia,MK,2018,Gender,Female,78,55,59,
Macedonia,MK,2018,Religion,Muslim,68,46,52,
Macedonia,MK,2018,Religion,Christian,79,52,59,
Macedonia,MK,2018,Religion,Atheist/agnostic,23,0,63,
Macedonia,MK,2019,Age,18-24,81,72,75,65
Macedonia,MK,2019,Age,25-34,83,65,72,61
Macedonia,MK,2019,Age,35-44,85,65,75,66
Macedonia,MK,2019,Age,45-54,90,76,83,69
Macedonia,MK,2019,Age,55-64,87,67,73,62
Macedonia,MK,2019,Age,65,88,70,76,71
Macedonia,MK,2019,Education,Primary and below,93,78,84,75
Macedonia,MK,2019,Education,Secondary and Vocational,83,66,71,64
Macedonia,MK,2019,Education,University and above,86,67,78,61
Macedonia,MK,2019,Employment,Employed,85,68,76,64
Macedonia,MK,2019,Employment,Homemaker/other,89,72,79,70
Macedonia,MK,2019,Employment,Student,78,74,74,64
Macedonia,MK,2019,Employment,Unemployed,87,62,67,60
Macedonia,MK,2019,Gender,Male,86,70,74,67
Macedonia,MK,2019,Gender,Female,87,68,77,65
Macedonia,MK,2019,Religion,Muslim,91,79,84,70
Macedonia,MK,2019,Religion,Christian,84,65,72,64
Macedonia,MK,2019,Religion,Atheist/agnostic,50,50,50,50
Macedonia,MK,2019,Religion,Other,100,100,100,100
Madagascar,MG,2018,Age,18-24,78,67,72,
Madagascar,MG,2018,Age,25-34,84,73,79,
Madagascar,MG,2018,Age,35-44,81,72,75,
Madagascar,MG,2018,Age,45-54,82,75,76,
Madagascar,MG,2018,Age,55-64,81,74,77,
Madagascar,MG,2018,Age,65,77,70,81,
Madagascar,MG,2018,Education,Primary and below,79,70,74,
Madagascar,MG,2018,Education,Secondary and Vocational,85,73,80,
Madagascar,MG,2018,Education,University and above,83,74,78,
Madagascar,MG,2018,Gender,Male,80,68,76,
Madagascar,MG,2018,Gender,Female,81,73,75,
Madagascar,MG,2018,Religion,Muslim,68,54,53,
Madagascar,MG,2018,Religion,Christian,82,72,78,
Madagascar,MG,2018,Religion,Atheist/agnostic,76,68,68,
Madagascar,MG,2018,Religion,Other,74,59,64,
Malawi,MW,2018,Age,18-24,82,76,79,
Malawi,MW,2018,Age,25-34,91,86,88,
Malawi,MW,2018,Age,35-44,92,85,87,
Malawi,MW,2018,Age,45-54,91,88,88,
Malawi,MW,2018,Age,55-64,86,79,82,
Malawi,MW,2018,Age,65,73,75,74,
Malawi,MW,2018,Education,Primary and below,85,80,83,
Malawi,MW,2018,Education,Secondary and Vocational,89,83,83,
Malawi,MW,2018,Education,University and above,84,76,84,
Malawi,MW,2018,Gender,Male,82,76,80,
Malawi,MW,2018,Gender,Female,90,86,86,
Malawi,MW,2018,Religion,Muslim,83,78,77,
Malawi,MW,2018,Religion,Christian,88,83,86,
Malawi,MW,2018,Religion,Atheist/agnostic,100,31,84,
Malawi,MW,2018,Religion,Other,80,77,75,
Malawi,MW,2020,Age,18-24,87,88,92,91
Malawi,MW,2020,Age,25-34,88,87,89,89
Malawi,MW,2020,Age,35-44,92,89,94,95
Malawi,MW,2020,Age,45-54,95,91,95,93
Malawi,MW,2020,Age,55-64,96,90,96,96
Malawi,MW,2020,Age,65,100,100,100,100
Malawi,MW,2020,Education,Primary and below,90,90,92,92
Malawi,MW,2020,Employment,Employed,92,88,92,94
Malawi,MW,2020,Employment,Homemaker/other,97,95,96,92
Malawi,MW,2020,Employment,Student,90,91,93,94
Malawi,MW,2020,Employment,Unemployed,85,79,87,91
Malawi,MW,2020,Gender,Male,92,88,94,94
Malawi,MW,2020,Gender,Female,89,89,91,91
Malawi,MW,2020,Region,Central Region,88,88,92,91
Malawi,MW,2020,Region,Northern Region,98,98,99,97
Malawi,MW,2020,Region,Southern Region,90,87,91,92
Malawi,MW,2020,Religion,Christian,91,89,93,94
Malawi,MW,2020,Religion,Other,83,100,83,83
Malaysia,MY,2018,Age,18-24,54,53,53,
Malaysia,MY,2018,Age,25-34,71,71,70,
Malaysia,MY,2018,Age,35-44,64,60,55,
Malaysia,MY,2018,Age,45-54,54,55,53,
Malaysia,MY,2018,Age,55-64,51,46,46,
Malaysia,MY,2018,Age,65,37,34,36,
Malaysia,MY,2018,Education,Primary and below,28,27,27,
Malaysia,MY,2018,Education,Secondary and Vocational,60,58,57,
Malaysia,MY,2018,Education,University and above,77,76,74,
Malaysia,MY,2018,Gender,Male,55,52,52,
Malaysia,MY,2018,Gender,Female,60,60,58,
Malaysia,MY,2018,Religion,Muslim,62,59,58,
Malaysia,MY,2018,Religion,Christian,69,70,69,
Malaysia,MY,2018,Religion,Buddhist,48,46,45,
Malaysia,MY,2018,Religion,Hindu,38,39,37,
Malaysia,MY,2018,Religion,Other,14,14,11,
Malaysia,MY,2019,Age,18-24,87,82,81,75
Malaysia,MY,2019,Age,25-34,84,79,79,68
Malaysia,MY,2019,Age,35-44,87,78,80,72
Malaysia,MY,2019,Age,45-54,83,68,77,71
Malaysia,MY,2019,Age,55-64,83,80,74,83
Malaysia,MY,2019,Age,65,80,84,68,68
Malaysia,MY,2019,Education,Primary and below,68,63,66,68
Malaysia,MY,2019,Education,Secondary and Vocational,84,77,76,68
Malaysia,MY,2019,Education,University and above,90,83,84,76
Malaysia,MY,2019,Employment,Employed,86,77,79,72
Malaysia,MY,2019,Employment,Homemaker/other,81,81,71,65
Malaysia,MY,2019,Employment,Student,88,84,82,78
Malaysia,MY,2019,Employment,Unemployed,84,82,84,68
Malaysia,MY,2019,Gender,Male,85,78,79,72
Malaysia,MY,2019,Gender,Female,86,80,79,72
Malaysia,MY,2019,Religion,Muslim,86,81,81,71
Malaysia,MY,2019,Religion,Christian,86,77,77,86
Malaysia,MY,2019,Religion,Atheist/agnostic,89,89,89,79
Malaysia,MY,2019,Religion,Buddhist,87,75,80,76
Malaysia,MY,2019,Religion,Hindu,72,64,56,69
Malaysia,MY,2019,Religion,Jewish,0,0,0,0
Malaysia,MY,2019,Religion,Other,69,62,62,38
Malaysia,MY,2021,Education,Primary and below,72,66,62,66
Malaysia,MY,2021,Education,Secondary and Vocational,71,77,77,65
Malaysia,MY,2021,Education,University and above,76,84,82,79
Malaysia,MY,2021,Employment,Employed,76,81,80,75
Malaysia,MY,2021,Employment,Homemaker/other,75,86,78,74
Malaysia,MY,2021,Employment,Student,75,87,86,72
Malaysia,MY,2021,Employment,Unemployed,69,75,78,65
Malaysia,MY,2021,Gender,Male,75,80,79,72
Malaysia,MY,2021,Gender,Female,74,81,80,74
Malaysia,MY,2021,Religion,Muslim,74,85,81,76
Malaysia,MY,2021,Religion,Christian,75,81,83,73
Malaysia,MY,2021,Religion,Atheist/agnostic,73,82,73,45
Malaysia,MY,2021,Religion,Buddhist,77,73,75,68
Malaysia,MY,2021,Religion,Other,73,82,80,73
Malaysia,MY,2022,Age,18-24,67,68,72,57
Malaysia,MY,2022,Age,25-34,66,69,67,65
Malaysia,MY,2022,Age,35-44,66,65,70,65
Malaysia,MY,2022,Age,45-54,69,75,80,72
Malaysia,MY,2022,Age,55-64,79,81,83,81
Malaysia,MY,2022,Education,Primary and below,48,61,61,48
Malaysia,MY,2022,Education,Secondary and Vocational,64,64,67,57
Malaysia,MY,2022,Education,University and above,70,72,75,70
Malaysia,MY,2022,Employment,Employed,69,70,72,65
Malaysia,MY,2022,Employment,Homemaker/other,58,63,67,57
Malaysia,MY,2022,Employment,Student,70,80,89,73
Malaysia,MY,2022,Employment,Unemployed,61,58,60,61
Malaysia,MY,2022,Gender,Male,67,69,69,63
Malaysia,MY,2022,Gender,Female,68,69,74,66
Malaysia,MY,2022,Region,North,65,67,68,61
Malaysia,MY,2022,Region,South,73,75,73,68
Malaysia,MY,2022,Region, Central,72,72,76,70
Malaysia,MY,2022,Region, East Malaysia,58,55,63,53
Malaysia,MY,2022,Region,East Coast,59,69,71,62
Malaysia,MY,2022,Religion,Muslim,63,69,68,63
Malaysia,MY,2022,Religion,Christian,80,72,80,76
Malaysia,MY,2022,Religion,Atheist/agnostic,77,68,73,55
Malaysia,MY,2022,Religion,Buddhist,71,70,78,66
Malaysia,MY,2022,Religion,Other,68,66,65,63
Malaysia,MY,2022,Religion,Animist,33,0,33,0
Malaysia,MY,2023,Age,18-24,79,80,79,78
Malaysia,MY,2023,Age,25-34,74,73,79,81
Malaysia,MY,2023,Age,35-44,71,74,73,66
Malaysia,MY,2023,Age,45-54,73,71,70,71
Malaysia,MY,2023,Age,55,74,71,74,76
Malaysia,MY,2023,Age,Don't know/ Refused,29,29,29,29
Malaysia,MY,2023,Education,Don't know/ Refused,20,40,60,20
Malaysia,MY,2023,Education,Primary and below,100,100,88,88
Malaysia,MY,2023,Education,Secondary and Vocational,68,68,70,69
Malaysia,MY,2023,Education,University and above,78,77,78,78
Malaysia,MY,2023,Gender,Male,76,75,77,76
Malaysia,MY,2023,Gender,Female,72,72,72,73
Malaysia,MY,2023,Gender,Other,0,0,0,0
Malaysia,MY,2023,Gender,Don't know/ Prefer not to say,100,100,100,100
Malaysia,MY,2023,Religion,Atheist/agnostic,83,75,83,63
Malaysia,MY,2023,Religion,Buddhist,76,70,72,67
Malaysia,MY,2023,Religion,Christian,73,74,71,75
Malaysia,MY,2023,Religion,Don't know/ Refused,50,33,67,17
Malaysia,MY,2023,Religion,Hindu,85,78,93,81
Malaysia,MY,2023,Religion,Muslim,73,74,76,77
Malaysia,MY,2023,Religion,Other,67,50,50,50
Mali,ML,2018,Age,18-24,72,48,63,
Mali,ML,2018,Age,25-34,75,56,74,
Mali,ML,2018,Age,35-44,82,54,71,
Mali,ML,2018,Age,45-54,79,58,79,
Mali,ML,2018,Age,55-64,77,49,76,
Mali,ML,2018,Age,65,78,57,71,
Mali,ML,2018,Education,Primary and below,69,47,64,
Mali,ML,2018,Education,Secondary and Vocational,92,67,84,
Mali,ML,2018,Education,University and above,97,81,86,
Mali,ML,2018,Gender,Male,79,54,72,
Mali,ML,2018,Gender,Female,70,49,64,
Mali,ML,2018,Religion,Muslim,75,52,69,
Mali,ML,2018,Religion,Christian,83,57,81,
Mali,ML,2018,Religion,Atheist/agnostic,100,15,100,
Mali,ML,2018,Religion,Other,46,38,46,
Mali,ML,2022,Age,18-24,86,90,88,83
Mali,ML,2022,Age,25-34,85,91,90,87
Mali,ML,2022,Age,35-44,88,90,89,89
Mali,ML,2022,Age,45-54,91,93,93,90
Mali,ML,2022,Age,55-64,91,92,92,95
Mali,ML,2022,Age,65,96,92,92,94
Mali,ML,2022,Education,Primary and below,90,93,92,90
Mali,ML,2022,Education,Secondary and Vocational,84,84,86,86
Mali,ML,2022,Education,University and above,78,85,78,83
Mali,ML,2022,Employment,Employed,88,91,90,90
Mali,ML,2022,Employment,Homemaker/other,90,92,93,89
Mali,ML,2022,Employment,Student,79,93,88,74
Mali,ML,2022,Employment,Unemployed,84,80,84,84
Mali,ML,2022,Gender,Male,87,90,89,88
Mali,ML,2022,Gender,Female,90,92,92,90
Mali,ML,2022,Region,Bamako,80,79,79,77
Mali,ML,2022,Region,Gao,90,89,88,85
Mali,ML,2022,Region,Kayes,99,98,98,97
Mali,ML,2022,Region,Koulikoro,97,91,92,92
Mali,ML,2022,Region,Mopti,75,97,96,66
Mali,ML,2022,Region,Segou,91,91,91,91
Mali,ML,2022,Region,Sikasso,91,95,96,99
Mali,ML,2022,Region,Tombouctou,78,86,79,99
Mali,ML,2022,Religion,Muslim,88,91,90,89
Mali,ML,2022,Religion,Christian,73,86,82,77
Mali,ML,2022,Religion,Other,100,100,95,95
Mali,ML,2023,Age,18-24,61,66,67,70
Mali,ML,2023,Age,25-34,67,68,69,70
Mali,ML,2023,Age,35-44,69,73,74,71
Mali,ML,2023,Age,45-54,72,75,73,73
Mali,ML,2023,Age,55,70,71,72,78
Mali,ML,2023,Education,Don't know/ Refused,80,90,80,50
Mali,ML,2023,Education,Primary and below,68,71,70,72
Mali,ML,2023,Education,Secondary and Vocational,67,69,72,74
Mali,ML,2023,Education,University and above,67,67,69,71
Mali,ML,2023,Gender,Male,65,66,68,72
Mali,ML,2023,Gender,Female,69,73,73,73
Mali,ML,2023,Religion,Christian,62,59,57,59
Mali,ML,2023,Religion,Don't know/ Refused,0,0,0,100
Mali,ML,2023,Religion,Muslim,68,70,71,73
Mali,ML,2023,Religion,Other,50,25,0,25
Malta,MT,2018,Age,18-24,82,72,75,
Malta,MT,2018,Age,25-34,89,72,78,
Malta,MT,2018,Age,35-44,83,58,73,
Malta,MT,2018,Age,45-54,84,70,75,
Malta,MT,2018,Age,55-64,93,83,83,
Malta,MT,2018,Age,65,92,83,82,
Malta,MT,2018,Education,Primary and below,89,81,78,
Malta,MT,2018,Education,Secondary and Vocational,86,73,79,
Malta,MT,2018,Education,University and above,91,69,74,
Malta,MT,2018,Gender,Male,84,74,75,
Malta,MT,2018,Gender,Female,91,74,81,
Malta,MT,2018,Religion,Muslim,22,22,22,
Malta,MT,2018,Religion,Christian,88,74,78,
Malta,MT,2018,Religion,Atheist/agnostic,85,66,78,
Malta,MT,2018,Religion,Other,100,100,100,
Malta,MT,2020,Age,18-24,72,73,79,61
Malta,MT,2020,Age,25-34,67,70,76,61
Malta,MT,2020,Age,35-44,68,67,76,67
Malta,MT,2020,Age,45-54,75,77,87,77
Malta,MT,2020,Age,55-64,87,93,100,80
Malta,MT,2020,Age,65,100,100,100,100
Malta,MT,2020,Education,Primary and below,17,67,17,33
Malta,MT,2020,Education,Secondary and Vocational,68,67,79,57
Malta,MT,2020,Education,University and above,73,76,80,72
Malta,MT,2020,Gender,Male,67,71,77,67
Malta,MT,2020,Gender,Female,73,72,81,63
Malta,MT,2020,Gender,Other,50,67,50,50
Malta,MT,2020,Gender,Prefer not to say,0,50,50,50
Malta,MT,2020,Region,Central Region,72,74,81,62
Malta,MT,2020,Region,Northern Region,74,71,80,75
Malta,MT,2020,Region,Southern Region,63,74,85,74
Malta,MT,2020,Region,Gozo Region,69,76,72,62
Malta,MT,2020,Region,South Eastern Region,67,63,68,53
Malta,MT,2020,Religion,Muslim,64,64,73,82
Malta,MT,2020,Religion,Christian,74,76,83,67
Malta,MT,2020,Religion,Jewish,0,0,0,50
Malta,MT,2020,Religion,Other,77,69,69,62
Malta,MT,2020,Religion,Atheist/agnostic ,70,75,78,64
Mauritania,MR,2018,Age,18-24,73,63,66,
Mauritania,MR,2018,Age,25-34,72,59,64,
Mauritania,MR,2018,Age,35-44,74,59,64,
Mauritania,MR,2018,Age,45-54,74,59,65,
Mauritania,MR,2018,Age,55-64,70,55,70,
Mauritania,MR,2018,Age,65,80,65,71,
Mauritania,MR,2018,Education,Primary and below,71,60,65,
Mauritania,MR,2018,Education,Secondary and Vocational,84,68,78,
Mauritania,MR,2018,Education,University and above,95,72,89,
Mauritania,MR,2018,Gender,Male,71,58,64,
Mauritania,MR,2018,Gender,Female,76,62,68,
Mauritania,MR,2018,Religion,Muslim,73,60,66,
Mauritania,MR,2018,Religion,Christian,100,100,100,
Mauritania,MR,2018,Religion,Other,100,100,100,
Mauritius,MU,2018,Age,18-24,91,47,79,
Mauritius,MU,2018,Age,25-34,90,54,75,
Mauritius,MU,2018,Age,35-44,92,65,81,
Mauritius,MU,2018,Age,45-54,95,64,84,
Mauritius,MU,2018,Age,55-64,97,80,88,
Mauritius,MU,2018,Age,65,89,64,84,
Mauritius,MU,2018,Education,Primary and below,92,70,84,
Mauritius,MU,2018,Education,Secondary and Vocational,92,58,81,
Mauritius,MU,2018,Education,University and above,95,42,75,
Mauritius,MU,2018,Gender,Male,92,60,83,
Mauritius,MU,2018,Gender,Female,93,61,80,
Mauritius,MU,2018,Religion,Muslim,92,58,80,
Mauritius,MU,2018,Religion,Christian,92,63,82,
Mauritius,MU,2018,Religion,Atheist/agnostic,96,61,96,
Mauritius,MU,2018,Religion,Hindu,93,61,82,
Mauritius,MU,2018,Religion,Other,47,0,12,
Mexico,MX,2015,Age,18-24,92,89,87,73
Mexico,MX,2015,Age,25-34,89,80,84,72
Mexico,MX,2015,Age,35-44,89,89,88,72
Mexico,MX,2015,Age,45-54,84,80,86,73
Mexico,MX,2015,Age,55-64,89,91,84,72
Mexico,MX,2015,Age,65,79,82,80,70
Mexico,MX,2015,Education,Primary and below,86,85,82,71
Mexico,MX,2015,Education,Secondary and Vocational,87,83,86,72
Mexico,MX,2015,Education,University and above,96,90,94,78
Mexico,MX,2015,Employment,Employed,90,83,86,73
Mexico,MX,2015,Employment,Homemaker/other,84,90,88,73
Mexico,MX,2015,Employment,Student,92,87,85,76
Mexico,MX,2015,Employment,Unemployed,73,79,69,60
Mexico,MX,2015,Gender,Male,90,85,87,70
Mexico,MX,2015,Gender,Female,86,85,84,74
Mexico,MX,2015,Religion,Christian,87,85,84,73
Mexico,MX,2015,Religion,Atheist/agnostic,82,83,87,54
Mexico,MX,2015,Religion,Buddhist,100,75,75,75
Mexico,MX,2015,Religion,Jewish,100,100,100,0
Mexico,MX,2015,Religion,Other,100,91,96,75
Mexico,MX,2018,Age,18-24,88,81,83,
Mexico,MX,2018,Age,25-34,91,83,82,
Mexico,MX,2018,Age,35-44,91,86,87,
Mexico,MX,2018,Age,45-54,93,86,86,
Mexico,MX,2018,Age,55-64,93,80,86,
Mexico,MX,2018,Age,65,86,69,74,
Mexico,MX,2018,Education,Primary and below,87,74,77,
Mexico,MX,2018,Education,Secondary and Vocational,91,85,86,
Mexico,MX,2018,Education,University and above,92,86,86,
Mexico,MX,2018,Gender,Male,88,79,81,
Mexico,MX,2018,Gender,Female,92,84,85,
Mexico,MX,2018,Religion,Christian,90,82,83,
Mexico,MX,2018,Religion,Atheist/agnostic,92,80,86,
Mexico,MX,2018,Religion,Hindu,100,100,100,
Mexico,MX,2018,Religion,Other,100,100,100,
Mexico,MX,2019,Age,18-24,86,83,83,60
Mexico,MX,2019,Age,25-34,90,85,86,79
Mexico,MX,2019,Age,35-44,92,85,91,76
Mexico,MX,2019,Age,45-54,93,93,91,75
Mexico,MX,2019,Age,55-64,96,85,90,87
Mexico,MX,2019,Education,Primary and below,93,93,90,83
Mexico,MX,2019,Education,Secondary and Vocational,92,87,89,74
Mexico,MX,2019,Education,University and above,90,82,86,78
Mexico,MX,2019,Employment,Employed,92,87,89,75
Mexico,MX,2019,Employment,Homemaker/other,98,92,92,84
Mexico,MX,2019,Employment,Student,72,67,67,61
Mexico,MX,2019,Employment,Unemployed,81,74,84,74
Mexico,MX,2019,Gender,Male,93,86,88,75
Mexico,MX,2019,Gender,Female,90,86,88,75
Mexico,MX,2019,Religion,Muslim,50,50,50,50
Mexico,MX,2019,Religion,Christian,93,88,89,82
Mexico,MX,2019,Religion,Atheist/agnostic,88,86,91,56
Mexico,MX,2019,Religion,Buddhist,100,0,100,0
Mexico,MX,2019,Religion,Hindu,100,100,100,50
Mexico,MX,2019,Religion,Jewish,100,67,67,33
Mexico,MX,2019,Religion,Other,95,84,89,68
Mexico,MX,2023,Age,18-24,90,86,87,68
Mexico,MX,2023,Age,25-34,91,87,90,72
Mexico,MX,2023,Age,35-44,90,86,88,77
Mexico,MX,2023,Age,45-54,89,86,89,72
Mexico,MX,2023,Age,55,89,85,89,74
Mexico,MX,2023,Age,Don't know/ Refused,100,100,100,0
Mexico,MX,2023,Education,Don't know/ Refused,70,50,40,30
Mexico,MX,2023,Education,Primary and below,83,67,83,75
Mexico,MX,2023,Education,Secondary and Vocational,88,84,87,67
Mexico,MX,2023,Education,University and above,91,88,91,77
Mexico,MX,2023,Gender,Male,90,87,90,76
Mexico,MX,2023,Gender,Female,90,85,87,70
Mexico,MX,2023,Religion,Atheist/agnostic,87,85,84,61
Mexico,MX,2023,Religion,Christian,91,86,90,75
Mexico,MX,2023,Religion,Don't know/ Refused,78,78,83,44
Mexico,MX,2023,Religion,Jewish,83,83,83,83
Mexico,MX,2023,Religion,Muslim,100,100,100,100
Mexico,MX,2023,Religion,Other,91,87,96,78
Moldova,MD,2018,Age,18-24,59,44,46,
Moldova,MD,2018,Age,25-34,57,42,50,
Moldova,MD,2018,Age,35-44,64,46,50,
Moldova,MD,2018,Age,45-54,65,42,49,
Moldova,MD,2018,Age,55-64,67,38,40,
Moldova,MD,2018,Age,65,63,40,44,
Moldova,MD,2018,Education,Primary and below,48,37,42,
Moldova,MD,2018,Education,Secondary and Vocational,67,42,46,
Moldova,MD,2018,Education,University and above,64,49,54,
Moldova,MD,2018,Gender,Male,63,46,48,
Moldova,MD,2018,Gender,Female,61,39,45,
Moldova,MD,2018,Religion,Muslim,0,0,32,
Moldova,MD,2018,Religion,Christian,62,42,46,
Moldova,MD,2018,Religion,Atheist/agnostic,100,71,58,
Moldova,MD,2018,Religion,Other,48,0,48,
Mongolia,MN,2015,Age,18-24,92,68,91,42
Mongolia,MN,2015,Age,25-34,95,65,92,44
Mongolia,MN,2015,Age,35-44,95,67,91,47
Mongolia,MN,2015,Age,45-54,97,75,95,48
Mongolia,MN,2015,Age,55-64,94,75,89,45
Mongolia,MN,2015,Age,65,93,65,91,47
Mongolia,MN,2015,Education,Primary and below,96,79,94,60
Mongolia,MN,2015,Education,Secondary and Vocational,95,70,92,45
Mongolia,MN,2015,Education,University and above,94,63,90,40
Mongolia,MN,2015,Employment,Employed,95,67,92,44
Mongolia,MN,2015,Employment,Homemaker/other,94,68,93,38
Mongolia,MN,2015,Employment,Student,90,73,91,46
Mongolia,MN,2015,Employment,Unemployed,96,72,91,55
Mongolia,MN,2015,Gender,Male,94,70,92,46
Mongolia,MN,2015,Gender,Female,95,67,92,45
Mongolia,MN,2015,Religion,Muslim,83,100,100,50
Mongolia,MN,2015,Religion,Christian,92,65,84,54
Mongolia,MN,2015,Religion,Atheist/agnostic,94,69,89,34
Mongolia,MN,2015,Religion,Buddhist,95,70,94,50
Mongolia,MN,2015,Religion,Other,92,52,85,43
Mongolia,MN,2018,Age,18-24,89,70,84,
Mongolia,MN,2018,Age,25-34,90,65,84,
Mongolia,MN,2018,Age,35-44,87,70,83,
Mongolia,MN,2018,Age,45-54,88,76,86,
Mongolia,MN,2018,Age,55-64,83,74,82,
Mongolia,MN,2018,Age,65,78,65,78,
Mongolia,MN,2018,Education,Primary and below,83,76,80,
Mongolia,MN,2018,Education,Secondary and Vocational,88,69,84,
Mongolia,MN,2018,Education,University and above,91,65,85,
Mongolia,MN,2018,Gender,Male,84,67,82,
Mongolia,MN,2018,Gender,Female,90,73,85,
Mongolia,MN,2018,Religion,Muslim,57,79,59,
Mongolia,MN,2018,Religion,Christian,74,43,73,
Mongolia,MN,2018,Religion,Atheist/agnostic,86,63,83,
Mongolia,MN,2018,Religion,Buddhist,89,74,84,
Mongolia,MN,2018,Religion,Hindu,100,0,0,
Mongolia,MN,2018,Religion,Other,90,66,96,
Mongolia,MN,2021,Education,Primary and below,85,80,85,60
Mongolia,MN,2021,Education,Secondary and Vocational,71,71,77,32
Mongolia,MN,2021,Education,University and above,73,72,80,28
Mongolia,MN,2021,Employment,Employed,72,71,76,31
Mongolia,MN,2021,Employment,Homemaker/other,74,73,87,30
Mongolia,MN,2021,Employment,Student,75,76,88,28
Mongolia,MN,2021,Employment,Unemployed,65,69,71,32
Mongolia,MN,2021,Gender,Male,72,70,80,35
Mongolia,MN,2021,Gender,Female,73,73,77,27
Mongolia,MN,2021,Religion,Muslim,82,71,82,74
Mongolia,MN,2021,Religion,Christian,81,67,76,38
Mongolia,MN,2021,Religion,Atheist/agnostic,67,68,76,17
Mongolia,MN,2021,Religion,Buddhist,77,76,81,38
Mongolia,MN,2021,Religion,Other,55,53,65,33
Mongolia,MN,2022,Age,18-24,77,65,80,17
Mongolia,MN,2022,Age,25-34,75,62,77,25
Mongolia,MN,2022,Age,35-44,79,72,83,24
Mongolia,MN,2022,Age,45-54,82,77,87,32
Mongolia,MN,2022,Age,55-64,84,82,91,31
Mongolia,MN,2022,Education,Primary and below,82,82,84,39
Mongolia,MN,2022,Education,Secondary and Vocational,80,75,83,30
Mongolia,MN,2022,Education,University and above,78,65,83,19
Mongolia,MN,2022,Employment,Employed,80,71,85,26
Mongolia,MN,2022,Employment,Homemaker/other,77,74,83,30
Mongolia,MN,2022,Employment,Student,80,67,80,13
Mongolia,MN,2022,Employment,Unemployed,82,65,79,24
Mongolia,MN,2022,Gender,Male,78,71,84,25
Mongolia,MN,2022,Gender,Female,80,70,82,26
Mongolia,MN,2022,Region,Central,78,70,77,26
Mongolia,MN,2022,Region,Eastern,77,71,84,26
Mongolia,MN,2022,Region,Western,80,74,80,31
Mongolia,MN,2022,Region,Capital,79,68,84,24
Mongolia,MN,2022,Region,Khangai,80,75,86,26
Mongolia,MN,2022,Religion,Muslim,69,69,72,41
Mongolia,MN,2022,Religion,Christian,83,72,94,39
Mongolia,MN,2022,Religion,Atheist/agnostic,77,68,79,14
Mongolia,MN,2022,Religion,Buddhist,82,74,87,34
Mongolia,MN,2022,Religion,Other,78,67,78,28
Mongolia,MN,2022,Religion,Animist,100,100,100,0
Montenegro,ME,2018,Age,18-24,59,45,52,
Montenegro,ME,2018,Age,25-34,62,39,46,
Montenegro,ME,2018,Age,35-44,76,48,54,
Montenegro,ME,2018,Age,45-54,62,40,48,
Montenegro,ME,2018,Age,55-64,62,39,50,
Montenegro,ME,2018,Age,65,62,37,44,
Montenegro,ME,2018,Education,Primary and below,65,41,48,
Montenegro,ME,2018,Education,Secondary and Vocational,62,41,48,
Montenegro,ME,2018,Education,University and above,74,47,61,
Montenegro,ME,2018,Gender,Male,61,39,48,
Montenegro,ME,2018,Gender,Female,66,44,50,
Montenegro,ME,2018,Religion,Muslim,69,46,57,
Montenegro,ME,2018,Religion,Christian,63,40,47,
Montenegro,ME,2018,Religion,Atheist/agnostic,61,44,61,
Montenegro,ME,2018,Religion,Other,68,51,68,
Morocco,MA,2015,Age,18-24,97,90,89,72
Morocco,MA,2015,Age,25-34,97,90,90,72
Morocco,MA,2015,Age,35-44,97,86,88,74
Morocco,MA,2015,Age,45-54,94,89,88,76
Morocco,MA,2015,Age,55-64,97,91,85,74
Morocco,MA,2015,Age,65,92,96,96,88
Morocco,MA,2015,Education,Primary and below,95,89,86,75
Morocco,MA,2015,Education,Secondary and Vocational,97,90,90,74
Morocco,MA,2015,Education,University and above,98,84,91,78
Morocco,MA,2015,Employment,Employed,97,90,90,78
Morocco,MA,2015,Employment,Homemaker/other,98,90,92,73
Morocco,MA,2015,Employment,Student,97,91,90,72
Morocco,MA,2015,Employment,Unemployed,91,77,74,61
Morocco,MA,2015,Gender,Male,96,88,88,74
Morocco,MA,2015,Gender,Female,97,90,90,73
Morocco,MA,2015,Religion,Muslim,96,89,89,74
Morocco,MA,2018,Age,18-24,93,79,77,
Morocco,MA,2018,Age,25-34,94,83,76,
Morocco,MA,2018,Age,35-44,92,79,74,
Morocco,MA,2018,Age,45-54,94,73,76,
Morocco,MA,2018,Age,55-64,88,75,66,
Morocco,MA,2018,Age,65,94,73,68,
Morocco,MA,2018,Education,Primary and below,92,77,71,
Morocco,MA,2018,Education,Secondary and Vocational,95,80,80,
Morocco,MA,2018,Education,University and above,87,75,77,
Morocco,MA,2018,Gender,Male,90,76,73,
Morocco,MA,2018,Gender,Female,95,80,75,
Morocco,MA,2018,Religion,Muslim,93,78,74,
Morocco,MA,2020,Age,18-24,99,74,75,96
Morocco,MA,2020,Age,25-34,100,78,79,99
Morocco,MA,2020,Age,35-44,99,80,78,100
Morocco,MA,2020,Age,45-54,100,80,83,100
Morocco,MA,2020,Age,55-64,99,81,80,99
Morocco,MA,2020,Age,65,95,78,73,97
Morocco,MA,2020,Education,Primary and below,99,82,80,99
Morocco,MA,2020,Employment,Employed,99,77,78,99
Morocco,MA,2020,Employment,Homemaker/other,100,84,82,100
Morocco,MA,2020,Employment,Student,98,70,72,94
Morocco,MA,2020,Employment,Unemployed,100,81,81,98
Morocco,MA,2020,Gender,Male,100,76,78,99
Morocco,MA,2020,Gender,Female,99,80,78,98
Morocco,MA,2020,Region,Beni Mellal Khenifra,97,82,84,96
Morocco,MA,2020,Region,Casa-Settat,100,77,78,100
Morocco,MA,2020,Region,Draa Tafilalet,100,76,76,98
Morocco,MA,2020,Region,Fes Meknes,100,82,88,99
Morocco,MA,2020,Region,Marrakech-Safi,100,80,76,99
Morocco,MA,2020,Region,Oriental,99,79,83,97
Morocco,MA,2020,Region,Rabat-Sale-Kenitra,100,73,64,98
Morocco,MA,2020,Region,Souss-Massa,99,69,68,95
Morocco,MA,2020,Region,Tanger-Tetouan-Al Hoceima,98,84,87,100
Morocco,MA,2020,Religion,Other,100,100,100,100
Mozambique,MZ,2018,Age,18-24,87,79,67,
Mozambique,MZ,2018,Age,25-34,87,83,68,
Mozambique,MZ,2018,Age,35-44,94,91,75,
Mozambique,MZ,2018,Age,45-54,88,87,72,
Mozambique,MZ,2018,Age,55-64,82,78,78,
Mozambique,MZ,2018,Age,65,90,86,71,
Mozambique,MZ,2018,Education,Primary and below,86,83,69,
Mozambique,MZ,2018,Education,Secondary and Vocational,95,85,73,
Mozambique,MZ,2018,Gender,Male,89,82,69,
Mozambique,MZ,2018,Gender,Female,88,83,71,
Mozambique,MZ,2018,Religion,Muslim,83,81,66,
Mozambique,MZ,2018,Religion,Christian,90,86,73,
Mozambique,MZ,2018,Religion,Atheist/agnostic,82,58,57,
Mozambique,MZ,2018,Religion,Other,89,81,73,
Myanmar,MM,2018,Age,18-24,94,90,87,
Myanmar,MM,2018,Age,25-34,97,87,92,
Myanmar,MM,2018,Age,35-44,95,86,90,
Myanmar,MM,2018,Age,45-54,98,93,93,
Myanmar,MM,2018,Age,55-64,97,95,94,
Myanmar,MM,2018,Age,65,94,86,91,
Myanmar,MM,2018,Education,Primary and below,95,90,89,
Myanmar,MM,2018,Education,Secondary and Vocational,96,89,93,
Myanmar,MM,2018,Education,University and above,100,85,96,
Myanmar,MM,2018,Gender,Male,95,86,89,
Myanmar,MM,2018,Gender,Female,97,92,92,
Myanmar,MM,2018,Religion,Muslim,97,90,85,
Myanmar,MM,2018,Religion,Christian,92,84,80,
Myanmar,MM,2018,Religion,Buddhist,96,90,91,
Myanmar,MM,2018,Religion,Hindu,100,100,100,
Myanmar,MM,2018,Religion,Other,100,100,100,
Namibia,NA,2018,Age,18-24,58,49,42,
Namibia,NA,2018,Age,25-34,54,52,50,
Namibia,NA,2018,Age,35-44,59,51,50,
Namibia,NA,2018,Age,45-54,66,68,61,
Namibia,NA,2018,Age,55-64,71,56,61,
Namibia,NA,2018,Age,65,76,56,78,
Namibia,NA,2018,Education,Primary and below,56,52,49,
Namibia,NA,2018,Education,Secondary and Vocational,61,53,49,
Namibia,NA,2018,Education,University and above,81,75,71,
Namibia,NA,2018,Gender,Male,57,53,48,
Namibia,NA,2018,Gender,Female,62,53,51,
Namibia,NA,2018,Religion,Muslim,22,31,19,
Namibia,NA,2018,Religion,Christian,62,55,52,
Namibia,NA,2018,Religion,Other,40,34,25,
Nepal,NP,2018,Age,18-24,83,78,71,
Nepal,NP,2018,Age,25-34,90,78,74,
Nepal,NP,2018,Age,35-44,86,82,77,
Nepal,NP,2018,Age,45-54,75,72,70,
Nepal,NP,2018,Age,55-64,74,72,65,
Nepal,NP,2018,Age,65,68,70,66,
Nepal,NP,2018,Education,Primary and below,78,74,69,
Nepal,NP,2018,Education,Secondary and Vocational,94,84,79,
Nepal,NP,2018,Education,University and above,95,87,89,
Nepal,NP,2018,Gender,Male,81,73,70,
Nepal,NP,2018,Gender,Female,82,80,73,
Nepal,NP,2018,Religion,Muslim,88,86,82,
Nepal,NP,2018,Religion,Christian,82,81,75,
Nepal,NP,2018,Religion,Buddhist,90,74,74,
Nepal,NP,2018,Religion,Hindu,81,76,71,
Nepal,NP,2018,Religion,Other,100,100,100,
Netherlands,NL,2015,Age,18-24,90,73,79,66
Netherlands,NL,2015,Age,25-34,89,75,85,49
Netherlands,NL,2015,Age,35-44,88,68,80,54
Netherlands,NL,2015,Age,45-54,93,76,89,54
Netherlands,NL,2015,Age,55-64,91,80,88,64
Netherlands,NL,2015,Age,65,96,84,93,66
Netherlands,NL,2015,Education,Primary and below,86,72,83,53
Netherlands,NL,2015,Education,Secondary and Vocational,90,72,83,59
Netherlands,NL,2015,Education,University and above,95,84,92,56
Netherlands,NL,2015,Employment,Employed,90,78,87,57
Netherlands,NL,2015,Employment,Homemaker/other,90,75,83,56
Netherlands,NL,2015,Employment,Student,97,74,88,66
Netherlands,NL,2015,Employment,Unemployed,96,65,84,62
Netherlands,NL,2015,Gender,Male,92,77,86,58
Netherlands,NL,2015,Gender,Female,90,73,86,57
Netherlands,NL,2015,Religion,Muslim,83,76,83,73
Netherlands,NL,2015,Religion,Christian,92,76,86,69
Netherlands,NL,2015,Religion,Atheist/agnostic,93,78,88,50
Netherlands,NL,2015,Religion,Buddhist,60,33,83,45
Netherlands,NL,2015,Religion,Hindu,32,100,100,68
Netherlands,NL,2015,Religion,Jewish,100,75,100,25
Netherlands,NL,2015,Religion,Other,88,64,69,58
Netherlands,NL,2018,Age,18-24,72,57,62,
Netherlands,NL,2018,Age,25-34,79,65,74,
Netherlands,NL,2018,Age,35-44,75,54,64,
Netherlands,NL,2018,Age,45-54,79,55,67,
Netherlands,NL,2018,Age,55-64,87,66,71,
Netherlands,NL,2018,Age,65,76,56,61,
Netherlands,NL,2018,Education,Primary and below,60,45,49,
Netherlands,NL,2018,Education,Secondary and Vocational,76,56,64,
Netherlands,NL,2018,Education,University and above,86,67,73,
Netherlands,NL,2018,Gender,Male,78,62,66,
Netherlands,NL,2018,Gender,Female,77,55,66,
Netherlands,NL,2018,Religion,Muslim,46,26,29,
Netherlands,NL,2018,Religion,Christian,77,59,66,
Netherlands,NL,2018,Religion,Atheist/agnostic,84,64,74,
Netherlands,NL,2018,Religion,Buddhist,80,44,80,
Netherlands,NL,2018,Religion,Hindu,58,16,8,
Netherlands,NL,2018,Religion,Other,80,56,48,
Netherlands,NL,2020,Age,18-24,47,56,58,51
Netherlands,NL,2020,Age,25-34,53,53,55,54
Netherlands,NL,2020,Age,35-44,65,68,68,64
Netherlands,NL,2020,Age,45-54,76,80,80,73
Netherlands,NL,2020,Age,55-64,83,87,90,80
Netherlands,NL,2020,Age,65,86,91,94,83
Netherlands,NL,2020,Education,Primary and below,72,62,62,59
Netherlands,NL,2020,Education,Secondary and Vocational,70,74,75,68
Netherlands,NL,2020,Education,University and above,70,76,78,73
Netherlands,NL,2020,Gender,Male,75,81,81,76
Netherlands,NL,2020,Gender,Female,66,68,71,63
Netherlands,NL,2020,Gender,Prefer not to say,0,0,0,0
Netherlands,NL,2020,Region,Drenthe,77,87,90,87
Netherlands,NL,2020,Region,Flevoland,61,70,74,61
Netherlands,NL,2020,Region,Friesland,79,79,77,64
Netherlands,NL,2020,Region,Gelderland,71,77,74,71
Netherlands,NL,2020,Region,Groningen,60,63,66,57
Netherlands,NL,2020,Region,Limburg,78,74,76,76
Netherlands,NL,2020,Region,Noord-Brabant,69,80,80,74
Netherlands,NL,2020,Region,Noord-Holland,69,69,75,62
Netherlands,NL,2020,Region,Overijssel,72,74,76,72
Netherlands,NL,2020,Region,Utrecht,73,85,86,75
Netherlands,NL,2020,Region,Zeeland,70,74,70,70
Netherlands,NL,2020,Region,Zuid-Holland,69,70,71,66
Netherlands,NL,2020,Religion,Muslim,56,55,60,60
Netherlands,NL,2020,Religion,Christian,74,80,82,75
Netherlands,NL,2020,Religion,Jewish,44,56,56,56
Netherlands,NL,2020,Religion,Other,66,70,70,61
Netherlands,NL,2020,Religion,Atheist/agnostic ,77,81,83,76
Netherlands,NL,2023,Age,18-24,52,52,59,64
Netherlands,NL,2023,Age,25-34,60,59,57,63
Netherlands,NL,2023,Age,35-44,60,63,64,65
Netherlands,NL,2023,Age,45-54,60,64,65,69
Netherlands,NL,2023,Age,55,85,82,86,83
Netherlands,NL,2023,Age,Don't know/ Refused,100,100,100,100
Netherlands,NL,2023,Education,Don't know/ Refused,25,50,75,50
Netherlands,NL,2023,Education,Primary and below,56,56,56,69
Netherlands,NL,2023,Education,Secondary and Vocational,70,68,70,72
Netherlands,NL,2023,Education,University and above,71,73,75,75
Netherlands,NL,2023,Gender,Male,74,72,75,73
Netherlands,NL,2023,Gender,Female,66,67,69,73
Netherlands,NL,2023,Gender,Other,0,0,0,100
Netherlands,NL,2023,Gender,Don't know/ Prefer not to say,100,0,0,0
Netherlands,NL,2023,Religion,Atheist/agnostic,71,70,72,72
Netherlands,NL,2023,Religion,Buddhist,78,67,67,44
Netherlands,NL,2023,Religion,Christian,75,74,77,79
Netherlands,NL,2023,Religion,Don't know/ Refused,52,44,52,52
Netherlands,NL,2023,Religion,Hindu,33,0,0,33
Netherlands,NL,2023,Religion,Muslim,26,45,50,63
Netherlands,NL,2023,Religion,Other,40,40,47,47
New Zealand,NZ,2018,Age,18-24,76,65,82,
New Zealand,NZ,2018,Age,25-34,84,63,71,
New Zealand,NZ,2018,Age,35-44,91,82,85,
New Zealand,NZ,2018,Age,45-54,79,63,72,
New Zealand,NZ,2018,Age,55-64,86,68,81,
New Zealand,NZ,2018,Age,65,90,76,83,
New Zealand,NZ,2018,Education,Primary and below,82,61,72,
New Zealand,NZ,2018,Education,Secondary and Vocational,83,68,79,
New Zealand,NZ,2018,Education,University and above,87,76,84,
New Zealand,NZ,2018,Gender,Male,86,72,83,
New Zealand,NZ,2018,Gender,Female,82,67,76,
New Zealand,NZ,2018,Religion,Muslim,100,71,42,
New Zealand,NZ,2018,Religion,Christian,84,69,80,
New Zealand,NZ,2018,Religion,Atheist/agnostic,85,70,81,
New Zealand,NZ,2018,Religion,Buddhist,100,100,100,
New Zealand,NZ,2018,Religion,Hindu,71,64,71,
New Zealand,NZ,2018,Religion,Other,78,69,68,
New Zealand,NZ,2023,Age,18-24,78,72,75,68
New Zealand,NZ,2023,Age,25-34,71,73,66,69
New Zealand,NZ,2023,Age,35-44,70,68,73,68
New Zealand,NZ,2023,Age,45-54,78,68,72,70
New Zealand,NZ,2023,Age,55,89,84,89,82
New Zealand,NZ,2023,Age,Don't know/ Refused,0,100,100,100
New Zealand,NZ,2023,Education,Don't know/ Refused,40,60,40,40
New Zealand,NZ,2023,Education,Primary and below,57,62,62,57
New Zealand,NZ,2023,Education,Secondary and Vocational,75,71,73,67
New Zealand,NZ,2023,Education,University and above,85,80,82,81
New Zealand,NZ,2023,Gender,Male,80,75,78,76
New Zealand,NZ,2023,Gender,Female,79,76,77,72
New Zealand,NZ,2023,Gender,Other,100,100,100,100
New Zealand,NZ,2023,Gender,Don't know/ Prefer not to say,0,100,100,100
New Zealand,NZ,2023,Religion,Atheist/agnostic,82,79,79,72
New Zealand,NZ,2023,Religion,Buddhist,92,100,92,83
New Zealand,NZ,2023,Religion,Christian,79,73,77,78
New Zealand,NZ,2023,Religion,Don't know/ Refused,71,71,71,61
New Zealand,NZ,2023,Religion,Hindu,78,72,75,81
New Zealand,NZ,2023,Religion,Jewish,50,50,100,50
New Zealand,NZ,2023,Religion,Muslim,86,71,71,71
New Zealand,NZ,2023,Religion,Other,66,63,66,61
Nicaragua,NI,2018,Age,18-24,93,88,82,
Nicaragua,NI,2018,Age,25-34,93,87,84,
Nicaragua,NI,2018,Age,35-44,91,86,86,
Nicaragua,NI,2018,Age,45-54,94,89,88,
Nicaragua,NI,2018,Age,55-64,92,83,86,
Nicaragua,NI,2018,Age,65,95,79,81,
Nicaragua,NI,2018,Education,Primary and below,91,83,84,
Nicaragua,NI,2018,Education,Secondary and Vocational,93,88,83,
Nicaragua,NI,2018,Education,University and above,97,91,87,
Nicaragua,NI,2018,Gender,Male,92,86,84,
Nicaragua,NI,2018,Gender,Female,94,87,84,
Nicaragua,NI,2018,Religion,Christian,93,87,85,
Nicaragua,NI,2018,Religion,Atheist/agnostic,92,83,86,
Nicaragua,NI,2018,Religion,Other,100,100,100,
Niger,NE,2018,Age,18-24,62,58,60,
Niger,NE,2018,Age,25-34,77,73,75,
Niger,NE,2018,Age,35-44,80,73,77,
Niger,NE,2018,Age,45-54,72,62,73,
Niger,NE,2018,Age,55-64,67,67,69,
Niger,NE,2018,Age,65,63,59,62,
Niger,NE,2018,Education,Primary and below,69,64,68,
Niger,NE,2018,Education,Secondary and Vocational,74,65,65,
Niger,NE,2018,Gender,Male,65,61,64,
Niger,NE,2018,Gender,Female,73,66,70,
Niger,NE,2018,Religion,Muslim,71,65,69,
Niger,NE,2018,Religion,Christian,100,77,77,
Niger,NE,2018,Religion,Other,0,0,0,
Niger,NE,2020,Age,18-24,93,84,88,75
Niger,NE,2020,Age,25-34,93,87,88,77
Niger,NE,2020,Age,35-44,94,91,91,78
Niger,NE,2020,Age,45-54,91,91,90,77
Niger,NE,2020,Age,55-64,92,88,89,84
Niger,NE,2020,Age,65,93,86,88,73
Niger,NE,2020,Education,Primary and below,94,90,91,77
Niger,NE,2020,Employment,Employed,93,88,89,77
Niger,NE,2020,Employment,Homemaker/other,93,91,92,78
Niger,NE,2020,Employment,Student,84,71,77,58
Niger,NE,2020,Employment,Unemployed,90,84,77,74
Niger,NE,2020,Gender,Male,92,87,88,77
Niger,NE,2020,Gender,Female,93,89,91,77
Niger,NE,2020,Region,Agadez,79,76,73,67
Niger,NE,2020,Region,Diffa,100,100,100,94
Niger,NE,2020,Region,Dosso,85,82,85,75
Niger,NE,2020,Region,Maradi,97,91,94,71
Niger,NE,2020,Region,Niamey,80,73,73,70
Niger,NE,2020,Region,Tahoua,93,88,89,87
Niger,NE,2020,Region,Tillaberi,91,85,88,67
Niger,NE,2020,Region,Zinder,99,94,94,83
Niger,NE,2020,Religion,Christian,0,0,0,0
Niger,NE,2022,Age,18-24,84,86,88,82
Niger,NE,2022,Age,25-34,93,92,91,86
Niger,NE,2022,Age,35-44,91,87,89,82
Niger,NE,2022,Age,45-54,91,91,90,84
Niger,NE,2022,Age,55-64,91,89,87,82
Niger,NE,2022,Age,65,94,95,90,87
Niger,NE,2022,Education,Primary and below,90,90,89,82
Niger,NE,2022,Education,Secondary and Vocational,90,89,90,87
Niger,NE,2022,Education,University and above,100,77,77,92
Niger,NE,2022,Employment,Employed,90,90,89,82
Niger,NE,2022,Employment,Homemaker/other,90,90,90,85
Niger,NE,2022,Employment,Student,88,76,85,82
Niger,NE,2022,Employment,Unemployed,93,88,89,85
Niger,NE,2022,Gender,Male,91,89,89,85
Niger,NE,2022,Gender,Female,89,90,89,82
Niger,NE,2022,Region,Agadez,81,75,75,63
Niger,NE,2022,Region,Diffa,81,78,75,63
Niger,NE,2022,Region,Dosso,82,90,92,79
Niger,NE,2022,Region,Maradi,95,91,93,92
Niger,NE,2022,Region,Niamey,86,81,77,73
Niger,NE,2022,Region,Tahoua,97,97,96,95
Niger,NE,2022,Region,Tillaberi,93,92,92,89
Niger,NE,2022,Region,Zinder,86,86,86,74
Niger,NE,2022,Religion,Muslim,91,90,90,84
Niger,NE,2022,Religion,Christian,50,50,100,0
Niger,NE,2022,Religion,Other,79,76,76,73
Niger,NE,2023,Age,18-24,89,92,83,86
Niger,NE,2023,Age,25-34,92,90,89,86
Niger,NE,2023,Age,35-44,87,91,89,85
Niger,NE,2023,Age,45-54,86,85,89,86
Niger,NE,2023,Age,55,92,89,88,87
Niger,NE,2023,Education,Primary and below,89,89,88,87
Niger,NE,2023,Education,Secondary and Vocational,91,92,89,83
Niger,NE,2023,Education,University and above,74,87,74,87
Niger,NE,2023,Gender,Male,90,88,88,86
Niger,NE,2023,Gender,Female,89,91,88,86
Niger,NE,2023,Religion,Don't know/ Refused,100,100,100,100
Niger,NE,2023,Religion,Muslim,89,90,88,86
Nigeria,NG,2015,Age,18-24,97,92,87,93
Nigeria,NG,2015,Age,25-34,96,92,85,85
Nigeria,NG,2015,Age,35-44,97,94,87,89
Nigeria,NG,2015,Age,45-54,91,90,89,91
Nigeria,NG,2015,Age,55-64,99,96,90,85
Nigeria,NG,2015,Age,65,92,94,83,89
Nigeria,NG,2015,Education,Primary and below,96,93,77,84
Nigeria,NG,2015,Education,Secondary and Vocational,95,92,88,89
Nigeria,NG,2015,Education,University and above,96,93,90,90
Nigeria,NG,2015,Employment,Employed,97,94,89,89
Nigeria,NG,2015,Employment,Homemaker/other,97,93,82,92
Nigeria,NG,2015,Employment,Student,92,89,85,89
Nigeria,NG,2015,Employment,Unemployed,94,88,78,78
Nigeria,NG,2015,Gender,Male,96,92,86,89
Nigeria,NG,2015,Gender,Female,96,93,88,88
Nigeria,NG,2015,Religion,Muslim,95,90,80,88
Nigeria,NG,2015,Religion,Christian,97,95,93,89
Nigeria,NG,2015,Religion,Atheist/agnostic,100,100,100,100
Nigeria,NG,2015,Religion,Hindu,81,87,87,94
Nigeria,NG,2015,Religion,Other,100,100,100,100
Nigeria,NG,2018,Age,18-24,79,75,64,
Nigeria,NG,2018,Age,25-34,80,74,63,
Nigeria,NG,2018,Age,35-44,84,80,69,
Nigeria,NG,2018,Age,45-54,89,84,80,
Nigeria,NG,2018,Age,55-64,85,83,85,
Nigeria,NG,2018,Age,65,76,72,76,
Nigeria,NG,2018,Education,Primary and below,84,82,70,
Nigeria,NG,2018,Education,Secondary and Vocational,79,74,67,
Nigeria,NG,2018,Education,University and above,94,86,87,
Nigeria,NG,2018,Gender,Male,77,72,60,
Nigeria,NG,2018,Gender,Female,86,82,77,
Nigeria,NG,2018,Religion,Muslim,88,84,65,
Nigeria,NG,2018,Religion,Christian,77,72,71,
Nigeria,NG,2018,Religion,Other,71,61,19,
Nigeria,NG,2019,Age,18-24,95,91,89,87
Nigeria,NG,2019,Age,25-34,95,95,92,86
Nigeria,NG,2019,Age,35-44,97,94,91,87
Nigeria,NG,2019,Age,45-54,94,92,88,83
Nigeria,NG,2019,Age,55-64,98,94,89,84
Nigeria,NG,2019,Age,65,91,91,84,83
Nigeria,NG,2019,Education,Primary and below,95,92,88,91
Nigeria,NG,2019,Education,Secondary and Vocational,95,93,88,86
Nigeria,NG,2019,Education,University and above,96,92,92,85
Nigeria,NG,2019,Employment,Employed,95,93,90,86
Nigeria,NG,2019,Employment,Homemaker/other,93,91,85,78
Nigeria,NG,2019,Employment,Student,98,91,91,87
Nigeria,NG,2019,Employment,Unemployed,95,94,92,88
Nigeria,NG,2019,Gender,Male,95,94,89,86
Nigeria,NG,2019,Gender,Female,96,93,90,85
Nigeria,NG,2019,Religion,Muslim,93,91,86,81
Nigeria,NG,2019,Religion,Christian,96,94,92,88
Nigeria,NG,2019,Religion,Atheist/agnostic,100,100,93,93
Nigeria,NG,2019,Religion,Hindu,100,100,100,100
Nigeria,NG,2020,Age,18-24,91,89,86,81
Nigeria,NG,2020,Age,25-34,93,91,91,85
Nigeria,NG,2020,Age,35-44,93,91,90,83
Nigeria,NG,2020,Age,45-54,92,91,88,86
Nigeria,NG,2020,Age,55-64,95,95,94,81
Nigeria,NG,2020,Age,65,95,95,95,91
Nigeria,NG,2020,Education,Primary and below,90,88,87,87
Nigeria,NG,2020,Education,Secondary and Vocational,93,92,90,84
Nigeria,NG,2020,Education,University and above,93,88,90,80
Nigeria,NG,2020,Employment,Employed,93,91,91,81
Nigeria,NG,2020,Employment,Homemaker/other,94,95,91,89
Nigeria,NG,2020,Employment,Student,91,89,86,84
Nigeria,NG,2020,Employment,Unemployed,92,91,88,79
Nigeria,NG,2020,Gender,Male,92,90,89,81
Nigeria,NG,2020,Gender,Female,93,91,90,85
Nigeria,NG,2020,Region,Abia,76,69,69,72
Nigeria,NG,2020,Region,Bauchi,89,87,87,87
Nigeria,NG,2020,Region,Bayelsa,71,77,57,54
Nigeria,NG,2020,Region,Borno,90,86,84,84
Nigeria,NG,2020,Region,Enugu,99,96,91,83
Nigeria,NG,2020,Region,Fct Abuja,95,93,93,85
Nigeria,NG,2020,Region,Kaduna,94,94,94,82
Nigeria,NG,2020,Region,Kano,98,96,97,93
Nigeria,NG,2020,Region,Kwara,97,95,94,90
Nigeria,NG,2020,Region,Lagos,95,94,89,83
Nigeria,NG,2020,Region,Oyo,100,99,100,99
Nigeria,NG,2020,Region,Rivers,82,77,72,59
Nigeria,NG,2020,Religion,Muslim,95,94,94,88
Nigeria,NG,2020,Religion,Christian,91,88,86,78
Nigeria,NG,2020,Religion,Atheist/agnostic,67,100,100,67
Nigeria,NG,2020,Religion,Hindu,100,100,100,100
Nigeria,NG,2020,Religion,Other,75,75,75,25
Nigeria,NG,2022,Age,18-24,77,78,78,76
Nigeria,NG,2022,Age,25-34,81,83,84,79
Nigeria,NG,2022,Age,35-44,84,86,85,80
Nigeria,NG,2022,Age,45-54,83,81,83,78
Nigeria,NG,2022,Age,55-64,87,82,82,82
Nigeria,NG,2022,Age,65,86,65,87,74
Nigeria,NG,2022,Education,Primary and below,85,81,85,80
Nigeria,NG,2022,Education,Secondary and Vocational,80,82,82,78
Nigeria,NG,2022,Education,University and above,81,81,81,78
Nigeria,NG,2022,Employment,Employed,81,82,83,78
Nigeria,NG,2022,Employment,Homemaker/other,91,85,85,82
Nigeria,NG,2022,Employment,Student,79,80,80,78
Nigeria,NG,2022,Employment,Unemployed,73,78,77,77
Nigeria,NG,2022,Gender,Male,81,81,82,76
Nigeria,NG,2022,Gender,Female,80,82,83,80
Nigeria,NG,2022,Region,Abia,53,55,62,66
Nigeria,NG,2022,Region,Borno,53,61,60,62
Nigeria,NG,2022,Region,Enugu,96,99,97,92
Nigeria,NG,2022,Region,Fct Abuja,77,75,74,80
Nigeria,NG,2022,Region,Kano,92,93,89,82
Nigeria,NG,2022,Region,Kwara,74,84,86,86
Nigeria,NG,2022,Region,Lagos,75,81,82,75
Nigeria,NG,2022,Region,Rivers,80,80,80,79
Nigeria,NG,2022,Region,Edo,78,72,80,69
Nigeria,NG,2022,Region,Ondo,87,78,85,76
Nigeria,NG,2022,Region,Yobe,98,93,95,94
Nigeria,NG,2022,Region,Zamfara,94,87,89,75
Nigeria,NG,2022,Religion,Muslim,83,84,84,80
Nigeria,NG,2022,Religion,Christian,78,79,81,76
Nigeria,NG,2022,Religion,Other,86,86,77,82
Nigeria,NG,2023,Age,18-24,78,80,80,73
Nigeria,NG,2023,Age,25-34,87,87,86,83
Nigeria,NG,2023,Age,35-44,91,90,91,81
Nigeria,NG,2023,Age,45-54,93,91,97,85
Nigeria,NG,2023,Age,55,96,96,92,96
Nigeria,NG,2023,Education,Primary and below,87,87,86,79
Nigeria,NG,2023,Education,Secondary and Vocational,87,87,87,82
Nigeria,NG,2023,Education,University and above,86,86,85,79
Nigeria,NG,2023,Gender,Male,89,89,89,82
Nigeria,NG,2023,Gender,Female,83,84,84,79
Nigeria,NG,2023,Religion,Atheist/agnostic,100,100,100,100
Nigeria,NG,2023,Religion,Christian,86,86,87,77
Nigeria,NG,2023,Religion,Don't know/ Refused,100,100,100,100
Nigeria,NG,2023,Religion,Jewish,100,100,100,100
Nigeria,NG,2023,Religion,Muslim,86,87,86,84
Nigeria,NG,2023,Religion,Other,100,50,50,50
Northern Cyprus,XT,2018,Age,18-24,100,89,95,
Northern Cyprus,XT,2018,Age,25-34,100,83,92,
Northern Cyprus,XT,2018,Age,35-44,100,88,89,
Northern Cyprus,XT,2018,Age,45-54,100,90,94,
Northern Cyprus,XT,2018,Age,55-64,100,90,89,
Northern Cyprus,XT,2018,Age,65,100,88,95,
Northern Cyprus,XT,2018,Education,Primary and below,100,85,89,
Northern Cyprus,XT,2018,Education,Secondary and Vocational,100,88,93,
Northern Cyprus,XT,2018,Education,University and above,100,88,94,
Northern Cyprus,XT,2018,Gender,Male,100,86,91,
Northern Cyprus,XT,2018,Gender,Female,100,90,93,
Northern Cyprus,XT,2018,Religion,Muslim,100,89,93,
Northern Cyprus,XT,2018,Religion,Christian,100,61,81,
Northern Cyprus,XT,2018,Religion,Atheist/agnostic,100,84,84,
Northern Cyprus,XT,2018,Religion,Jewish,100,40,40,
Norway,NO,2018,Age,18-24,89,77,88,
Norway,NO,2018,Age,25-34,96,89,97,
Norway,NO,2018,Age,35-44,92,87,87,
Norway,NO,2018,Age,45-54,91,72,86,
Norway,NO,2018,Age,55-64,78,68,75,
Norway,NO,2018,Age,65,78,62,73,
Norway,NO,2018,Education,Primary and below,77,63,75,
Norway,NO,2018,Education,Secondary and Vocational,89,76,86,
Norway,NO,2018,Education,University and above,91,82,88,
Norway,NO,2018,Gender,Male,86,76,84,
Norway,NO,2018,Gender,Female,87,74,83,
Norway,NO,2018,Religion,Muslim,100,100,100,
Norway,NO,2018,Religion,Christian,85,71,81,
Norway,NO,2018,Religion,Atheist/agnostic,91,83,91,
Norway,NO,2018,Religion,Other,90,83,88,
Norway,NO,2023,Age,18-24,77,77,75,69
Norway,NO,2023,Age,25-34,79,73,76,66
Norway,NO,2023,Age,35-44,75,68,76,66
Norway,NO,2023,Age,45-54,86,80,84,74
Norway,NO,2023,Age,55,89,88,91,84
Norway,NO,2023,Age,Don't know/ Refused,0,0,100,100
Norway,NO,2023,Education,Don't know/ Refused,50,50,50,50
Norway,NO,2023,Education,Primary and below,84,76,84,66
Norway,NO,2023,Education,Secondary and Vocational,81,75,80,70
Norway,NO,2023,Education,University and above,85,83,86,80
Norway,NO,2023,Gender,Male,85,82,85,78
Norway,NO,2023,Gender,Female,81,76,81,71
Norway,NO,2023,Gender,Don't know/ Prefer not to say,100,100,100,100
Norway,NO,2023,Religion,Atheist/agnostic,84,81,83,73
Norway,NO,2023,Religion,Buddhist,71,71,86,71
Norway,NO,2023,Religion,Christian,85,81,86,80
Norway,NO,2023,Religion,Don't know/ Refused,80,63,71,56
Norway,NO,2023,Religion,Hindu,100,100,75,100
Norway,NO,2023,Religion,Jewish,100,67,67,33
Norway,NO,2023,Religion,Muslim,65,65,68,53
Norway,NO,2023,Religion,Other,62,62,69,54
Pakistan,PK,2015,Age,18-24,96,97,91,85
Pakistan,PK,2015,Age,25-34,93,92,89,69
Pakistan,PK,2015,Age,35-44,92,92,83,92
Pakistan,PK,2015,Age,45-54,92,94,87,91
Pakistan,PK,2015,Age,55-64,85,78,68,79
Pakistan,PK,2015,Age,65,100,80,100,80
Pakistan,PK,2015,Education,Primary and below,91,87,85,88
Pakistan,PK,2015,Education,Secondary and Vocational,94,96,88,75
Pakistan,PK,2015,Education,University and above,95,96,85,85
Pakistan,PK,2015,Employment,Employed,96,96,92,79
Pakistan,PK,2015,Employment,Homemaker/other,90,87,80,83
Pakistan,PK,2015,Employment,Student,83,82,87,91
Pakistan,PK,2015,Employment,Unemployed,81,86,68,84
Pakistan,PK,2015,Gender,Male,94,95,90,87
Pakistan,PK,2015,Gender,Female,92,90,83,74
Pakistan,PK,2015,Religion,Muslim,93,92,86,81
Pakistan,PK,2015,Religion,Christian,36,100,100,100
Pakistan,PK,2015,Religion,Hindu,100,100,100,100
Pakistan,PK,2018,Age,18-24,63,59,59,
Pakistan,PK,2018,Age,25-34,71,67,68,
Pakistan,PK,2018,Age,35-44,70,68,68,
Pakistan,PK,2018,Age,45-54,72,71,67,
Pakistan,PK,2018,Age,55-64,68,59,62,
Pakistan,PK,2018,Age,65,68,64,61,
Pakistan,PK,2018,Education,Primary and below,62,58,58,
Pakistan,PK,2018,Education,Secondary and Vocational,80,75,74,
Pakistan,PK,2018,Education,University and above,86,87,85,
Pakistan,PK,2018,Gender,Male,68,63,63,
Pakistan,PK,2018,Gender,Female,67,64,64,
Pakistan,PK,2018,Religion,Muslim,68,64,63,
Pakistan,PK,2018,Religion,Christian,73,73,73,
Pakistan,PK,2018,Religion,Hindu,62,62,46,
Pakistan,PK,2018,Religion,Other,22,22,22,
Pakistan,PK,2019,Age,18-24,89,88,83,67
Pakistan,PK,2019,Age,25-34,86,84,79,65
Pakistan,PK,2019,Age,35-44,89,86,83,69
Pakistan,PK,2019,Age,45-54,90,85,82,70
Pakistan,PK,2019,Age,55-64,90,85,78,70
Pakistan,PK,2019,Age,65,86,86,86,100
Pakistan,PK,2019,Education,Primary and below,87,85,86,75
Pakistan,PK,2019,Education,Secondary and Vocational,88,85,79,64
Pakistan,PK,2019,Education,University and above,88,87,82,68
Pakistan,PK,2019,Employment,Employed,88,83,78,61
Pakistan,PK,2019,Employment,Homemaker/other,89,89,85,77
Pakistan,PK,2019,Employment,Student,85,83,81,60
Pakistan,PK,2019,Employment,Unemployed,89,82,82,70
Pakistan,PK,2019,Gender,Male,86,81,76,58
Pakistan,PK,2019,Gender,Female,90,90,86,77
Pakistan,PK,2019,Religion,Muslim,88,85,81,67
Pakistan,PK,2019,Religion,Christian,100,100,100,93
Pakistan,PK,2020,Age,18-24,81,78,79,74
Pakistan,PK,2020,Age,25-34,80,77,72,70
Pakistan,PK,2020,Age,35-44,74,73,67,62
Pakistan,PK,2020,Age,45-54,81,74,75,69
Pakistan,PK,2020,Age,55-64,63,61,60,48
Pakistan,PK,2020,Age,65,70,64,64,64
Pakistan,PK,2020,Education,Primary and below,78,71,67,60
Pakistan,PK,2020,Education,Secondary and Vocational,75,74,72,68
Pakistan,PK,2020,Education,University and above,83,81,77,73
Pakistan,PK,2020,Employment,Employed,76,71,71,67
Pakistan,PK,2020,Employment,Homemaker/other,80,78,74,69
Pakistan,PK,2020,Employment,Student,90,87,81,79
Pakistan,PK,2020,Employment,Unemployed,80,76,75,71
Pakistan,PK,2020,Gender,Male,75,72,71,67
Pakistan,PK,2020,Gender,Female,81,79,75,70
Pakistan,PK,2020,Region,Punjab,79,75,74,69
Pakistan,PK,2020,Region,Balochistan,84,84,82,78
Pakistan,PK,2020,Region,Kpk,76,79,73,64
Pakistan,PK,2020,Region,Sindh,76,73,67,67
Pakistan,PK,2020,Religion,Muslim,78,75,73,68
Pakistan,PK,2020,Religion,Christian,72,65,65,57
Pakistan,PK,2020,Religion,Hindu,100,87,100,87
Pakistan,PK,2023,Age,18-24,73,83,80,73
Pakistan,PK,2023,Age,25-34,71,78,78,69
Pakistan,PK,2023,Age,35-44,73,80,80,66
Pakistan,PK,2023,Age,45-54,75,87,85,75
Pakistan,PK,2023,Age,55,81,91,87,75
Pakistan,PK,2023,Education,Primary and below,73,82,81,70
Pakistan,PK,2023,Education,Secondary and Vocational,72,80,80,71
Pakistan,PK,2023,Education,University and above,75,81,79,67
Pakistan,PK,2023,Gender,Male,72,81,83,75
Pakistan,PK,2023,Gender,Female,74,81,77,65
Pakistan,PK,2023,Religion,Christian,100,100,100,100
Pakistan,PK,2023,Religion,Don't know/ Refused,0,100,0,0
Pakistan,PK,2023,Religion,Hindu,47,58,68,32
Pakistan,PK,2023,Religion,Muslim,74,82,80,71
Pakistan,PK,2023,Religion,Other,0,0,0,0
Palestine,PS,2015,Age,18-24,84,85,84,72
Palestine,PS,2015,Age,25-34,90,89,88,82
Palestine,PS,2015,Age,35-44,94,90,89,88
Palestine,PS,2015,Age,45-54,90,89,86,86
Palestine,PS,2015,Age,55-64,85,82,81,75
Palestine,PS,2015,Age,65,91,91,91,100
Palestine,PS,2015,Education,Primary and below,87,82,83,79
Palestine,PS,2015,Education,Secondary and Vocational,87,87,88,80
Palestine,PS,2015,Education,University and above,89,89,86,81
Palestine,PS,2015,Employment,Employed,91,90,88,83
Palestine,PS,2015,Employment,Homemaker/other,89,87,89,83
Palestine,PS,2015,Employment,Student,78,80,80,71
Palestine,PS,2015,Employment,Unemployed,89,88,85,75
Palestine,PS,2015,Gender,Male,88,88,86,80
Palestine,PS,2015,Gender,Female,88,87,87,81
Palestine,PS,2015,Religion,Muslim,88,87,86,80
Palestine,PS,2015,Religion,Christian,100,100,93,93
Palestine,PS,2018,Age,18-24,97,85,85,
Palestine,PS,2018,Age,25-34,99,91,91,
Palestine,PS,2018,Age,35-44,96,89,86,
Palestine,PS,2018,Age,45-54,96,91,94,
Palestine,PS,2018,Age,55-64,100,95,96,
Palestine,PS,2018,Age,65,98,94,87,
Palestine,PS,2018,Education,Primary and below,96,89,87,
Palestine,PS,2018,Education,Secondary and Vocational,98,88,88,
Palestine,PS,2018,Education,University and above,99,93,92,
Palestine,PS,2018,Gender,Male,96,86,84,
Palestine,PS,2018,Gender,Female,99,92,92,
Palestine,PS,2018,Religion,Muslim,98,89,88,
Palestine,PS,2018,Religion,Christian,100,93,93,
Panama,PA,2015,Age,18-24,97,89,92,60
Panama,PA,2015,Age,25-34,99,92,94,68
Panama,PA,2015,Age,35-44,98,89,95,74
Panama,PA,2015,Age,45-54,98,91,92,74
Panama,PA,2015,Age,55-64,99,95,92,79
Panama,PA,2015,Age,65,99,91,94,79
Panama,PA,2015,Education,Primary and below,99,90,89,75
Panama,PA,2015,Education,Secondary and Vocational,98,91,94,70
Panama,PA,2015,Education,University and above,99,91,94,71
Panama,PA,2015,Employment,Employed,98,90,93,70
Panama,PA,2015,Employment,Homemaker/other,99,93,93,76
Panama,PA,2015,Employment,Student,96,92,93,53
Panama,PA,2015,Employment,Unemployed,99,91,95,76
Panama,PA,2015,Gender,Male,97,88,92,68
Panama,PA,2015,Gender,Female,99,94,95,74
Panama,PA,2015,Religion,Muslim,100,50,50,0
Panama,PA,2015,Religion,Christian,98,92,94,72
Panama,PA,2015,Religion,Atheist/agnostic,100,94,83,67
Panama,PA,2015,Religion,Buddhist,100,100,50,100
Panama,PA,2015,Religion,Jewish,80,60,80,60
Panama,PA,2015,Religion,Other,96,71,86,68
Panama,PA,2018,Age,18-24,79,71,69,
Panama,PA,2018,Age,25-34,85,77,71,
Panama,PA,2018,Age,35-44,76,71,68,
Panama,PA,2018,Age,45-54,90,81,80,
Panama,PA,2018,Age,55-64,82,71,70,
Panama,PA,2018,Age,65,91,83,79,
Panama,PA,2018,Education,Primary and below,80,73,68,
Panama,PA,2018,Education,Secondary and Vocational,83,75,74,
Panama,PA,2018,Education,University and above,88,77,72,
Panama,PA,2018,Gender,Male,79,71,69,
Panama,PA,2018,Gender,Female,87,79,75,
Panama,PA,2018,Religion,Christian,86,78,75,
Panama,PA,2018,Religion,Atheist/agnostic,74,72,70,
Panama,PA,2018,Religion,Buddhist,100,100,100,
Panama,PA,2018,Religion,Other,100,100,63,
Papua New Guinea,PG,2015,Age,18-24,86,82,82,75
Papua New Guinea,PG,2015,Age,25-34,91,83,88,80
Papua New Guinea,PG,2015,Age,35-44,94,92,91,82
Papua New Guinea,PG,2015,Age,45-54,96,85,94,78
Papua New Guinea,PG,2015,Age,55-64,97,77,100,70
Papua New Guinea,PG,2015,Age,65,100,100,100,94
Papua New Guinea,PG,2015,Education,Primary and below,89,89,88,86
Papua New Guinea,PG,2015,Education,Secondary and Vocational,93,85,90,72
Papua New Guinea,PG,2015,Education,University and above,92,80,87,83
Papua New Guinea,PG,2015,Employment,Employed,94,82,90,78
Papua New Guinea,PG,2015,Employment,Homemaker/other,94,89,90,84
Papua New Guinea,PG,2015,Employment,Student,84,79,82,78
Papua New Guinea,PG,2015,Employment,Unemployed,90,90,89,74
Papua New Guinea,PG,2015,Gender,Male,92,86,89,79
Papua New Guinea,PG,2015,Gender,Female,91,84,89,78
Papua New Guinea,PG,2015,Religion,Muslim,100,100,0,100
Papua New Guinea,PG,2015,Religion,Christian,91,85,89,78
Papua New Guinea,PG,2015,Religion,Atheist/agnostic,96,96,100,95
Papua New Guinea,PG,2015,Religion,Buddhist,100,100,0,100
Papua New Guinea,PG,2015,Religion,Jewish,100,100,100,100
Papua New Guinea,PG,2021,Education,Primary and below,24,32,32,29
Papua New Guinea,PG,2021,Education,Secondary and Vocational,37,51,47,40
Papua New Guinea,PG,2021,Education,University and above,26,36,38,25
Papua New Guinea,PG,2021,Employment,Employed,30,40,38,36
Papua New Guinea,PG,2021,Employment,Homemaker/other,33,43,40,35
Papua New Guinea,PG,2021,Employment,Student,25,36,35,29
Papua New Guinea,PG,2021,Employment,Unemployed,30,43,43,31
Papua New Guinea,PG,2021,Gender,Male,27,41,39,32
Papua New Guinea,PG,2021,Gender,Female,35,42,40,36
Papua New Guinea,PG,2022,Age,18-24,44,50,50,44
Papua New Guinea,PG,2022,Age,25-34,43,53,57,40
Papua New Guinea,PG,2022,Age,35-44,44,47,49,43
Papua New Guinea,PG,2022,Age,45-54,56,62,63,36
Papua New Guinea,PG,2022,Age,55-64,41,41,44,33
Papua New Guinea,PG,2022,Education,Primary and below,41,45,49,36
Papua New Guinea,PG,2022,Education,Secondary and Vocational,45,51,51,36
Papua New Guinea,PG,2022,Education,University and above,55,65,70,59
Papua New Guinea,PG,2022,Employment,Employed,59,64,68,47
Papua New Guinea,PG,2022,Employment,Homemaker/other,28,29,36,34
Papua New Guinea,PG,2022,Employment,Student,41,54,51,45
Papua New Guinea,PG,2022,Employment,Unemployed,42,49,49,34
Papua New Guinea,PG,2022,Gender,Male,47,56,55,41
Papua New Guinea,PG,2022,Gender,Female,45,49,54,40
Papua New Guinea,PG,2022,Region, Southern,44,52,55,47
Papua New Guinea,PG,2022,Region, Highlands,53,59,60,42
Papua New Guinea,PG,2022,Region,Momase,37,46,49,36
Papua New Guinea,PG,2022,Region,NG Islands,41,41,44,36
Papua New Guinea,PG,2022,Religion,Christian,46,52,54,40
Papua New Guinea,PG,2022,Religion,Buddhist,100,100,100,100
Papua New Guinea,PG,2022,Religion,Other,100,100,0,100
Paraguay,PY,2018,Age,18-24,86,68,68,
Paraguay,PY,2018,Age,25-34,87,73,71,
Paraguay,PY,2018,Age,35-44,86,69,72,
Paraguay,PY,2018,Age,45-54,85,69,72,
Paraguay,PY,2018,Age,55-64,84,63,68,
Paraguay,PY,2018,Age,65,81,66,69,
Paraguay,PY,2018,Education,Primary and below,82,67,67,
Paraguay,PY,2018,Education,Secondary and Vocational,88,71,72,
Paraguay,PY,2018,Education,University and above,87,67,73,
Paraguay,PY,2018,Gender,Male,84,67,69,
Paraguay,PY,2018,Gender,Female,87,70,71,
Paraguay,PY,2018,Religion,Muslim,100,0,100,
Paraguay,PY,2018,Religion,Christian,86,69,70,
Paraguay,PY,2018,Religion,Atheist/agnostic,54,42,41,
Paraguay,PY,2018,Religion,Buddhist,100,100,100,
Paraguay,PY,2018,Religion,Other,100,77,84,
Peru,PE,2015,Age,18-24,98,90,91,77
Peru,PE,2015,Age,25-34,98,88,91,72
Peru,PE,2015,Age,35-44,95,91,88,69
Peru,PE,2015,Age,45-54,98,91,92,76
Peru,PE,2015,Age,55-64,95,86,84,74
Peru,PE,2015,Age,65,96,93,93,71
Peru,PE,2015,Education,Primary and below,97,88,88,75
Peru,PE,2015,Education,Secondary and Vocational,97,91,91,72
Peru,PE,2015,Education,University and above,97,90,90,74
Peru,PE,2015,Employment,Employed,97,89,90,74
Peru,PE,2015,Employment,Homemaker/other,97,91,89,73
Peru,PE,2015,Employment,Student,99,90,94,75
Peru,PE,2015,Employment,Unemployed,98,91,87,63
Peru,PE,2015,Gender,Male,98,89,90,75
Peru,PE,2015,Gender,Female,97,90,90,71
Peru,PE,2015,Religion,Christian,98,91,91,75
Peru,PE,2015,Religion,Atheist/agnostic,87,78,83,57
Peru,PE,2015,Religion,Buddhist,100,100,100,100
Peru,PE,2015,Religion,Jewish,100,100,100,100
Peru,PE,2015,Religion,Other,91,83,83,69
Peru,PE,2018,Age,18-24,86,55,60,
Peru,PE,2018,Age,25-34,87,68,61,
Peru,PE,2018,Age,35-44,87,67,64,
Peru,PE,2018,Age,45-54,86,69,67,
Peru,PE,2018,Age,55-64,82,66,72,
Peru,PE,2018,Age,65,89,67,71,
Peru,PE,2018,Education,Primary and below,82,66,63,
Peru,PE,2018,Education,Secondary and Vocational,87,62,63,
Peru,PE,2018,Education,University and above,95,76,73,
Peru,PE,2018,Gender,Male,87,61,64,
Peru,PE,2018,Gender,Female,86,67,63,
Peru,PE,2018,Religion,Christian,87,64,65,
Peru,PE,2018,Religion,Atheist/agnostic,73,39,36,
Peru,PE,2018,Religion,Buddhist,100,100,100,
Peru,PE,2018,Religion,Other,88,70,59,
Peru,PE,2019,Age,18-24,94,90,90,58
Peru,PE,2019,Age,25-34,96,91,93,68
Peru,PE,2019,Age,35-44,96,87,90,69
Peru,PE,2019,Age,45-54,98,91,94,71
Peru,PE,2019,Age,55-64,95,91,93,82
Peru,PE,2019,Age,65,100,100,93,67
Peru,PE,2019,Education,Primary and below,73,73,82,55
Peru,PE,2019,Education,Secondary and Vocational,96,91,93,64
Peru,PE,2019,Education,University and above,96,91,92,69
Peru,PE,2019,Employment,Employed,95,90,91,69
Peru,PE,2019,Employment,Homemaker/other,98,94,97,67
Peru,PE,2019,Employment,Student,96,90,90,56
Peru,PE,2019,Employment,Unemployed,96,86,88,63
Peru,PE,2019,Gender,Male,93,89,89,67
Peru,PE,2019,Gender,Female,97,90,93,66
Peru,PE,2019,Religion,Muslim,100,100,100,100
Peru,PE,2019,Religion,Christian,96,91,92,70
Peru,PE,2019,Religion,Atheist/agnostic,93,89,93,63
Peru,PE,2019,Religion,Buddhist,50,50,50,0
Peru,PE,2019,Religion,Hindu,50,50,50,50
Peru,PE,2019,Religion,Other,98,89,91,62
Peru,PE,2020,Age,18-24,88,78,87,68
Peru,PE,2020,Age,25-34,86,86,87,78
Peru,PE,2020,Age,35-44,83,77,82,68
Peru,PE,2020,Age,45-54,80,77,79,69
Peru,PE,2020,Age,55-64,79,79,82,72
Peru,PE,2020,Age,65,89,84,87,80
Peru,PE,2020,Education,Primary and below,94,79,88,58
Peru,PE,2020,Education,Secondary and Vocational,86,81,85,71
Peru,PE,2020,Education,University and above,80,79,82,76
Peru,PE,2020,Employment,Employed,81,83,89,69
Peru,PE,2020,Employment,Homemaker/other,85,81,85,78
Peru,PE,2020,Employment,Student,93,84,89,68
Peru,PE,2020,Employment,Unemployed,83,77,80,70
Peru,PE,2020,Gender,Male,84,80,84,74
Peru,PE,2020,Gender,Female,84,79,84,71
Peru,PE,2020,Region,Centro,84,81,87,67
Peru,PE,2020,Region,Este,84,68,79,58
Peru,PE,2020,Region,Lima,86,81,85,74
Peru,PE,2020,Region,Norte,83,80,83,74
Peru,PE,2020,Region,Sur,79,76,81,68
Peru,PE,2020,Religion,Christian,87,83,86,78
Peru,PE,2020,Religion,Atheist/agnostic,85,78,86,64
Peru,PE,2020,Religion,Buddhist,67,67,67,50
Peru,PE,2020,Religion,Hindu,0,0,0,0
Peru,PE,2020,Religion,Other,76,72,75,63
Philippines,PH,2015,Age,18-24,100,98,96,80
Philippines,PH,2015,Age,25-34,100,99,100,89
Philippines,PH,2015,Age,35-44,100,99,98,85
Philippines,PH,2015,Age,45-54,100,98,98,86
Philippines,PH,2015,Age,55-64,97,95,95,86
Philippines,PH,2015,Age,65,100,100,100,73
Philippines,PH,2015,Education,Primary and below,100,99,99,85
Philippines,PH,2015,Education,Secondary and Vocational,100,98,97,87
Philippines,PH,2015,Education,University and above,98,95,96,81
Philippines,PH,2015,Employment,Employed,99,98,98,87
Philippines,PH,2015,Employment,Homemaker/other,100,98,98,78
Philippines,PH,2015,Employment,Student,100,100,99,74
Philippines,PH,2015,Employment,Unemployed,99,99,97,87
Philippines,PH,2015,Gender,Male,99,98,98,86
Philippines,PH,2015,Gender,Female,100,98,97,85
Philippines,PH,2015,Religion,Muslim,100,100,100,100
Philippines,PH,2015,Religion,Christian,100,98,98,85
Philippines,PH,2015,Religion,Atheist/agnostic,100,100,100,31
Philippines,PH,2015,Religion,Buddhist,100,100,100,100
Philippines,PH,2015,Religion,Jewish,100,100,100,100
Philippines,PH,2015,Religion,Other,98,98,96,89
Philippines,PH,2018,Age,18-24,87,75,79,
Philippines,PH,2018,Age,25-34,89,77,86,
Philippines,PH,2018,Age,35-44,90,73,82,
Philippines,PH,2018,Age,45-54,91,74,82,
Philippines,PH,2018,Age,55-64,89,81,84,
Philippines,PH,2018,Age,65,73,58,69,
Philippines,PH,2018,Education,Primary and below,86,79,86,
Philippines,PH,2018,Education,Secondary and Vocational,88,71,79,
Philippines,PH,2018,Education,University and above,90,79,81,
Philippines,PH,2018,Gender,Male,88,74,82,
Philippines,PH,2018,Gender,Female,88,74,80,
Philippines,PH,2018,Religion,Muslim,78,74,82,
Philippines,PH,2018,Religion,Christian,88,74,81,
Philippines,PH,2018,Religion,Atheist/agnostic,100,100,100,
Philippines,PH,2019,Age,18-24,95,85,91,78
Philippines,PH,2019,Age,25-34,96,90,94,82
Philippines,PH,2019,Age,35-44,98,89,92,77
Philippines,PH,2019,Age,45-54,93,87,90,82
Philippines,PH,2019,Age,55-64,93,87,87,77
Philippines,PH,2019,Age,65,90,86,90,86
Philippines,PH,2019,Education,Primary and below,94,85,89,77
Philippines,PH,2019,Education,Secondary and Vocational,95,88,91,81
Philippines,PH,2019,Education,University and above,96,89,93,79
Philippines,PH,2019,Employment,Employed,96,89,91,78
Philippines,PH,2019,Employment,Homemaker/other,95,88,91,81
Philippines,PH,2019,Employment,Student,88,80,86,76
Philippines,PH,2019,Employment,Unemployed,96,88,93,85
Philippines,PH,2019,Gender,Male,95,87,90,77
Philippines,PH,2019,Gender,Female,96,89,93,81
Philippines,PH,2019,Religion,Christian,95,88,91,80
Philippines,PH,2019,Religion,Atheist/agnostic,67,67,33,67
Philippines,PH,2019,Religion,Buddhist,100,86,95,84
Philippines,PH,2019,Religion,Hindu,94,94,94,76
Philippines,PH,2019,Religion,Jewish,0,0,0,0
Philippines,PH,2019,Religion,Other,92,92,92,67
Philippines,PH,2021,Education,Primary and below,60,67,66,64
Philippines,PH,2021,Education,Secondary and Vocational,59,72,74,64
Philippines,PH,2021,Education,University and above,63,78,80,63
Philippines,PH,2021,Employment,Employed,60,71,72,66
Philippines,PH,2021,Employment,Homemaker/other,57,70,70,65
Philippines,PH,2021,Employment,Student,71,80,83,56
Philippines,PH,2021,Employment,Unemployed,59,76,80,63
Philippines,PH,2021,Gender,Male,61,73,75,63
Philippines,PH,2021,Gender,Female,59,72,74,65
Philippines,PH,2021,Religion,Muslim,54,75,67,52
Philippines,PH,2021,Religion,Christian,61,72,75,65
Philippines,PH,2021,Religion,Buddhist,0,100,100,0
Philippines,PH,2021,Religion,Other,54,70,67,61
Philippines,PH,2022,Age,18-24,72,87,89,75
Philippines,PH,2022,Age,25-34,62,81,85,76
Philippines,PH,2022,Age,35-44,74,84,86,81
Philippines,PH,2022,Age,45-54,70,76,84,80
Philippines,PH,2022,Age,55-64,81,89,89,88
Philippines,PH,2022,Age,65,81,77,88,77
Philippines,PH,2022,Education,Primary and below,73,82,84,83
Philippines,PH,2022,Education,Secondary and Vocational,70,83,86,78
Philippines,PH,2022,Education,University and above,72,82,90,79
Philippines,PH,2022,Employment,Employed,65,81,86,79
Philippines,PH,2022,Employment,Homemaker/other,76,84,86,79
Philippines,PH,2022,Employment,Student,79,89,93,75
Philippines,PH,2022,Employment,Unemployed,73,82,84,78
Philippines,PH,2022,Gender,Male,69,82,86,76
Philippines,PH,2022,Gender,Female,72,84,88,82
Philippines,PH,2022,Region,  National Capital Region,66,83,86,74
Philippines,PH,2022,Region, Mindanao,73,83,88,82
Philippines,PH,2022,Region,Bicol,67,90,90,82
Philippines,PH,2022,Region,Luzon,71,81,85,79
Philippines,PH,2022,Region,Visayas,71,83,87,76
Philippines,PH,2022,Religion,Muslim,62,76,86,79
Philippines,PH,2022,Religion,Christian,71,83,86,79
Philippines,PH,2022,Religion,Atheist/agnostic,100,100,100,100
Philippines,PH,2022,Religion,Other,71,82,90,78
Philippines,PH,2023,Age,18-24,79,75,83,75
Philippines,PH,2023,Age,25-34,79,84,83,79
Philippines,PH,2023,Age,35-44,82,83,82,77
Philippines,PH,2023,Age,45-54,88,79,83,76
Philippines,PH,2023,Age,55,88,86,87,79
Philippines,PH,2023,Education,Don't know/ Refused,100,100,100,100
Philippines,PH,2023,Education,Primary and below,83,82,82,80
Philippines,PH,2023,Education,Secondary and Vocational,82,81,84,78
Philippines,PH,2023,Education,University and above,82,81,84,74
Philippines,PH,2023,Gender,Male,80,81,84,77
Philippines,PH,2023,Gender,Female,85,82,84,77
Philippines,PH,2023,Religion,Atheist/agnostic,100,100,100,100
Philippines,PH,2023,Religion,Christian,82,81,84,77
Philippines,PH,2023,Religion,Muslim,89,80,80,74
Philippines,PH,2023,Religion,Other,100,100,100,100
Poland,PL,2015,Age,18-24,80,80,84,73
Poland,PL,2015,Age,25-34,81,71,77,75
Poland,PL,2015,Age,35-44,90,82,86,77
Poland,PL,2015,Age,45-54,92,85,89,84
Poland,PL,2015,Age,55-64,89,82,84,79
Poland,PL,2015,Age,65,92,85,87,82
Poland,PL,2015,Education,Primary and below,88,82,86,82
Poland,PL,2015,Education,Secondary and Vocational,87,81,83,78
Poland,PL,2015,Education,University and above,89,78,86,75
Poland,PL,2015,Employment,Employed,88,82,85,78
Poland,PL,2015,Employment,Homemaker/other,92,84,87,85
Poland,PL,2015,Employment,Student,67,60,66,62
Poland,PL,2015,Employment,Unemployed,75,64,74,68
Poland,PL,2015,Gender,Male,87,81,85,76
Poland,PL,2015,Gender,Female,88,81,83,80
Poland,PL,2015,Religion,Christian,89,83,86,81
Poland,PL,2015,Religion,Atheist/agnostic,70,68,71,51
Poland,PL,2015,Religion,Buddhist,100,0,0,0
Poland,PL,2015,Religion,Hindu,100,0,0,0
Poland,PL,2015,Religion,Jewish,100,49,100,100
Poland,PL,2015,Religion,Other,100,100,100,100
Poland,PL,2018,Age,18-24,79,68,73,
Poland,PL,2018,Age,25-34,76,65,73,
Poland,PL,2018,Age,35-44,78,67,73,
Poland,PL,2018,Age,45-54,74,64,68,
Poland,PL,2018,Age,55-64,75,66,72,
Poland,PL,2018,Age,65,83,74,81,
Poland,PL,2018,Education,Primary and below,69,63,68,
Poland,PL,2018,Education,Secondary and Vocational,79,69,74,
Poland,PL,2018,Education,University and above,79,65,74,
Poland,PL,2018,Gender,Male,77,64,71,
Poland,PL,2018,Gender,Female,78,70,75,
Poland,PL,2018,Religion,Christian,77,67,73,
Poland,PL,2018,Religion,Atheist/agnostic,89,62,89,
Poland,PL,2018,Religion,Other,53,53,53,
Poland,PL,2019,Age,18-24,86,83,82,65
Poland,PL,2019,Age,25-34,88,86,82,71
Poland,PL,2019,Age,35-44,88,84,82,72
Poland,PL,2019,Age,45-54,94,87,89,78
Poland,PL,2019,Age,55-64,92,87,87,75
Poland,PL,2019,Age,65,92,88,91,83
Poland,PL,2019,Education,Primary and below,88,84,85,69
Poland,PL,2019,Education,Secondary and Vocational,90,86,85,76
Poland,PL,2019,Education,University and above,92,89,89,75
Poland,PL,2019,Employment,Employed,91,87,85,76
Poland,PL,2019,Employment,Homemaker/other,91,86,89,76
Poland,PL,2019,Employment,Student,85,83,80,77
Poland,PL,2019,Employment,Unemployed,88,86,85,58
Poland,PL,2019,Gender,Male,89,85,86,77
Poland,PL,2019,Gender,Female,91,86,86,72
Poland,PL,2019,Religion,Muslim,50,100,50,0
Poland,PL,2019,Religion,Christian,91,86,86,76
Poland,PL,2019,Religion,Atheist/agnostic,92,89,89,65
Poland,PL,2019,Religion,Hindu,100,100,100,100
Poland,PL,2019,Religion,Other,46,46,46,31
Poland,PL,2020,Age,18-24,75,77,80,78
Poland,PL,2020,Age,25-34,71,74,76,78
Poland,PL,2020,Age,35-44,77,74,75,79
Poland,PL,2020,Age,45-54,79,79,82,79
Poland,PL,2020,Age,55-64,88,87,90,88
Poland,PL,2020,Age,65,87,89,91,91
Poland,PL,2020,Education,Primary and below,50,50,30,20
Poland,PL,2020,Education,Secondary and Vocational,78,78,80,80
Poland,PL,2020,Education,University and above,82,83,86,86
Poland,PL,2020,Gender,Male,80,83,83,85
Poland,PL,2020,Gender,Female,79,77,81,80
Poland,PL,2020,Gender,Other,67,67,100,67
Poland,PL,2020,Region,Dolnoslaskie,79,82,81,84
Poland,PL,2020,Region,Kujawsko-Pomorskie,83,85,87,87
Poland,PL,2020,Region,Lodzkie,79,85,88,86
Poland,PL,2020,Region,Lubelskie,75,77,82,86
Poland,PL,2020,Region,Lubuskie,68,80,80,76
Poland,PL,2020,Region,Malopolskie,79,79,83,82
Poland,PL,2020,Region,Mazowieckie,82,81,83,82
Poland,PL,2020,Region,Opolskie,88,92,92,88
Poland,PL,2020,Region,Podkarpackie,69,64,73,76
Poland,PL,2020,Region,Podlaskie,87,94,87,94
Poland,PL,2020,Region,Pomorskie,78,80,76,76
Poland,PL,2020,Region,Slaskie,80,73,79,81
Poland,PL,2020,Region,Swietokrzyskie,85,79,82,73
Poland,PL,2020,Region,Warminsko-Mazurskie,68,74,79,79
Poland,PL,2020,Region,Wielkopolskie,84,87,87,87
Poland,PL,2020,Region,Zachodniopomorskie,84,84,87,82
Poland,PL,2020,Religion,Muslim,0,0,50,0
Poland,PL,2020,Religion,Christian,79,80,82,83
Poland,PL,2020,Religion,Other,69,69,62,62
Poland,PL,2020,Religion,Atheist/agnostic ,83,85,86,88
Poland,PL,2023,Age,18-24,78,67,65,62
Poland,PL,2023,Age,25-34,70,66,68,62
Poland,PL,2023,Age,35-44,67,58,59,54
Poland,PL,2023,Age,45-54,77,64,70,69
Poland,PL,2023,Age,55,81,73,75,73
Poland,PL,2023,Age,Don't know/ Refused,100,100,100,50
Poland,PL,2023,Education,Don't know/ Refused,100,100,100,0
Poland,PL,2023,Education,Primary and below,67,52,62,52
Poland,PL,2023,Education,Secondary and Vocational,75,63,65,64
Poland,PL,2023,Education,University and above,77,73,74,69
Poland,PL,2023,Gender,Male,76,72,72,66
Poland,PL,2023,Gender,Female,76,63,67,65
Poland,PL,2023,Gender,Don't know/ Prefer not to say,50,50,50,50
Poland,PL,2023,Religion,Atheist/agnostic,76,71,72,70
Poland,PL,2023,Religion,Buddhist,67,67,67,67
Poland,PL,2023,Religion,Christian,76,66,69,65
Poland,PL,2023,Religion,Don't know/ Refused,46,46,46,38
Poland,PL,2023,Religion,Muslim,100,100,100,100
Poland,PL,2023,Religion,Other,78,89,78,44
Portugal,PT,2015,Age,18-24,96,94,95,78
Portugal,PT,2015,Age,25-34,95,94,94,84
Portugal,PT,2015,Age,35-44,97,95,92,84
Portugal,PT,2015,Age,45-54,98,96,97,85
Portugal,PT,2015,Age,55-64,99,97,97,86
Portugal,PT,2015,Age,65,98,89,94,83
Portugal,PT,2015,Education,Primary and below,100,88,92,84
Portugal,PT,2015,Education,Secondary and Vocational,98,94,95,84
Portugal,PT,2015,Education,University and above,97,95,94,84
Portugal,PT,2015,Employment,Employed,98,96,94,85
Portugal,PT,2015,Employment,Homemaker/other,99,91,95,83
Portugal,PT,2015,Employment,Student,98,96,100,71
Portugal,PT,2015,Employment,Unemployed,94,89,94,86
Portugal,PT,2015,Gender,Male,97,94,94,81
Portugal,PT,2015,Gender,Female,98,94,95,87
Portugal,PT,2015,Religion,Christian,99,96,96,92
Portugal,PT,2015,Religion,Atheist/agnostic,94,90,91,64
Portugal,PT,2015,Religion,Buddhist,88,88,88,50
Portugal,PT,2015,Religion,Jewish,100,100,100,100
Portugal,PT,2015,Religion,Other,88,75,75,63
Portugal,PT,2018,Age,18-24,93,70,55,
Portugal,PT,2018,Age,25-34,96,77,63,
Portugal,PT,2018,Age,35-44,94,81,66,
Portugal,PT,2018,Age,45-54,93,85,70,
Portugal,PT,2018,Age,55-64,94,86,76,
Portugal,PT,2018,Age,65,95,75,74,
Portugal,PT,2018,Education,Primary and below,95,79,71,
Portugal,PT,2018,Education,Secondary and Vocational,92,78,66,
Portugal,PT,2018,Education,University and above,98,82,66,
Portugal,PT,2018,Gender,Male,93,79,69,
Portugal,PT,2018,Gender,Female,95,79,66,
Portugal,PT,2018,Religion,Muslim,100,100,100,
Portugal,PT,2018,Religion,Christian,95,80,69,
Portugal,PT,2018,Religion,Atheist/agnostic,92,73,62,
Portugal,PT,2018,Religion,Buddhist,17,17,0,
Portugal,PT,2018,Religion,Hindu,81,81,81,
Portugal,PT,2018,Religion,Jewish,100,100,100,
Portugal,PT,2018,Religion,Other,100,75,51,
Portugal,PT,2020,Age,18-24,95,96,89,81
Portugal,PT,2020,Age,25-34,88,93,93,89
Portugal,PT,2020,Age,35-44,91,91,93,89
Portugal,PT,2020,Age,45-54,93,96,96,94
Portugal,PT,2020,Age,55-64,93,93,95,91
Portugal,PT,2020,Age,65,89,91,93,92
Portugal,PT,2020,Education,Primary and below,93,88,93,84
Portugal,PT,2020,Education,Secondary and Vocational,90,92,91,88
Portugal,PT,2020,Education,University and above,93,95,96,93
Portugal,PT,2020,Gender,Male,90,92,92,89
Portugal,PT,2020,Gender,Female,93,95,95,91
Portugal,PT,2020,Region,Centro,91,94,92,91
Portugal,PT,2020,Region,Norte,94,94,95,91
Portugal,PT,2020,Region,Alentejo,95,95,100,92
Portugal,PT,2020,Region,Algarve,80,82,86,84
Portugal,PT,2020,Region,Autonoma Da Madeira,92,92,100,92
Portugal,PT,2020,Region,Autonoma Dos Acores,86,79,57,79
Portugal,PT,2020,Region,Lisboa,91,93,94,88
Portugal,PT,2020,Religion,Muslim,100,100,0,100
Portugal,PT,2020,Religion,Christian,93,95,95,92
Portugal,PT,2020,Religion,Jewish,0,100,100,100
Portugal,PT,2020,Religion,Other,85,85,94,91
Portugal,PT,2020,Religion,Atheist/agnostic ,90,91,92,87
Portugal,PT,2023,Age,18-24,82,81,87,77
Portugal,PT,2023,Age,25-34,82,82,84,81
Portugal,PT,2023,Age,35-44,82,78,81,78
Portugal,PT,2023,Age,45-54,84,82,82,87
Portugal,PT,2023,Age,55,92,90,90,88
Portugal,PT,2023,Age,Don't know/ Refused,100,0,100,100
Portugal,PT,2023,Education,Don't know/ Refused,50,50,50,50
Portugal,PT,2023,Education,Primary and below,83,83,78,72
Portugal,PT,2023,Education,Secondary and Vocational,84,80,83,81
Portugal,PT,2023,Education,University and above,89,88,89,87
Portugal,PT,2023,Gender,Male,86,83,85,85
Portugal,PT,2023,Gender,Female,86,85,86,83
Portugal,PT,2023,Gender,Other,0,0,0,0
Portugal,PT,2023,Religion,Atheist/agnostic,83,81,84,79
Portugal,PT,2023,Religion,Buddhist,100,100,100,100
Portugal,PT,2023,Religion,Christian,88,86,88,88
Portugal,PT,2023,Religion,Don't know/ Refused,84,79,76,61
Portugal,PT,2023,Religion,Jewish,67,100,67,100
Portugal,PT,2023,Religion,Muslim,67,67,67,33
Portugal,PT,2023,Religion,Other,72,61,72,67
Qatar,QA,2023,Age,18-24,87,77,81,75
Qatar,QA,2023,Age,25-34,86,81,87,74
Qatar,QA,2023,Age,35-44,83,79,81,73
Qatar,QA,2023,Age,45-54,87,82,88,86
Qatar,QA,2023,Age,55,89,82,94,81
Qatar,QA,2023,Education,Don't know/ Refused,57,57,43,43
Qatar,QA,2023,Education,Primary and below,100,88,96,86
Qatar,QA,2023,Education,Secondary and Vocational,84,81,82,75
Qatar,QA,2023,Education,University and above,86,79,85,76
Qatar,QA,2023,Gender,Male,85,81,85,77
Qatar,QA,2023,Gender,Female,88,78,84,74
Qatar,QA,2023,Gender,Other,0,0,0,100
Qatar,QA,2023,Religion,Christian,86,79,84,74
Qatar,QA,2023,Religion,Muslim,85,90,94,89
Qatar,QA,2023,Religion,Other,78,56,67,67
Republic Of Korea,KR,2015,Age,18-24,95,89,93,82
Republic Of Korea,KR,2015,Age,25-34,96,90,93,74
Republic Of Korea,KR,2015,Age,35-44,97,88,91,76
Republic Of Korea,KR,2015,Age,45-54,93,90,93,75
Republic Of Korea,KR,2015,Age,55-64,94,90,90,79
Republic Of Korea,KR,2015,Age,65,96,91,95,78
Republic Of Korea,KR,2015,Education,Primary and below,91,93,90,76
Republic Of Korea,KR,2015,Education,Secondary and Vocational,95,90,92,78
Republic Of Korea,KR,2015,Education,University and above,96,89,92,75
Republic Of Korea,KR,2015,Employment,Employed,95,89,92,76
Republic Of Korea,KR,2015,Employment,Homemaker/other,95,92,92,78
Republic Of Korea,KR,2015,Employment,Student,95,89,93,81
Republic Of Korea,KR,2015,Employment,Unemployed,97,95,95,84
Republic Of Korea,KR,2015,Gender,Male,95,89,93,78
Republic Of Korea,KR,2015,Gender,Female,95,90,92,75
Republic Of Korea,KR,2015,Religion,Christian,97,90,93,76
Republic Of Korea,KR,2015,Religion,Atheist/agnostic,95,90,93,79
Republic Of Korea,KR,2015,Religion,Buddhist,94,90,90,72
Republic Of Korea,KR,2015,Religion,Other,100,100,100,72
Republic Of Korea,KR,2018,Age,18-24,59,43,65,
Republic Of Korea,KR,2018,Age,25-34,67,46,66,
Republic Of Korea,KR,2018,Age,35-44,72,41,64,
Republic Of Korea,KR,2018,Age,45-54,67,42,60,
Republic Of Korea,KR,2018,Age,55-64,65,46,64,
Republic Of Korea,KR,2018,Age,65,54,42,54,
Republic Of Korea,KR,2018,Education,Primary and below,45,32,46,
Republic Of Korea,KR,2018,Education,Secondary and Vocational,65,45,64,
Republic Of Korea,KR,2018,Education,University and above,70,45,65,
Republic Of Korea,KR,2018,Gender,Male,65,50,67,
Republic Of Korea,KR,2018,Gender,Female,63,36,57,
Republic Of Korea,KR,2018,Religion,Christian,68,44,64,
Republic Of Korea,KR,2018,Religion,Atheist/agnostic,64,44,62,
Republic Of Korea,KR,2018,Religion,Buddhist,57,37,57,
Republic Of Korea,KR,2018,Religion,Other,65,60,64,
Republic Of Korea,KR,2019,Age,18-24,90,85,90,69
Republic Of Korea,KR,2019,Age,25-34,92,86,90,73
Republic Of Korea,KR,2019,Age,35-44,94,89,92,74
Republic Of Korea,KR,2019,Age,45-54,92,89,92,73
Republic Of Korea,KR,2019,Age,55-64,94,89,92,76
Republic Of Korea,KR,2019,Age,65,89,87,92,73
Republic Of Korea,KR,2019,Education,Primary and below,89,90,91,72
Republic Of Korea,KR,2019,Education,Secondary and Vocational,94,89,92,74
Republic Of Korea,KR,2019,Education,University and above,92,87,91,74
Republic Of Korea,KR,2019,Employment,Employed,92,89,92,75
Republic Of Korea,KR,2019,Employment,Homemaker/other,93,85,91,71
Republic Of Korea,KR,2019,Employment,Student,91,86,90,66
Republic Of Korea,KR,2019,Employment,Unemployed,94,91,92,73
Republic Of Korea,KR,2019,Gender,Male,92,88,91,74
Republic Of Korea,KR,2019,Gender,Female,93,88,92,73
Republic Of Korea,KR,2019,Religion,Christian,93,88,92,79
Republic Of Korea,KR,2019,Religion,Atheist/agnostic,93,89,92,72
Republic Of Korea,KR,2019,Religion,Buddhist,90,86,90,75
Republic Of Korea,KR,2019,Religion,Other,100,100,100,0
Republic Of Korea,KR,2020,Age,18-24,98,78,85,46
Republic Of Korea,KR,2020,Age,25-34,92,72,85,52
Republic Of Korea,KR,2020,Age,35-44,94,77,88,46
Republic Of Korea,KR,2020,Age,45-54,93,84,92,46
Republic Of Korea,KR,2020,Age,55-64,92,84,91,40
Republic Of Korea,KR,2020,Age,65,98,89,88,39
Republic Of Korea,KR,2020,Education,Primary and below,100,100,100,0
Republic Of Korea,KR,2020,Education,Secondary and Vocational,95,78,89,37
Republic Of Korea,KR,2020,Education,University and above,93,81,88,50
Republic Of Korea,KR,2020,Employment,Employed,93,73,84,37
Republic Of Korea,KR,2020,Employment,Homemaker/other,94,81,89,45
Republic Of Korea,KR,2020,Employment,Student,98,80,90,49
Republic Of Korea,KR,2020,Employment,Unemployed,89,75,82,31
Republic Of Korea,KR,2020,Gender,Male,94,83,90,46
Republic Of Korea,KR,2020,Gender,Female,93,78,87,45
Republic Of Korea,KR,2020,Region,City,95,81,88,45
Republic Of Korea,KR,2020,Region,County,93,68,83,35
Republic Of Korea,KR,2020,Religion,Christian,94,81,89,61
Republic Of Korea,KR,2020,Religion,Atheist/agnostic,94,79,88,36
Republic Of Korea,KR,2020,Religion,Buddhist,93,87,94,46
Republic Of Korea,KR,2020,Religion,Other,67,50,100,17
Republic Of Korea,KR,2021,Age,18-24,52,47,53,40
Republic Of Korea,KR,2021,Age,25-34,59,59,63,58
Republic Of Korea,KR,2021,Age,35-44,53,59,67,51
Republic Of Korea,KR,2021,Age,45-54,70,71,84,61
Republic Of Korea,KR,2021,Age,55-64,64,79,86,75
Republic Of Korea,KR,2021,Age,65,68,76,82,69
Republic Of Korea,KR,2021,Education,Primary and below,52,55,58,45
Republic Of Korea,KR,2021,Education,Secondary and Vocational,64,65,72,54
Republic Of Korea,KR,2021,Education,University and above,66,73,82,69
Republic Of Korea,KR,2021,Employment,Employed,67,72,80,65
Republic Of Korea,KR,2021,Employment,Homemaker/other,64,70,81,67
Republic Of Korea,KR,2021,Employment,Student,61,55,64,48
Republic Of Korea,KR,2021,Employment,Unemployed,55,57,61,48
Republic Of Korea,KR,2021,Gender,Male,65,73,80,65
Republic Of Korea,KR,2021,Gender,Female,63,64,74,60
Republic Of Korea,KR,2021,Gender,Other,47,53,47,47
Republic Of Korea,KR,2021,Gender,Prefer not to say,22,21,24,16
Republic Of Korea,KR,2021,Religion,Muslim,25,75,75,75
Republic Of Korea,KR,2021,Religion,Christian,68,71,82,76
Republic Of Korea,KR,2021,Religion,Atheist/agnostic,65,71,81,63
Republic Of Korea,KR,2021,Religion,Buddhist,68,73,79,62
Republic Of Korea,KR,2021,Religion,Other,63,68,68,46
Republic Of Korea,KR,2021,Religion,Animist,43,43,43,29
Republic Of Korea,KR,2022,Age,18-24,32,33,35,30
Republic Of Korea,KR,2022,Age,25-34,43,51,56,55
Republic Of Korea,KR,2022,Age,35-44,49,55,65,66
Republic Of Korea,KR,2022,Age,45-54,55,59,69,60
Republic Of Korea,KR,2022,Age,55-64,59,68,79,71
Republic Of Korea,KR,2022,Age,65,55,63,77,62
Republic Of Korea,KR,2022,Education,Primary and below,39,35,35,45
Republic Of Korea,KR,2022,Education,Secondary and Vocational,55,60,72,57
Republic Of Korea,KR,2022,Education,University and above,54,62,71,67
Republic Of Korea,KR,2022,Employment,Employed,58,63,72,68
Republic Of Korea,KR,2022,Employment,Homemaker/other,52,63,79,60
Republic Of Korea,KR,2022,Employment,Student,45,48,48,42
Republic Of Korea,KR,2022,Employment,Unemployed,42,43,51,58
Republic Of Korea,KR,2022,Gender,Male,61,66,74,71
Republic Of Korea,KR,2022,Gender,Female,46,53,63,53
Republic Of Korea,KR,2022,Gender,   Other,25,33,67,33
Republic Of Korea,KR,2022,Gender,   Prefer not to say,14,16,18,16
Republic Of Korea,KR,2022,Region, North Chungcheong,33,33,35,32
Republic Of Korea,KR,2022,Region,Gangwon,47,52,53,58
Republic Of Korea,KR,2022,Region,Gyeonggi,48,55,67,59
Republic Of Korea,KR,2022,Region,Jeju,61,61,70,48
Republic Of Korea,KR,2022,Region,North Gyeongsang,49,55,59,58
Republic Of Korea,KR,2022,Region,North Jeolla,40,50,50,44
Republic Of Korea,KR,2022,Region,South Chungcheong,53,55,58,56
Republic Of Korea,KR,2022,Region,South Gyeongsang,49,50,66,59
Republic Of Korea,KR,2022,Region,South Jeolla,56,69,65,54
Republic Of Korea,KR,2022,Religion,Muslim,40,80,100,80
Republic Of Korea,KR,2022,Religion,Christian,58,65,75,74
Republic Of Korea,KR,2022,Religion,Atheist/agnostic,54,62,71,61
Republic Of Korea,KR,2022,Religion,Buddhist,58,59,72,65
Republic Of Korea,KR,2022,Religion,Other,41,48,62,50
Republic Of Korea,KR,2022,Religion,Animist,0,67,33,67
Romania,RO,2015,Age,18-24,83,76,85,82
Romania,RO,2015,Age,25-34,90,77,84,80
Romania,RO,2015,Age,35-44,84,76,81,83
Romania,RO,2015,Age,45-54,85,74,79,78
Romania,RO,2015,Age,55-64,88,74,79,86
Romania,RO,2015,Age,65,82,68,74,81
Romania,RO,2015,Education,Primary and below,63,59,69,75
Romania,RO,2015,Education,Secondary and Vocational,86,75,80,82
Romania,RO,2015,Education,University and above,87,74,80,83
Romania,RO,2015,Employment,Employed,87,76,82,81
Romania,RO,2015,Employment,Homemaker/other,85,72,77,83
Romania,RO,2015,Employment,Student,76,65,78,78
Romania,RO,2015,Employment,Unemployed,86,81,81,77
Romania,RO,2015,Gender,Male,84,73,78,80
Romania,RO,2015,Gender,Female,87,75,81,83
Romania,RO,2015,Religion,Muslim,100,100,100,100
Romania,RO,2015,Religion,Christian,86,74,80,82
Romania,RO,2015,Religion,Atheist/agnostic,52,45,44,64
Romania,RO,2015,Religion,Jewish,100,100,100,100
Romania,RO,2015,Religion,Other,85,66,66,75
Romania,RO,2018,Age,18-24,89,56,73,
Romania,RO,2018,Age,25-34,82,59,68,
Romania,RO,2018,Age,35-44,83,60,69,
Romania,RO,2018,Age,45-54,83,70,72,
Romania,RO,2018,Age,55-64,90,65,77,
Romania,RO,2018,Age,65,85,64,68,
Romania,RO,2018,Education,Primary and below,86,63,68,
Romania,RO,2018,Education,Secondary and Vocational,86,62,71,
Romania,RO,2018,Education,University and above,85,62,78,
Romania,RO,2018,Gender,Male,86,64,74,
Romania,RO,2018,Gender,Female,85,61,69,
Romania,RO,2018,Religion,Muslim,59,15,23,
Romania,RO,2018,Religion,Christian,86,63,72,
Romania,RO,2018,Religion,Atheist/agnostic,100,0,100,
Romania,RO,2018,Religion,Other,77,55,49,
Romania,RO,2019,Age,18-24,96,87,89,78
Romania,RO,2019,Age,25-34,93,86,93,73
Romania,RO,2019,Age,35-44,90,86,88,83
Romania,RO,2019,Age,45-54,95,83,92,79
Romania,RO,2019,Age,55-64,96,92,92,81
Romania,RO,2019,Education,Primary and below,98,93,85,80
Romania,RO,2019,Education,Secondary and Vocational,95,86,93,77
Romania,RO,2019,Education,University and above,91,85,88,83
Romania,RO,2019,Employment,Employed,94,85,90,79
Romania,RO,2019,Employment,Homemaker/other,96,91,95,83
Romania,RO,2019,Employment,Student,100,90,90,70
Romania,RO,2019,Employment,Unemployed,92,83,83,83
Romania,RO,2019,Gender,Male,95,86,90,79
Romania,RO,2019,Gender,Female,93,87,92,79
Romania,RO,2019,Religion,Christian,94,86,91,79
Romania,RO,2019,Religion,Atheist/agnostic,86,93,93,79
Romania,RO,2019,Religion,Other,100,82,91,82
Romania,RO,2020,Age,18-24,84,80,87,79
Romania,RO,2020,Age,25-34,79,71,77,64
Romania,RO,2020,Age,35-44,90,84,87,84
Romania,RO,2020,Age,45-54,89,82,87,80
Romania,RO,2020,Age,55-64,79,79,78,78
Romania,RO,2020,Age,65,76,63,70,68
Romania,RO,2020,Education,Primary and below,30,27,32,27
Romania,RO,2020,Education,Secondary and Vocational,84,77,82,74
Romania,RO,2020,Education,University and above,91,85,89,84
Romania,RO,2020,Gender,Male,80,76,80,75
Romania,RO,2020,Gender,Female,88,80,84,77
Romania,RO,2020,Gender,Prefer not to say,100,0,0,0
Romania,RO,2020,Region,Reg. De Dezv. Bucure?Ti - Ilfov,90,83,88,82
Romania,RO,2020,Region,Reg. De Dezv. Centru,83,83,83,80
Romania,RO,2020,Region,Reg. De Dezv. Nord-Est,74,72,75,69
Romania,RO,2020,Region,Reg. De Dezv. Nord-Vest,79,76,77,69
Romania,RO,2020,Region,Reg. De Dezv. Sud-Est,88,79,87,80
Romania,RO,2020,Region,Reg. De Dezv. Sud-Muntenia,94,80,87,82
Romania,RO,2020,Region,Reg. De Dezv. Sud-Vest Oltenia,77,72,78,73
Romania,RO,2020,Region,Reg. De Dezv. Vest,88,78,81,77
Romania,RO,2020,Religion,Muslim,100,100,100,75
Romania,RO,2020,Religion,Christian,85,80,83,78
Romania,RO,2020,Religion,Jewish,100,67,100,67
Romania,RO,2020,Religion,Other,77,62,81,69
Romania,RO,2020,Religion,Atheist/agnostic ,93,81,86,71
Romania,RO,2023,Age,18-24,57,53,63,52
Romania,RO,2023,Age,25-34,54,48,51,53
Romania,RO,2023,Age,35-44,53,53,58,54
Romania,RO,2023,Age,45-54,69,64,68,71
Romania,RO,2023,Age,55,74,64,70,73
Romania,RO,2023,Education,Don't know/ Refused,40,40,40,20
Romania,RO,2023,Education,Primary and below,41,28,31,41
Romania,RO,2023,Education,Secondary and Vocational,61,52,58,60
Romania,RO,2023,Education,University and above,70,67,72,70
Romania,RO,2023,Gender,Male,68,62,67,68
Romania,RO,2023,Gender,Female,62,56,62,61
Romania,RO,2023,Religion,Atheist/agnostic,79,67,76,71
Romania,RO,2023,Religion,Buddhist,20,40,20,20
Romania,RO,2023,Religion,Christian,64,58,63,64
Romania,RO,2023,Religion,Don't know/ Refused,63,50,75,63
Romania,RO,2023,Religion,Jewish,100,50,100,100
Romania,RO,2023,Religion,Muslim,60,80,80,80
Romania,RO,2023,Religion,Other,68,68,63,63
Russia,RU,2015,Age,18-24,77,71,69,89
Russia,RU,2015,Age,25-34,81,69,74,82
Russia,RU,2015,Age,35-44,72,62,71,84
Russia,RU,2015,Age,45-54,82,62,78,88
Russia,RU,2015,Age,55-64,71,52,72,86
Russia,RU,2015,Education,Primary and below,62,50,50,54
Russia,RU,2015,Education,Secondary and Vocational,73,58,67,83
Russia,RU,2015,Education,University and above,81,69,78,87
Russia,RU,2015,Employment,Employed,78,66,76,87
Russia,RU,2015,Employment,Homemaker/other,73,55,67,77
Russia,RU,2015,Employment,Student,82,80,64,94
Russia,RU,2015,Employment,Unemployed,58,61,61,84
Russia,RU,2015,Gender,Male,79,69,74,83
Russia,RU,2015,Gender,Female,76,60,72,88
Russia,RU,2015,Religion,Muslim,72,63,64,81
Russia,RU,2015,Religion,Christian,80,66,76,88
Russia,RU,2015,Religion,Atheist/agnostic,81,72,74,80
Russia,RU,2015,Religion,Buddhist,100,96,91,100
Russia,RU,2015,Religion,Hindu,100,100,100,0
Russia,RU,2015,Religion,Other,38,43,61,74
Russia,RU,2018,Age,18-24,68,43,61,
Russia,RU,2018,Age,25-34,69,41,56,
Russia,RU,2018,Age,35-44,75,42,57,
Russia,RU,2018,Age,45-54,68,42,58,
Russia,RU,2018,Age,55-64,75,37,56,
Russia,RU,2018,Age,65,69,39,49,
Russia,RU,2018,Education,Primary and below,69,39,55,
Russia,RU,2018,Education,Secondary and Vocational,69,41,54,
Russia,RU,2018,Education,University and above,76,42,63,
Russia,RU,2018,Gender,Male,67,40,57,
Russia,RU,2018,Gender,Female,73,41,55,
Russia,RU,2018,Religion,Muslim,55,33,36,
Russia,RU,2018,Religion,Christian,74,43,59,
Russia,RU,2018,Religion,Atheist/agnostic,62,40,55,
Russia,RU,2018,Religion,Buddhist,84,47,64,
Russia,RU,2018,Religion,Hindu,85,19,85,
Russia,RU,2018,Religion,Jewish,100,0,0,
Russia,RU,2018,Religion,Other,73,45,67,
Russia,RU,2019,Age,18-24,66,62,65,78
Russia,RU,2019,Age,25-34,74,62,70,78
Russia,RU,2019,Age,35-44,76,69,73,78
Russia,RU,2019,Age,45-54,75,68,73,79
Russia,RU,2019,Age,55-64,76,70,73,75
Russia,RU,2019,Age,65,81,75,79,82
Russia,RU,2019,Education,Primary and below,64,56,64,76
Russia,RU,2019,Education,Secondary and Vocational,78,68,74,80
Russia,RU,2019,Education,University and above,70,66,68,75
Russia,RU,2019,Employment,Employed,75,68,73,80
Russia,RU,2019,Employment,Homemaker/other,77,70,73,77
Russia,RU,2019,Employment,Student,63,55,61,76
Russia,RU,2019,Employment,Unemployed,69,63,69,63
Russia,RU,2019,Gender,Male,71,63,69,75
Russia,RU,2019,Gender,Female,78,70,74,80
Russia,RU,2019,Religion,Muslim,66,59,66,60
Russia,RU,2019,Religion,Christian,78,71,76,83
Russia,RU,2019,Religion,Atheist/agnostic,79,70,77,81
Russia,RU,2019,Religion,Buddhist,80,60,60,60
Russia,RU,2019,Religion,Hindu,29,43,14,14
Russia,RU,2019,Religion,Jewish,88,88,88,88
Russia,RU,2019,Religion,Other,78,74,78,83
Russia,RU,2023,Age,18-24,71,63,68,79
Russia,RU,2023,Age,25-34,63,55,66,78
Russia,RU,2023,Age,35-44,65,53,64,69
Russia,RU,2023,Age,45-54,74,53,68,74
Russia,RU,2023,Age,55,73,60,72,75
Russia,RU,2023,Education,Don't know/ Refused,50,75,50,25
Russia,RU,2023,Education,Primary and below,50,50,50,75
Russia,RU,2023,Education,Secondary and Vocational,69,57,67,74
Russia,RU,2023,Education,University and above,71,56,71,76
Russia,RU,2023,Gender,Male,71,59,70,72
Russia,RU,2023,Gender,Female,69,55,67,76
Russia,RU,2023,Religion,Christian,71,57,69,77
Russia,RU,2023,Religion,Muslim,0,0,0,33
Russia,RU,2023,Religion,Other,67,56,67,69
Rwanda,RW,2018,Age,18-24,81,78,81,
Rwanda,RW,2018,Age,25-34,77,71,77,
Rwanda,RW,2018,Age,35-44,88,82,88,
Rwanda,RW,2018,Age,45-54,87,84,86,
Rwanda,RW,2018,Age,55-64,75,74,77,
Rwanda,RW,2018,Age,65,83,78,83,
Rwanda,RW,2018,Education,Primary and below,82,78,82,
Rwanda,RW,2018,Education,Secondary and Vocational,81,74,81,
Rwanda,RW,2018,Education,University and above,100,100,100,
Rwanda,RW,2018,Gender,Male,79,73,79,
Rwanda,RW,2018,Gender,Female,84,82,84,
Rwanda,RW,2018,Religion,Muslim,96,96,96,
Rwanda,RW,2018,Religion,Christian,82,78,82,
Rwanda,RW,2018,Religion,Atheist/agnostic,44,44,44,
Rwanda,RW,2018,Religion,Other,100,100,100,
Saudi Arabia,SA,2015,Age,18-24,99,98,99,93
Saudi Arabia,SA,2015,Age,25-34,96,97,98,95
Saudi Arabia,SA,2015,Age,35-44,98,97,96,95
Saudi Arabia,SA,2015,Age,45-54,97,99,92,97
Saudi Arabia,SA,2015,Age,55-64,100,100,89,97
Saudi Arabia,SA,2015,Age,65,100,100,100,100
Saudi Arabia,SA,2015,Education,Primary and below,100,100,97,100
Saudi Arabia,SA,2015,Education,Secondary and Vocational,98,97,97,95
Saudi Arabia,SA,2015,Education,University and above,96,97,96,94
Saudi Arabia,SA,2015,Employment,Employed,97,97,96,97
Saudi Arabia,SA,2015,Employment,Homemaker/other,99,98,97,95
Saudi Arabia,SA,2015,Employment,Student,98,98,100,90
Saudi Arabia,SA,2015,Employment,Unemployed,94,97,94,94
Saudi Arabia,SA,2015,Gender,Male,97,98,96,97
Saudi Arabia,SA,2015,Gender,Female,99,97,97,93
Saudi Arabia,SA,2015,Religion,Muslim,98,98,96,95
Saudi Arabia,SA,2015,Religion,Christian,100,100,100,100
Saudi Arabia,SA,2015,Religion,Hindu,100,100,100,100
Saudi Arabia,SA,2015,Religion,Jewish,100,0,0,100
Saudi Arabia,SA,2018,Age,18-24,88,76,77,
Saudi Arabia,SA,2018,Age,25-34,86,79,77,
Saudi Arabia,SA,2018,Age,35-44,91,81,77,
Saudi Arabia,SA,2018,Age,45-54,91,87,87,
Saudi Arabia,SA,2018,Age,55-64,95,85,85,
Saudi Arabia,SA,2018,Age,65,100,66,100,
Saudi Arabia,SA,2018,Education,Primary and below,84,77,74,
Saudi Arabia,SA,2018,Education,Secondary and Vocational,89,81,76,
Saudi Arabia,SA,2018,Education,University and above,92,80,86,
Saudi Arabia,SA,2018,Gender,Male,88,81,79,
Saudi Arabia,SA,2018,Gender,Female,91,79,80,
Saudi Arabia,SA,2018,Religion,Muslim,92,82,81,
Saudi Arabia,SA,2020,Age,18-24,89,92,91,78
Saudi Arabia,SA,2020,Age,25-34,91,90,93,84
Saudi Arabia,SA,2020,Age,35-44,89,89,90,89
Saudi Arabia,SA,2020,Age,45-54,91,92,91,94
Saudi Arabia,SA,2020,Age,55-64,88,89,90,88
Saudi Arabia,SA,2020,Age,65,86,64,82,82
Saudi Arabia,SA,2020,Education,Primary and below,90,86,88,69
Saudi Arabia,SA,2020,Education,Secondary and Vocational,90,91,91,83
Saudi Arabia,SA,2020,Education,University and above,89,90,92,91
Saudi Arabia,SA,2020,Employment,Employed,90,92,93,86
Saudi Arabia,SA,2020,Employment,Homemaker/other,90,89,91,88
Saudi Arabia,SA,2020,Employment,Student,88,90,90,79
Saudi Arabia,SA,2020,Employment,Unemployed,90,89,91,84
Saudi Arabia,SA,2020,Gender,Male,90,90,91,84
Saudi Arabia,SA,2020,Gender,Female,90,90,92,88
Saudi Arabia,SA,2020,Region,Al Baha Region,100,100,100,91
Saudi Arabia,SA,2020,Region,Al Jouf Region,94,94,94,78
Saudi Arabia,SA,2020,Region,Asir Region,91,86,89,77
Saudi Arabia,SA,2020,Region,Eastern Region,87,86,88,85
Saudi Arabia,SA,2020,Region,Hail Region,100,100,94,82
Saudi Arabia,SA,2020,Region,Jazan Region,91,93,89,69
Saudi Arabia,SA,2020,Region,Madinah Region,91,89,94,81
Saudi Arabia,SA,2020,Region,Makkah Region,91,91,93,86
Saudi Arabia,SA,2020,Region,Najran Region,78,89,89,81
Saudi Arabia,SA,2020,Region,Qassim Region,81,77,87,83
Saudi Arabia,SA,2020,Region,Riyad Region,89,91,90,89
Saudi Arabia,SA,2020,Region,Tabuk Region,91,97,97,94
Saudi Arabia,SA,2020,Region,The Northern Borders Region,96,96,91,91
Saudi Arabia,SA,2020,Religion,Muslim,90,90,91,85
Saudi Arabia,SA,2023,Age,18-24,79,80,83,78
Saudi Arabia,SA,2023,Age,25-34,84,83,85,82
Saudi Arabia,SA,2023,Age,35-44,80,84,85,81
Saudi Arabia,SA,2023,Age,45-54,76,74,80,83
Saudi Arabia,SA,2023,Age,55,84,79,82,83
Saudi Arabia,SA,2023,Age,Don't know/ Refused,0,50,50,50
Saudi Arabia,SA,2023,Education,Don't know/ Refused,60,40,40,20
Saudi Arabia,SA,2023,Education,Primary and below,60,80,60,40
Saudi Arabia,SA,2023,Education,Secondary and Vocational,80,81,84,78
Saudi Arabia,SA,2023,Education,University and above,81,81,84,84
Saudi Arabia,SA,2023,Gender,Male,79,80,84,80
Saudi Arabia,SA,2023,Gender,Female,83,82,84,83
Saudi Arabia,SA,2023,Religion,Christian,81,80,83,82
Saudi Arabia,SA,2023,Religion,Muslim,82,84,88,79
Saudi Arabia,SA,2023,Religion,Other,65,76,82,65
Senegal,SN,2018,Age,18-24,79,64,69,
Senegal,SN,2018,Age,25-34,83,65,73,
Senegal,SN,2018,Age,35-44,83,60,69,
Senegal,SN,2018,Age,45-54,83,63,62,
Senegal,SN,2018,Age,55-64,77,52,67,
Senegal,SN,2018,Age,65,74,56,67,
Senegal,SN,2018,Education,Primary and below,76,60,64,
Senegal,SN,2018,Education,Secondary and Vocational,90,67,79,
Senegal,SN,2018,Education,University and above,94,67,85,
Senegal,SN,2018,Gender,Male,77,59,65,
Senegal,SN,2018,Gender,Female,84,65,72,
Senegal,SN,2018,Religion,Muslim,81,63,69,
Senegal,SN,2018,Religion,Christian,75,50,74,
Senegal,SN,2018,Religion,Atheist/agnostic,100,100,100,
Senegal,SN,2018,Religion,Other,0,0,0,
Senegal,SN,2020,Age,18-24,78,62,66,74
Senegal,SN,2020,Age,25-34,83,68,72,78
Senegal,SN,2020,Age,35-44,85,71,73,80
Senegal,SN,2020,Age,45-54,78,59,60,69
Senegal,SN,2020,Age,55-64,81,81,77,73
Senegal,SN,2020,Age,65,75,58,67,75
Senegal,SN,2020,Education,Primary and below,84,70,72,75
Senegal,SN,2020,Employment,Employed,81,69,70,78
Senegal,SN,2020,Employment,Homemaker/other,82,66,71,73
Senegal,SN,2020,Employment,Student,77,59,66,70
Senegal,SN,2020,Employment,Unemployed,88,69,75,73
Senegal,SN,2020,Gender,Male,78,63,65,77
Senegal,SN,2020,Gender,Female,84,70,73,75
Senegal,SN,2020,Region,Dakar,83,67,71,80
Senegal,SN,2020,Region,Diourbel,86,78,77,76
Senegal,SN,2020,Region,Thies,74,54,58,70
Senegal,SN,2020,Religion,Christian,78,68,70,77
Senegal,SN,2022,Age,18-24,64,68,70,78
Senegal,SN,2022,Age,25-34,63,66,69,77
Senegal,SN,2022,Age,35-44,66,68,69,76
Senegal,SN,2022,Age,45-54,68,75,75,79
Senegal,SN,2022,Age,55-64,73,78,78,83
Senegal,SN,2022,Age,65,78,83,83,86
Senegal,SN,2022,Education,Primary and below,71,75,75,80
Senegal,SN,2022,Education,Secondary and Vocational,61,66,69,76
Senegal,SN,2022,Education,University and above,62,68,66,80
Senegal,SN,2022,Employment,Employed,65,70,70,81
Senegal,SN,2022,Employment,Homemaker/other,70,74,77,79
Senegal,SN,2022,Employment,Student,62,69,67,75
Senegal,SN,2022,Employment,Unemployed,64,67,69,70
Senegal,SN,2022,Gender,Male,65,69,69,79
Senegal,SN,2022,Gender,Female,67,71,74,77
Senegal,SN,2022,Region,Dakar,73,75,78,90
Senegal,SN,2022,Region,Diourbel,65,68,71,78
Senegal,SN,2022,Region,Thies,55,67,69,63
Senegal,SN,2022,Region,Fatick,30,54,48,88
Senegal,SN,2022,Region,Kaffrine,61,65,66,81
Senegal,SN,2022,Region,Kedougou,80,76,71,84
Senegal,SN,2022,Region,Kolda,38,51,52,63
Senegal,SN,2022,Region,Louga,88,88,91,75
Senegal,SN,2022,Region,Matam,76,74,77,69
Senegal,SN,2022,Region,Saint-Louis,79,75,75,74
Senegal,SN,2022,Region,Sedhiou,90,89,93,83
Senegal,SN,2022,Region,Tambacounda,69,71,64,75
Senegal,SN,2022,Region,Ziguinchor,61,65,67,84
Senegal,SN,2022,Religion,Muslim,66,70,71,78
Senegal,SN,2022,Religion,Christian,65,69,82,77
Senegal,SN,2022,Religion,Other,71,71,79,86
Senegal,SN,2023,Age,18-24,72,62,65,68
Senegal,SN,2023,Age,25-34,66,61,63,64
Senegal,SN,2023,Age,35-44,70,68,70,70
Senegal,SN,2023,Age,45-54,76,73,73,70
Senegal,SN,2023,Age,55,78,76,78,78
Senegal,SN,2023,Education,Don't know/ Refused,100,100,75,88
Senegal,SN,2023,Education,Primary and below,72,71,71,71
Senegal,SN,2023,Education,Secondary and Vocational,72,64,69,66
Senegal,SN,2023,Education,University and above,68,57,58,69
Senegal,SN,2023,Gender,Male,70,63,65,69
Senegal,SN,2023,Gender,Female,73,70,71,69
Senegal,SN,2023,Religion,Christian,83,74,73,70
Senegal,SN,2023,Religion,Don't know/ Refused,50,50,50,50
Senegal,SN,2023,Religion,Muslim,71,66,68,69
Serbia,RS,2015,Age,18-24,75,73,74,67
Serbia,RS,2015,Age,25-34,80,74,74,65
Serbia,RS,2015,Age,35-44,82,78,78,72
Serbia,RS,2015,Age,45-54,79,74,74,67
Serbia,RS,2015,Age,55-64,77,65,72,66
Serbia,RS,2015,Age,65,85,79,80,64
Serbia,RS,2015,Education,Primary and below,79,73,74,68
Serbia,RS,2015,Education,Secondary and Vocational,80,75,77,68
Serbia,RS,2015,Education,University and above,80,70,74,62
Serbia,RS,2015,Employment,Employed,82,76,79,69
Serbia,RS,2015,Employment,Homemaker/other,83,75,78,66
Serbia,RS,2015,Employment,Student,78,75,78,71
Serbia,RS,2015,Employment,Unemployed,70,64,64,63
Serbia,RS,2015,Gender,Male,77,72,73,67
Serbia,RS,2015,Gender,Female,82,75,78,67
Serbia,RS,2015,Religion,Muslim,79,94,78,82
Serbia,RS,2015,Religion,Christian,81,74,77,68
Serbia,RS,2015,Religion,Atheist/agnostic,76,63,72,62
Serbia,RS,2015,Religion,Buddhist,0,0,100,0
Serbia,RS,2015,Religion,Jewish,43,43,43,43
Serbia,RS,2015,Religion,Other,63,63,70,69
Serbia,RS,2018,Age,18-24,76,61,66,
Serbia,RS,2018,Age,25-34,80,65,71,
Serbia,RS,2018,Age,35-44,86,60,72,
Serbia,RS,2018,Age,45-54,81,61,70,
Serbia,RS,2018,Age,55-64,78,62,66,
Serbia,RS,2018,Age,65,87,72,80,
Serbia,RS,2018,Education,Primary and below,79,65,72,
Serbia,RS,2018,Education,Secondary and Vocational,82,63,69,
Serbia,RS,2018,Education,University and above,84,65,74,
Serbia,RS,2018,Gender,Male,78,60,66,
Serbia,RS,2018,Gender,Female,84,67,75,
Serbia,RS,2018,Religion,Muslim,49,42,35,
Serbia,RS,2018,Religion,Christian,82,64,72,
Serbia,RS,2018,Religion,Atheist/agnostic,100,76,70,
Serbia,RS,2018,Religion,Buddhist,100,100,0,
Serbia,RS,2018,Religion,Jewish,100,100,0,
Serbia,RS,2018,Religion,Other,100,82,100,
Serbia,RS,2019,Age,18-24,88,75,81,69
Serbia,RS,2019,Age,25-34,90,81,86,70
Serbia,RS,2019,Age,35-44,88,74,84,73
Serbia,RS,2019,Age,45-54,88,68,78,75
Serbia,RS,2019,Age,55-64,92,81,84,80
Serbia,RS,2019,Age,65,87,70,80,79
Serbia,RS,2019,Education,Primary and below,92,80,85,77
Serbia,RS,2019,Education,Secondary and Vocational,87,73,81,73
Serbia,RS,2019,Education,University and above,89,73,83,76
Serbia,RS,2019,Employment,Employed,90,75,83,74
Serbia,RS,2019,Employment,Homemaker/other,86,72,79,77
Serbia,RS,2019,Employment,Student,89,79,85,67
Serbia,RS,2019,Employment,Unemployed,87,68,78,82
Serbia,RS,2019,Gender,Male,89,72,82,74
Serbia,RS,2019,Gender,Female,89,76,82,75
Serbia,RS,2019,Religion,Muslim,0,0,0,0
Serbia,RS,2019,Religion,Christian,89,75,82,75
Serbia,RS,2019,Religion,Atheist/agnostic,70,70,70,70
Serbia,RS,2019,Religion,Other,100,100,100,100
Sierra Leone,SL,2018,Age,18-24,84,81,79,
Sierra Leone,SL,2018,Age,25-34,91,85,85,
Sierra Leone,SL,2018,Age,35-44,93,85,88,
Sierra Leone,SL,2018,Age,45-54,92,86,90,
Sierra Leone,SL,2018,Age,55-64,82,76,77,
Sierra Leone,SL,2018,Age,65,80,77,74,
Sierra Leone,SL,2018,Education,Primary and below,86,81,83,
Sierra Leone,SL,2018,Education,Secondary and Vocational,90,85,82,
Sierra Leone,SL,2018,Education,University and above,100,90,92,
Sierra Leone,SL,2018,Gender,Male,88,81,82,
Sierra Leone,SL,2018,Gender,Female,87,84,83,
Sierra Leone,SL,2018,Religion,Muslim,87,83,84,
Sierra Leone,SL,2018,Religion,Christian,88,81,80,
Sierra Leone,SL,2018,Religion,Other,95,87,95,
Sierra Leone,SL,2022,Age,18-24,75,88,89,70
Sierra Leone,SL,2022,Age,25-34,75,85,86,70
Sierra Leone,SL,2022,Age,35-44,73,87,88,76
Sierra Leone,SL,2022,Age,45-54,83,93,94,72
Sierra Leone,SL,2022,Age,55-64,75,89,88,73
Sierra Leone,SL,2022,Age,65,69,91,83,77
Sierra Leone,SL,2022,Education,Primary and below,77,89,90,74
Sierra Leone,SL,2022,Education,Secondary and Vocational,74,86,87,71
Sierra Leone,SL,2022,Education,University and above,73,88,87,71
Sierra Leone,SL,2022,Employment,Employed,78,89,87,77
Sierra Leone,SL,2022,Employment,Homemaker/other,76,91,92,65
Sierra Leone,SL,2022,Employment,Student,71,82,84,68
Sierra Leone,SL,2022,Employment,Unemployed,72,86,91,79
Sierra Leone,SL,2022,Gender,Male,77,89,89,75
Sierra Leone,SL,2022,Gender,Female,74,86,87,69
Sierra Leone,SL,2022,Region,Eastern,74,94,94,75
Sierra Leone,SL,2022,Region,Western,67,85,87,74
Sierra Leone,SL,2022,Region,Northern,81,89,90,69
Sierra Leone,SL,2022,Region,Southern,73,80,79,74
Sierra Leone,SL,2022,Religion,Muslim,76,89,90,73
Sierra Leone,SL,2022,Religion,Christian,74,84,82,70
Sierra Leone,SL,2022,Religion,Other,0,100,0,100
Sierra Leone,SL,2023,Age,18-24,78,86,77,74
Sierra Leone,SL,2023,Age,25-34,87,88,84,74
Sierra Leone,SL,2023,Age,35-44,83,93,90,71
Sierra Leone,SL,2023,Age,45-54,86,87,91,71
Sierra Leone,SL,2023,Age,55,81,90,85,70
Sierra Leone,SL,2023,Age,Don't know/ Refused,100,100,50,0
Sierra Leone,SL,2023,Education,Don't know/ Refused,90,100,95,85
Sierra Leone,SL,2023,Education,Primary and below,85,90,89,73
Sierra Leone,SL,2023,Education,Secondary and Vocational,79,86,76,71
Sierra Leone,SL,2023,Education,University and above,87,93,92,76
Sierra Leone,SL,2023,Gender,Male,83,89,87,75
Sierra Leone,SL,2023,Gender,Female,83,87,79,70
Sierra Leone,SL,2023,Religion,Christian,85,90,83,67
Sierra Leone,SL,2023,Religion,Don't know/ Refused,100,100,100,0
Sierra Leone,SL,2023,Religion,Muslim,81,88,83,75
Singapore,SG,2018,Age,18-24,76,68,66,
Singapore,SG,2018,Age,25-34,74,64,68,
Singapore,SG,2018,Age,35-44,73,63,67,
Singapore,SG,2018,Age,45-54,67,60,61,
Singapore,SG,2018,Age,55-64,71,66,60,
Singapore,SG,2018,Age,65,57,51,53,
Singapore,SG,2018,Education,Primary and below,54,48,51,
Singapore,SG,2018,Education,Secondary and Vocational,71,62,62,
Singapore,SG,2018,Education,University and above,79,73,74,
Singapore,SG,2018,Gender,Male,70,63,64,
Singapore,SG,2018,Gender,Female,70,61,62,
Singapore,SG,2018,Religion,Muslim,67,62,59,
Singapore,SG,2018,Religion,Christian,79,67,69,
Singapore,SG,2018,Religion,Atheist/agnostic,94,73,85,
Singapore,SG,2018,Religion,Buddhist,66,60,61,
Singapore,SG,2018,Religion,Hindu,74,70,67,
Singapore,SG,2018,Religion,Other,61,56,53,
Slovakia,SK,2018,Age,18-24,72,61,69,
Slovakia,SK,2018,Age,25-34,70,62,69,
Slovakia,SK,2018,Age,35-44,74,67,74,
Slovakia,SK,2018,Age,45-54,81,69,77,
Slovakia,SK,2018,Age,55-64,77,65,68,
Slovakia,SK,2018,Age,65,77,65,70,
Slovakia,SK,2018,Education,Primary and below,71,63,66,
Slovakia,SK,2018,Education,Secondary and Vocational,75,64,71,
Slovakia,SK,2018,Education,University and above,81,73,79,
Slovakia,SK,2018,Gender,Male,72,62,67,
Slovakia,SK,2018,Gender,Female,78,68,75,
Slovakia,SK,2018,Religion,Muslim,100,100,100,
Slovakia,SK,2018,Religion,Christian,76,65,72,
Slovakia,SK,2018,Religion,Atheist/agnostic,71,67,73,
Slovakia,SK,2018,Religion,Hindu,100,100,100,
Slovakia,SK,2018,Religion,Jewish,100,100,100,
Slovakia,SK,2020,Age,18-24,62,65,70,71
Slovakia,SK,2020,Age,25-34,45,56,63,60
Slovakia,SK,2020,Age,35-44,65,61,68,63
Slovakia,SK,2020,Age,45-54,70,62,68,66
Slovakia,SK,2020,Age,55-64,61,54,61,61
Slovakia,SK,2020,Age,65,65,62,66,73
Slovakia,SK,2020,Education,Primary and below,45,45,55,50
Slovakia,SK,2020,Education,Secondary and Vocational,58,57,62,62
Slovakia,SK,2020,Education,University and above,69,67,75,74
Slovakia,SK,2020,Gender,Male,61,65,69,68
Slovakia,SK,2020,Gender,Female,62,55,64,63
Slovakia,SK,2020,Gender,Other,0,50,50,100
Slovakia,SK,2020,Gender,Prefer not to say,33,0,0,33
Slovakia,SK,2020,Region,Bratislavsky Kraj,63,61,70,61
Slovakia,SK,2020,Region,Stredne Slovensko,58,55,60,61
Slovakia,SK,2020,Region,Vychodne Slovensko,61,64,68,67
Slovakia,SK,2020,Region,Zapadne Slovensko,64,60,67,68
Slovakia,SK,2020,Religion,Muslim,50,40,60,30
Slovakia,SK,2020,Religion,Christian,62,61,67,68
Slovakia,SK,2020,Religion,Jewish,50,50,70,50
Slovakia,SK,2020,Religion,Other,48,38,41,31
Slovakia,SK,2020,Religion,Atheist/agnostic ,66,67,72,68
Slovakia,SK,2023,Age,18-24,70,60,60,62
Slovakia,SK,2023,Age,25-34,60,53,57,54
Slovakia,SK,2023,Age,35-44,62,52,54,51
Slovakia,SK,2023,Age,45-54,67,58,60,60
Slovakia,SK,2023,Age,55,67,50,57,54
Slovakia,SK,2023,Age,Don't know/ Refused,50,0,0,50
Slovakia,SK,2023,Education,Don't know/ Refused,50,50,25,25
Slovakia,SK,2023,Education,Primary and below,53,50,43,47
Slovakia,SK,2023,Education,Secondary and Vocational,60,47,51,48
Slovakia,SK,2023,Education,University and above,75,66,71,69
Slovakia,SK,2023,Gender,Male,66,58,60,59
Slovakia,SK,2023,Gender,Female,64,49,54,52
Slovakia,SK,2023,Gender,Other,0,0,100,100
Slovakia,SK,2023,Gender,Don't know/ Prefer not to say,50,50,100,50
Slovakia,SK,2023,Religion,Atheist/agnostic,70,60,65,60
Slovakia,SK,2023,Religion,Buddhist,60,60,40,40
Slovakia,SK,2023,Religion,Christian,64,52,55,55
Slovakia,SK,2023,Religion,Don't know/ Refused,54,54,54,42
Slovakia,SK,2023,Religion,Hindu,0,0,0,0
Slovakia,SK,2023,Religion,Jewish,100,0,100,0
Slovakia,SK,2023,Religion,Muslim,50,25,25,25
Slovakia,SK,2023,Religion,Other,63,48,52,37
Slovenia,SI,2015,Age,18-24,85,69,82,51
Slovenia,SI,2015,Age,25-34,73,63,73,40
Slovenia,SI,2015,Age,35-44,75,65,73,47
Slovenia,SI,2015,Age,45-54,76,70,71,47
Slovenia,SI,2015,Age,55-64,87,74,81,50
Slovenia,SI,2015,Age,65,88,79,83,49
Slovenia,SI,2015,Education,Primary and below,83,63,75,38
Slovenia,SI,2015,Education,Secondary and Vocational,80,71,74,47
Slovenia,SI,2015,Education,University and above,81,72,81,49
Slovenia,SI,2015,Employment,Employed,78,70,75,48
Slovenia,SI,2015,Employment,Homemaker/other,87,76,82,49
Slovenia,SI,2015,Employment,Student,84,75,86,51
Slovenia,SI,2015,Employment,Unemployed,74,62,69,43
Slovenia,SI,2015,Gender,Male,81,75,79,50
Slovenia,SI,2015,Gender,Female,80,66,75,45
Slovenia,SI,2015,Religion,Muslim,100,100,84,52
Slovenia,SI,2015,Religion,Christian,80,69,75,59
Slovenia,SI,2015,Religion,Atheist/agnostic,84,78,84,37
Slovenia,SI,2015,Religion,Buddhist,58,0,40,0
Slovenia,SI,2015,Religion,Hindu,100,100,100,100
Slovenia,SI,2015,Religion,Other,65,50,67,25
Slovenia,SI,2018,Age,18-24,90,74,78,
Slovenia,SI,2018,Age,25-34,81,63,75,
Slovenia,SI,2018,Age,35-44,81,53,68,
Slovenia,SI,2018,Age,45-54,80,62,72,
Slovenia,SI,2018,Age,55-64,78,64,70,
Slovenia,SI,2018,Age,65,78,69,73,
Slovenia,SI,2018,Education,Primary and below,79,64,73,
Slovenia,SI,2018,Education,Secondary and Vocational,81,63,72,
Slovenia,SI,2018,Education,University and above,83,66,78,
Slovenia,SI,2018,Gender,Male,80,65,73,
Slovenia,SI,2018,Gender,Female,81,63,71,
Slovenia,SI,2018,Religion,Muslim,81,68,65,
Slovenia,SI,2018,Religion,Christian,82,64,72,
Slovenia,SI,2018,Religion,Atheist/agnostic,80,64,73,
Slovenia,SI,2020,Age,18-24,65,69,78,65
Slovenia,SI,2020,Age,25-34,63,59,63,57
Slovenia,SI,2020,Age,35-44,62,59,65,62
Slovenia,SI,2020,Age,45-54,74,68,72,64
Slovenia,SI,2020,Age,55-64,74,70,75,74
Slovenia,SI,2020,Age,65,77,76,77,80
Slovenia,SI,2020,Education,Primary and below,45,49,58,49
Slovenia,SI,2020,Education,Secondary and Vocational,68,64,69,63
Slovenia,SI,2020,Education,University and above,74,73,76,74
Slovenia,SI,2020,Gender,Male,69,68,71,66
Slovenia,SI,2020,Gender,Female,70,65,72,68
Slovenia,SI,2020,Gender,Other,50,50,50,100
Slovenia,SI,2020,Gender,Prefer not to say,40,40,20,30
Slovenia,SI,2020,Region,Gorenjska,69,68,72,63
Slovenia,SI,2020,Region,Goriska,71,66,66,68
Slovenia,SI,2020,Region,Jugovzhodna Slovenija,67,63,68,61
Slovenia,SI,2020,Region,Koroska,79,67,61,67
Slovenia,SI,2020,Region,Obalno-Kraska,74,66,81,68
Slovenia,SI,2020,Region,Osrednjeslovenska,68,70,72,70
Slovenia,SI,2020,Region,Podravska,65,61,71,64
Slovenia,SI,2020,Region,Pomurska,71,73,75,75
Slovenia,SI,2020,Region,Posavska,70,53,70,50
Slovenia,SI,2020,Region,Primorsko-Notranjska,73,73,82,73
Slovenia,SI,2020,Region,Savinjska,71,66,70,67
Slovenia,SI,2020,Region,Zasavska,63,59,59,56
Slovenia,SI,2020,Religion,Muslim,63,63,65,55
Slovenia,SI,2020,Religion,Christian,71,68,75,70
Slovenia,SI,2020,Religion,Jewish,100,100,100,0
Slovenia,SI,2020,Religion,Other,62,43,52,62
Slovenia,SI,2020,Religion,Atheist/agnostic ,74,71,73,69
Slovenia,SI,2023,Age,18-24,61,55,57,59
Slovenia,SI,2023,Age,25-34,52,48,57,57
Slovenia,SI,2023,Age,35-44,41,42,42,43
Slovenia,SI,2023,Age,45-54,54,48,53,57
Slovenia,SI,2023,Age,55,61,55,61,64
Slovenia,SI,2023,Age,Don't know/ Refused,50,100,100,100
Slovenia,SI,2023,Education,Don't know/ Refused,45,45,45,55
Slovenia,SI,2023,Education,Primary and below,43,43,24,38
Slovenia,SI,2023,Education,Secondary and Vocational,52,46,52,56
Slovenia,SI,2023,Education,University and above,61,56,61,62
Slovenia,SI,2023,Gender,Male,57,57,59,62
Slovenia,SI,2023,Gender,Female,53,44,52,53
Slovenia,SI,2023,Gender,Don't know/ Prefer not to say,100,0,0,100
Slovenia,SI,2023,Religion,Atheist/agnostic,59,54,62,61
Slovenia,SI,2023,Religion,Buddhist,20,20,20,20
Slovenia,SI,2023,Religion,Christian,57,52,56,59
Slovenia,SI,2023,Religion,Don't know/ Refused,40,29,40,48
Slovenia,SI,2023,Religion,Hindu,0,50,25,25
Slovenia,SI,2023,Religion,Jewish,50,50,50,50
Slovenia,SI,2023,Religion,Muslim,40,40,34,51
Slovenia,SI,2023,Religion,Other,31,35,35,35
Solomon Islands,SB,2021,Education,Primary and below,66,65,65,42
Solomon Islands,SB,2021,Education,Secondary and Vocational,67,73,69,47
Solomon Islands,SB,2021,Education,University and above,74,78,80,41
Solomon Islands,SB,2021,Employment,Employed,72,78,79,48
Solomon Islands,SB,2021,Employment,Homemaker/other,66,65,65,42
Solomon Islands,SB,2021,Employment,Student,63,69,67,39
Solomon Islands,SB,2021,Employment,Unemployed,70,73,66,44
Solomon Islands,SB,2021,Gender,Male,68,72,72,44
Solomon Islands,SB,2021,Gender,Female,70,73,71,45
South Africa,ZA,2015,Age,18-24,78,83,79,60
South Africa,ZA,2015,Age,25-34,93,84,84,71
South Africa,ZA,2015,Age,35-44,91,87,89,70
South Africa,ZA,2015,Age,45-54,92,82,88,76
South Africa,ZA,2015,Age,55-64,94,90,92,83
South Africa,ZA,2015,Age,65,93,88,92,86
South Africa,ZA,2015,Education,Primary and below,95,77,81,66
South Africa,ZA,2015,Education,Secondary and Vocational,90,86,86,73
South Africa,ZA,2015,Education,University and above,89,86,87,71
South Africa,ZA,2015,Employment,Employed,90,85,88,71
South Africa,ZA,2015,Employment,Homemaker/other,94,91,91,88
South Africa,ZA,2015,Employment,Student,79,74,75,71
South Africa,ZA,2015,Employment,Unemployed,97,92,86,67
South Africa,ZA,2015,Gender,Male,87,85,85,74
South Africa,ZA,2015,Gender,Female,92,86,87,70
South Africa,ZA,2015,Religion,Muslim,89,88,89,78
South Africa,ZA,2015,Religion,Christian,91,86,86,75
South Africa,ZA,2015,Religion,Atheist/agnostic,97,91,91,44
South Africa,ZA,2015,Religion,Buddhist,88,88,88,88
South Africa,ZA,2015,Religion,Hindu,100,100,96,97
South Africa,ZA,2015,Religion,Jewish,100,100,100,83
South Africa,ZA,2015,Religion,Other,73,81,87,48
South Africa,ZA,2018,Age,18-24,36,32,30,
South Africa,ZA,2018,Age,25-34,38,33,33,
South Africa,ZA,2018,Age,35-44,50,47,42,
South Africa,ZA,2018,Age,45-54,40,37,37,
South Africa,ZA,2018,Age,55-64,32,30,29,
South Africa,ZA,2018,Age,65,25,25,29,
South Africa,ZA,2018,Education,Primary and below,37,35,32,
South Africa,ZA,2018,Education,Secondary and Vocational,39,34,33,
South Africa,ZA,2018,Education,University and above,52,47,54,
South Africa,ZA,2018,Gender,Male,37,33,33,
South Africa,ZA,2018,Gender,Female,41,36,35,
South Africa,ZA,2018,Religion,Muslim,55,45,33,
South Africa,ZA,2018,Religion,Christian,38,34,33,
South Africa,ZA,2018,Religion,Atheist/agnostic,80,80,80,
South Africa,ZA,2018,Religion,Hindu,79,63,63,
South Africa,ZA,2018,Religion,Other,53,54,52,
South Africa,ZA,2020,Age,18-24,77,69,72,53
South Africa,ZA,2020,Age,25-34,77,71,74,49
South Africa,ZA,2020,Age,35-44,78,76,74,53
South Africa,ZA,2020,Age,45-54,81,70,76,61
South Africa,ZA,2020,Age,55-64,85,81,81,57
South Africa,ZA,2020,Age,65,83,75,75,42
South Africa,ZA,2020,Education,Primary and below,84,74,86,60
South Africa,ZA,2020,Employment,Employed,80,75,76,55
South Africa,ZA,2020,Employment,Homemaker/other,83,82,82,60
South Africa,ZA,2020,Employment,Student,75,74,79,51
South Africa,ZA,2020,Employment,Unemployed,76,65,71,48
South Africa,ZA,2020,Gender,Male,76,71,71,51
South Africa,ZA,2020,Gender,Female,82,75,78,55
South Africa,ZA,2020,Region,Eastern Cape,84,81,77,40
South Africa,ZA,2020,Region,Free State,76,60,62,54
South Africa,ZA,2020,Region,Gauteng,82,81,83,60
South Africa,ZA,2020,Region,Kwazulu-Natal,84,73,77,51
South Africa,ZA,2020,Region,Limpopo,74,68,67,39
South Africa,ZA,2020,Region,Mpumalanga,68,64,65,60
South Africa,ZA,2020,Region,North West,70,70,66,39
South Africa,ZA,2020,Region,Northern Cape,89,89,84,63
South Africa,ZA,2020,Region,Western Cape,79,66,73,69
South Africa,ZA,2020,Religion,Christian,79,74,75,53
South Africa,ZA,2020,Religion,Other,79,68,68,47
South Africa,ZA,2022,Age,18-24,60,66,67,61
South Africa,ZA,2022,Age,25-34,67,73,77,65
South Africa,ZA,2022,Age,35-44,65,75,75,62
South Africa,ZA,2022,Age,45-54,53,72,73,60
South Africa,ZA,2022,Age,55-64,62,68,67,63
South Africa,ZA,2022,Age,65,68,77,84,67
South Africa,ZA,2022,Education,Primary and below,60,60,59,57
South Africa,ZA,2022,Education,Secondary and Vocational,61,70,72,61
South Africa,ZA,2022,Education,University and above,68,78,79,67
South Africa,ZA,2022,Employment,Employed,64,74,76,64
South Africa,ZA,2022,Employment,Homemaker/other,57,72,75,63
South Africa,ZA,2022,Employment,Student,52,59,60,58
South Africa,ZA,2022,Employment,Unemployed,68,71,72,63
South Africa,ZA,2022,Gender,Male,64,71,74,62
South Africa,ZA,2022,Gender,Female,62,72,72,63
South Africa,ZA,2022,Region,Eastern Cape,15,61,62,33
South Africa,ZA,2022,Region,Free State,77,71,73,56
South Africa,ZA,2022,Region,Gauteng,86,88,89,85
South Africa,ZA,2022,Region,Kwazulu-Natal,60,57,55,54
South Africa,ZA,2022,Region,Limpopo,81,74,76,61
South Africa,ZA,2022,Region,Mpumalanga,33,52,57,45
South Africa,ZA,2022,Region,North West,52,54,62,58
South Africa,ZA,2022,Region,Northern Cape,3,60,68,35
South Africa,ZA,2022,Region,Western Cape,78,83,87,68
South Africa,ZA,2022,Religion,Muslim,78,85,81,74
South Africa,ZA,2022,Religion,Christian,63,72,73,64
South Africa,ZA,2022,Religion,Other,59,64,72,52
South Africa,ZA,2023,Age,18-24,65,74,72,67
South Africa,ZA,2023,Age,25-34,71,73,75,72
South Africa,ZA,2023,Age,35-44,70,71,72,73
South Africa,ZA,2023,Age,45-54,64,69,67,68
South Africa,ZA,2023,Age,55,73,77,75,82
South Africa,ZA,2023,Education,Don't know/ Refused,50,100,100,50
South Africa,ZA,2023,Education,Primary and below,77,81,79,85
South Africa,ZA,2023,Education,Secondary and Vocational,62,69,69,65
South Africa,ZA,2023,Education,University and above,78,76,77,80
South Africa,ZA,2023,Gender,Male,67,69,70,70
South Africa,ZA,2023,Gender,Female,71,75,74,73
South Africa,ZA,2023,Religion,Atheist/agnostic,69,67,65,69
South Africa,ZA,2023,Religion,Christian,70,73,73,73
South Africa,ZA,2023,Religion,Don't know/ Refused,53,53,47,53
South Africa,ZA,2023,Religion,Muslim,65,74,71,65
South Africa,ZA,2023,Religion,Other,50,30,60,60
Republic Of Korea,KR,2023,Age,18-24,56,55,62,43
Republic Of Korea,KR,2023,Age,25-34,56,48,56,38
Republic Of Korea,KR,2023,Age,35-44,53,46,59,32
Republic Of Korea,KR,2023,Age,45-54,65,57,67,46
Republic Of Korea,KR,2023,Age,55,69,69,79,54
Republic Of Korea,KR,2023,Age,Don't know/ Refused,50,50,50,50
Republic Of Korea,KR,2023,Education,Don't know/ Refused,38,13,25,50
Republic Of Korea,KR,2023,Education,Primary and below,56,78,78,33
Republic Of Korea,KR,2023,Education,Secondary and Vocational,59,56,65,39
Republic Of Korea,KR,2023,Education,University and above,63,59,69,46
Republic Of Korea,KR,2023,Gender,Male,68,66,76,50
Republic Of Korea,KR,2023,Gender,Female,56,50,60,40
Republic Of Korea,KR,2023,Religion,Atheist/agnostic,59,56,64,41
Republic Of Korea,KR,2023,Religion,Buddhist,68,59,76,49
Republic Of Korea,KR,2023,Religion,Christian,66,63,73,50
Republic Of Korea,KR,2023,Religion,Don't know/ Refused,55,36,55,55
Republic Of Korea,KR,2023,Religion,Muslim,0,0,0,0
Republic Of Korea,KR,2023,Religion,Other,40,20,20,60
South Sudan,SS,2022,Age,18-24,69,78,74,70
South Sudan,SS,2022,Age,25-34,66,75,68,61
South Sudan,SS,2022,Age,35-44,70,79,79,71
South Sudan,SS,2022,Age,45-54,74,79,75,73
South Sudan,SS,2022,Age,55-64,79,88,82,67
South Sudan,SS,2022,Age,65,63,73,75,63
South Sudan,SS,2022,Education,Primary and below,69,77,74,68
South Sudan,SS,2022,Education,Secondary and Vocational,69,77,70,66
South Sudan,SS,2022,Education,University and above,64,77,73,61
South Sudan,SS,2022,Employment,Employed,70,81,76,66
South Sudan,SS,2022,Employment,Homemaker/other,71,77,71,69
South Sudan,SS,2022,Employment,Student,67,74,70,77
South Sudan,SS,2022,Employment,Unemployed,66,76,75,61
South Sudan,SS,2022,Gender,Male,70,78,74,67
South Sudan,SS,2022,Gender,Female,67,77,73,68
South Sudan,SS,2022,Region,Bahr El Ghazal,69,83,77,73
South Sudan,SS,2022,Region,Equatoria,72,72,70,60
South Sudan,SS,2022,Region,Greater Upper Nile,64,75,71,68
South Sudan,SS,2022,Religion,Muslim,83,83,92,67
South Sudan,SS,2022,Religion,Christian,68,77,72,67
South Sudan,SS,2022,Religion,Other,79,77,89,77
South Sudan,SS,2023,Age,18-24,77,79,71,72
South Sudan,SS,2023,Age,25-34,77,74,72,66
South Sudan,SS,2023,Age,35-44,78,87,83,71
South Sudan,SS,2023,Age,45-54,81,90,81,90
South Sudan,SS,2023,Age,55,91,91,82,82
South Sudan,SS,2023,Age,Don't know/ Refused,50,50,50,50
South Sudan,SS,2023,Education,Don't know/ Refused,86,86,57,86
South Sudan,SS,2023,Education,Primary and below,81,82,72,77
South Sudan,SS,2023,Education,Secondary and Vocational,75,80,74,70
South Sudan,SS,2023,Education,University and above,77,73,74,64
South Sudan,SS,2023,Gender,Male,75,76,71,68
South Sudan,SS,2023,Gender,Female,81,82,76,74
South Sudan,SS,2023,Religion,Christian,78,79,74,71
South Sudan,SS,2023,Religion,Don't know/ Refused,100,75,75,50
South Sudan,SS,2023,Religion,Muslim,74,89,70,85
South Sudan,SS,2023,Religion,Other,33,33,33,0
Spain,ES,2015,Age,18-24,90,90,92,77
Spain,ES,2015,Age,25-34,83,83,85,80
Spain,ES,2015,Age,35-44,92,86,89,83
Spain,ES,2015,Age,45-54,96,93,95,85
Spain,ES,2015,Age,55-64,99,91,95,87
Spain,ES,2015,Age,65,96,92,94,94
Spain,ES,2015,Education,Primary and below,94,87,88,81
Spain,ES,2015,Education,Secondary and Vocational,94,89,92,83
Spain,ES,2015,Education,University and above,92,90,92,87
Spain,ES,2015,Employment,Employed,91,89,91,84
Spain,ES,2015,Employment,Homemaker/other,97,90,93,90
Spain,ES,2015,Employment,Student,94,95,94,79
Spain,ES,2015,Employment,Unemployed,93,85,91,81
Spain,ES,2015,Gender,Male,92,88,91,84
Spain,ES,2015,Gender,Female,93,89,92,85
Spain,ES,2015,Religion,Muslim,52,100,100,100
Spain,ES,2015,Religion,Christian,94,90,92,90
Spain,ES,2015,Religion,Atheist/agnostic,92,88,91,78
Spain,ES,2015,Religion,Buddhist,72,58,83,41
Spain,ES,2015,Religion,Hindu,50,50,100,50
Spain,ES,2015,Religion,Jewish,100,100,100,0
Spain,ES,2015,Religion,Other,82,82,91,75
Spain,ES,2018,Age,18-24,79,67,77,
Spain,ES,2018,Age,25-34,85,79,76,
Spain,ES,2018,Age,35-44,87,78,73,
Spain,ES,2018,Age,45-54,92,83,84,
Spain,ES,2018,Age,55-64,93,84,84,
Spain,ES,2018,Age,65,84,81,81,
Spain,ES,2018,Education,Primary and below,82,72,74,
Spain,ES,2018,Education,Secondary and Vocational,88,80,79,
Spain,ES,2018,Education,University and above,87,85,86,
Spain,ES,2018,Gender,Male,84,78,79,
Spain,ES,2018,Gender,Female,88,78,77,
Spain,ES,2018,Religion,Muslim,40,40,40,
Spain,ES,2018,Religion,Christian,90,81,82,
Spain,ES,2018,Religion,Atheist/agnostic,80,72,71,
Spain,ES,2018,Religion,Buddhist,100,100,100,
Spain,ES,2018,Religion,Jewish,34,0,100,
Spain,ES,2018,Religion,Other,25,100,78,
Spain,ES,2019,Age,18-24,97,91,88,73
Spain,ES,2019,Age,25-34,97,93,93,85
Spain,ES,2019,Age,35-44,95,93,91,85
Spain,ES,2019,Age,45-54,98,92,93,86
Spain,ES,2019,Age,55-64,98,93,95,88
Spain,ES,2019,Age,65,95,87,90,84
Spain,ES,2019,Education,Primary and below,95,85,86,72
Spain,ES,2019,Education,Secondary and Vocational,97,92,91,83
Spain,ES,2019,Education,University and above,97,93,95,90
Spain,ES,2019,Employment,Employed,97,93,93,86
Spain,ES,2019,Employment,Homemaker/other,96,89,87,78
Spain,ES,2019,Employment,Student,100,84,79,84
Spain,ES,2019,Employment,Unemployed,94,90,91,85
Spain,ES,2019,Gender,Male,96,93,93,84
Spain,ES,2019,Gender,Female,97,90,91,85
Spain,ES,2019,Religion,Muslim,91,100,82,82
Spain,ES,2019,Religion,Christian,98,92,93,88
Spain,ES,2019,Religion,Atheist/agnostic,95,91,90,80
Spain,ES,2019,Religion,Buddhist,100,100,100,75
Spain,ES,2019,Religion,Other,73,82,73,82
Spain,ES,2020,Age,18-24,88,88,89,77
Spain,ES,2020,Age,25-34,93,87,92,87
Spain,ES,2020,Age,35-44,83,86,86,83
Spain,ES,2020,Age,45-54,90,90,92,88
Spain,ES,2020,Age,55-64,90,95,93,92
Spain,ES,2020,Age,65,89,91,93,93
Spain,ES,2020,Education,Primary and below,73,63,70,67
Spain,ES,2020,Education,Secondary and Vocational,89,90,91,87
Spain,ES,2020,Education,University and above,89,91,92,89
Spain,ES,2020,Gender,Male,89,91,91,90
Spain,ES,2020,Gender,Female,89,89,90,86
Spain,ES,2020,Gender,Other,0,33,100,67
Spain,ES,2020,Gender,Prefer not to say,0,0,0,0
Spain,ES,2020,Region,Andalucia,86,85,88,82
Spain,ES,2020,Region,Aragon,91,88,88,88
Spain,ES,2020,Region,Autonomous Cities,67,67,100,33
Spain,ES,2020,Region,Canarias,91,87,87,89
Spain,ES,2020,Region,Cantabria,93,100,93,100
Spain,ES,2020,Region,Castilla-La Mancha,91,89,93,96
Spain,ES,2020,Region,Castilla Y Leon,89,91,95,91
Spain,ES,2020,Region,Cataluna,88,91,95,90
Spain,ES,2020,Region,Comunidad De Madrid,93,91,92,89
Spain,ES,2020,Region,Comunidad Foral De Navarra,70,60,70,60
Spain,ES,2020,Region,Comunidad Valenciana,87,90,90,86
Spain,ES,2020,Region,Extremadura,86,86,86,90
Spain,ES,2020,Region,Galicia,84,92,87,87
Spain,ES,2020,Region,La Rioja,100,100,100,100
Spain,ES,2020,Region,Las Illes Balears,88,96,92,96
Spain,ES,2020,Region,Pais Vasco (Euskadi),94,96,94,85
Spain,ES,2020,Region,Principado De Asturias,88,83,88,92
Spain,ES,2020,Region,Region De Murcia,94,100,100,83
Spain,ES,2020,Religion,Muslim,85,77,85,85
Spain,ES,2020,Religion,Christian,89,90,91,90
Spain,ES,2020,Religion,Jewish,100,100,100,67
Spain,ES,2020,Religion,Other,70,74,93,74
Spain,ES,2020,Religion,Atheist/agnostic ,91,92,90,85
Spain,ES,2023,Age,18-24,81,74,75,61
Spain,ES,2023,Age,25-34,70,70,72,63
Spain,ES,2023,Age,35-44,75,77,76,61
Spain,ES,2023,Age,45-54,80,77,81,63
Spain,ES,2023,Age,55,87,82,85,67
Spain,ES,2023,Age,Don't know/ Refused,50,50,50,0
Spain,ES,2023,Education,Don't know/ Refused,100,60,80,80
Spain,ES,2023,Education,Primary and below,68,71,74,41
Spain,ES,2023,Education,Secondary and Vocational,81,77,78,63
Spain,ES,2023,Education,University and above,81,80,82,67
Spain,ES,2023,Gender,Male,80,78,80,65
Spain,ES,2023,Gender,Female,82,78,79,63
Spain,ES,2023,Gender,Other,100,100,100,0
Spain,ES,2023,Religion,Atheist/agnostic,82,79,81,60
Spain,ES,2023,Religion,Buddhist,63,63,75,50
Spain,ES,2023,Religion,Christian,81,80,81,68
Spain,ES,2023,Religion,Don't know/ Refused,68,47,58,53
Spain,ES,2023,Religion,Hindu,0,0,0,0
Spain,ES,2023,Religion,Jewish,60,60,60,60
Spain,ES,2023,Religion,Muslim,85,62,62,62
Spain,ES,2023,Religion,Other,62,62,54,46
Sri Lanka,LK,2018,Age,18-24,84,68,75,
Sri Lanka,LK,2018,Age,25-34,88,78,78,
Sri Lanka,LK,2018,Age,35-44,86,69,74,
Sri Lanka,LK,2018,Age,45-54,88,80,78,
Sri Lanka,LK,2018,Age,55-64,82,79,74,
Sri Lanka,LK,2018,Age,65,84,79,74,
Sri Lanka,LK,2018,Education,Primary and below,82,75,71,
Sri Lanka,LK,2018,Education,Secondary and Vocational,89,75,81,
Sri Lanka,LK,2018,Education,University and above,89,76,86,
Sri Lanka,LK,2018,Gender,Male,85,73,78,
Sri Lanka,LK,2018,Gender,Female,86,77,73,
Sri Lanka,LK,2018,Religion,Muslim,66,62,60,
Sri Lanka,LK,2018,Religion,Christian,86,73,71,
Sri Lanka,LK,2018,Religion,Buddhist,90,77,79,
Sri Lanka,LK,2018,Religion,Hindu,68,71,68,
Sri Lanka,LK,2018,Religion,Other,0,0,0,
Sudan,SD,2020,Age,18-24,82,71,74,73
Sudan,SD,2020,Age,25-34,82,70,76,71
Sudan,SD,2020,Age,35-44,81,78,79,73
Sudan,SD,2020,Age,45-54,78,72,72,72
Sudan,SD,2020,Age,55-64,87,70,74,70
Sudan,SD,2020,Age,65,42,33,33,42
Sudan,SD,2020,Education,Primary and below,77,72,72,77
Sudan,SD,2020,Employment,Employed,79,73,77,74
Sudan,SD,2020,Employment,Homemaker/other,82,74,71,75
Sudan,SD,2020,Employment,Student,83,75,76,74
Sudan,SD,2020,Employment,Unemployed,81,68,73,68
Sudan,SD,2020,Gender,Male,80,68,75,72
Sudan,SD,2020,Gender,Female,83,75,75,72
Sudan,SD,2020,Region,Algdarif,84,68,83,76
Sudan,SD,2020,Region,Algezira,87,67,75,79
Sudan,SD,2020,Region,Blue Nile,76,67,69,69
Sudan,SD,2020,Region,Central Darfour,70,70,83,87
Sudan,SD,2020,Region,East Darfur,100,97,97,100
Sudan,SD,2020,Region,Kassala,83,83,78,80
Sudan,SD,2020,Region,Khartoum,80,68,67,65
Sudan,SD,2020,Region,Nahr El Nil,95,82,90,85
Sudan,SD,2020,Region,Northern,73,67,58,42
Sudan,SD,2020,Region,Northern Darfur,68,63,58,57
Sudan,SD,2020,Region,Northern Kordofan,74,68,72,74
Sudan,SD,2020,Region,Red Sea,76,80,86,64
Sudan,SD,2020,Region,Sinnar,78,63,72,80
Sudan,SD,2020,Region,South Darfour,96,87,89,92
Sudan,SD,2020,Region,Southern Kordofan,61,78,61,57
Sudan,SD,2020,Region,West Darfur,79,54,83,67
Sudan,SD,2020,Region,West Kordofan,78,65,70,69
Sudan,SD,2020,Region,White Nile,90,70,84,60
Sudan,SD,2020,Religion,Christian,100,100,100,100
Swaziland,SZ,2018,Age,18-24,86,69,71,
Swaziland,SZ,2018,Age,25-34,86,70,71,
Swaziland,SZ,2018,Age,35-44,83,63,65,
Swaziland,SZ,2018,Age,45-54,93,81,74,
Swaziland,SZ,2018,Age,55-64,91,72,82,
Swaziland,SZ,2018,Age,65,89,63,74,
Swaziland,SZ,2018,Education,Primary and below,86,68,70,
Swaziland,SZ,2018,Education,Secondary and Vocational,87,70,71,
Swaziland,SZ,2018,Education,University and above,96,71,85,
Swaziland,SZ,2018,Gender,Male,85,70,71,
Swaziland,SZ,2018,Gender,Female,88,68,72,
Swaziland,SZ,2018,Religion,Muslim,100,0,70,
Swaziland,SZ,2018,Religion,Christian,86,69,71,
Swaziland,SZ,2018,Religion,Other,98,82,83,
Sweden,SE,2015,Age,18-24,92,86,85,63
Sweden,SE,2015,Age,25-34,93,85,88,59
Sweden,SE,2015,Age,35-44,95,93,95,66
Sweden,SE,2015,Age,45-54,94,90,94,72
Sweden,SE,2015,Age,55-64,90,85,90,67
Sweden,SE,2015,Age,65,98,93,95,82
Sweden,SE,2015,Education,Primary and below,89,81,86,63
Sweden,SE,2015,Education,Secondary and Vocational,93,88,91,64
Sweden,SE,2015,Education,University and above,96,92,94,76
Sweden,SE,2015,Employment,Employed,94,90,93,68
Sweden,SE,2015,Employment,Homemaker/other,96,91,93,79
Sweden,SE,2015,Employment,Student,95,81,88,71
Sweden,SE,2015,Employment,Unemployed,91,93,86,51
Sweden,SE,2015,Gender,Male,95,91,92,73
Sweden,SE,2015,Gender,Female,93,88,92,66
Sweden,SE,2015,Religion,Muslim,100,100,100,50
Sweden,SE,2015,Religion,Christian,96,91,94,84
Sweden,SE,2015,Religion,Atheist/agnostic,95,92,94,61
Sweden,SE,2015,Religion,Buddhist,67,50,50,33
Sweden,SE,2015,Religion,Jewish,100,100,100,50
Sweden,SE,2015,Religion,Other,89,80,84,55
Sweden,SE,2018,Age,18-24,90,71,85,
Sweden,SE,2018,Age,25-34,91,73,89,
Sweden,SE,2018,Age,35-44,86,74,85,
Sweden,SE,2018,Age,45-54,97,68,83,
Sweden,SE,2018,Age,55-64,92,67,84,
Sweden,SE,2018,Age,65,91,63,76,
Sweden,SE,2018,Education,Primary and below,95,63,71,
Sweden,SE,2018,Education,Secondary and Vocational,90,66,81,
Sweden,SE,2018,Education,University and above,95,78,90,
Sweden,SE,2018,Gender,Male,90,73,85,
Sweden,SE,2018,Gender,Female,92,64,81,
Sweden,SE,2018,Religion,Muslim,91,48,62,
Sweden,SE,2018,Religion,Christian,94,71,83,
Sweden,SE,2018,Religion,Atheist/agnostic,88,69,84,
Sweden,SE,2018,Religion,Buddhist,100,57,100,
Sweden,SE,2018,Religion,Hindu,0,0,100,
Sweden,SE,2018,Religion,Jewish,100,100,100,
Sweden,SE,2018,Religion,Other,85,56,66,
Sweden,SE,2020,Age,18-24,84,70,77,59
Sweden,SE,2020,Age,25-34,86,82,85,63
Sweden,SE,2020,Age,35-44,76,80,81,66
Sweden,SE,2020,Age,45-54,87,86,87,73
Sweden,SE,2020,Age,55-64,92,90,92,85
Sweden,SE,2020,Age,65,96,94,96,90
Sweden,SE,2020,Education,Primary and below,88,87,88,72
Sweden,SE,2020,Education,Secondary and Vocational,88,85,88,73
Sweden,SE,2020,Education,University and above,87,86,88,78
Sweden,SE,2020,Gender,Male,88,87,89,80
Sweden,SE,2020,Gender,Female,87,84,87,70
Sweden,SE,2020,Gender,Other,100,100,100,100
Sweden,SE,2020,Region,Blekinge Lan,100,94,94,81
Sweden,SE,2020,Region,Dalarnas Lan,86,90,93,72
Sweden,SE,2020,Region,Gavleborgs Lan,90,83,90,83
Sweden,SE,2020,Region,Gotlands Lan,50,67,67,67
Sweden,SE,2020,Region,Hallands Lan,90,90,90,81
Sweden,SE,2020,Region,Jamtlands Lan,85,77,77,69
Sweden,SE,2020,Region,Jonkopings Lan,77,71,69,63
Sweden,SE,2020,Region,Kalmar Lan,92,79,75,71
Sweden,SE,2020,Region,Kronobergs Lan,79,74,79,84
Sweden,SE,2020,Region,Norrbottens Lan,100,92,92,81
Sweden,SE,2020,Region,Orebros Lan,87,83,90,83
Sweden,SE,2020,Region,Ostergotlands Lan,80,80,80,67
Sweden,SE,2020,Region,Skane Lan,84,83,86,67
Sweden,SE,2020,Region,Sodermanlands Lan,90,90,93,79
Sweden,SE,2020,Region,Stockholms Lan,87,86,89,74
Sweden,SE,2020,Region,Uppsala Lan,94,86,89,81
Sweden,SE,2020,Region,Varmlands Lan,83,90,86,83
Sweden,SE,2020,Region,Vasterbottens Lan,96,93,89,85
Sweden,SE,2020,Region,Vasternorrlands Lan,84,76,88,60
Sweden,SE,2020,Region,Vastmanlands Lan,89,85,89,70
Sweden,SE,2020,Region,Vastra Gotalands Lan,92,90,93,78
Sweden,SE,2020,Religion,Muslim,75,72,82,69
Sweden,SE,2020,Religion,Christian,89,89,91,83
Sweden,SE,2020,Religion,Jewish,100,89,89,67
Sweden,SE,2020,Religion,Other,91,75,75,61
Sweden,SE,2020,Religion,Atheist/agnostic ,92,89,91,73
Sweden,SE,2023,Age,18-24,67,62,74,56
Sweden,SE,2023,Age,25-34,67,67,73,56
Sweden,SE,2023,Age,35-44,64,60,65,59
Sweden,SE,2023,Age,45-54,76,77,78,66
Sweden,SE,2023,Age,55,88,82,88,79
Sweden,SE,2023,Age,Don't know/ Refused,50,100,100,50
Sweden,SE,2023,Education,Don't know/ Refused,33,17,33,33
Sweden,SE,2023,Education,Primary and below,71,67,72,58
Sweden,SE,2023,Education,Secondary and Vocational,75,68,76,62
Sweden,SE,2023,Education,University and above,82,82,86,78
Sweden,SE,2023,Gender,Male,78,75,80,71
Sweden,SE,2023,Gender,Female,76,71,78,65
Sweden,SE,2023,Gender,Other,75,100,100,75
Sweden,SE,2023,Gender,Don't know/ Prefer not to say,0,100,0,0
Sweden,SE,2023,Religion,Atheist/agnostic,80,76,82,67
Sweden,SE,2023,Religion,Buddhist,50,33,75,42
Sweden,SE,2023,Religion,Christian,80,77,82,74
Sweden,SE,2023,Religion,Don't know/ Refused,55,55,52,45
Sweden,SE,2023,Religion,Hindu,75,75,75,75
Sweden,SE,2023,Religion,Jewish,75,100,75,100
Sweden,SE,2023,Religion,Muslim,56,52,57,50
Sweden,SE,2023,Religion,Other,64,51,62,54
Switzerland,CH,2018,Age,18-24,58,38,69,
Switzerland,CH,2018,Age,25-34,59,44,66,
Switzerland,CH,2018,Age,35-44,71,45,73,
Switzerland,CH,2018,Age,45-54,75,51,70,
Switzerland,CH,2018,Age,55-64,75,54,73,
Switzerland,CH,2018,Age,65,76,57,75,
Switzerland,CH,2018,Education,Primary and below,57,39,61,
Switzerland,CH,2018,Education,Secondary and Vocational,78,55,80,
Switzerland,CH,2018,Education,University and above,74,52,73,
Switzerland,CH,2018,Gender,Male,69,50,68,
Switzerland,CH,2018,Gender,Female,71,48,74,
Switzerland,CH,2018,Religion,Muslim,64,57,64,
Switzerland,CH,2018,Religion,Christian,70,49,72,
Switzerland,CH,2018,Religion,Atheist/agnostic,68,50,68,
Switzerland,CH,2018,Religion,Other,85,26,85,
Switzerland,CH,2023,Age,18-24,66,75,71,69
Switzerland,CH,2023,Age,25-34,60,61,60,58
Switzerland,CH,2023,Age,35-44,65,57,61,65
Switzerland,CH,2023,Age,45-54,66,67,72,68
Switzerland,CH,2023,Age,55,77,73,79,75
Switzerland,CH,2023,Age,Don't know/ Refused,0,50,50,50
Switzerland,CH,2023,Education,Don't know/ Refused,18,18,9,27
Switzerland,CH,2023,Education,Primary and below,61,69,64,57
Switzerland,CH,2023,Education,Secondary and Vocational,69,63,68,67
Switzerland,CH,2023,Education,University and above,73,78,81,78
Switzerland,CH,2023,Gender,Male,71,71,72,72
Switzerland,CH,2023,Gender,Female,66,64,69,66
Switzerland,CH,2023,Gender,Other,100,100,0,0
Switzerland,CH,2023,Religion,Atheist/agnostic,70,70,73,67
Switzerland,CH,2023,Religion,Buddhist,48,57,52,57
Switzerland,CH,2023,Religion,Christian,72,69,72,74
Switzerland,CH,2023,Religion,Don't know/ Refused,62,68,71,59
Switzerland,CH,2023,Religion,Hindu,67,33,50,50
Switzerland,CH,2023,Religion,Jewish,71,71,57,57
Switzerland,CH,2023,Religion,Muslim,46,46,50,46
Switzerland,CH,2023,Religion,Other,58,61,67,67
Syria,SY,2019,Age,18-24,97,97,97,86
Syria,SY,2019,Age,25-34,98,98,98,88
Syria,SY,2019,Age,35-44,99,98,99,91
Syria,SY,2019,Age,45-54,93,94,93,85
Syria,SY,2019,Age,55-64,73,73,73,71
Syria,SY,2019,Age,65,100,100,67,0
Syria,SY,2019,Education,Primary and below,94,94,93,86
Syria,SY,2019,Education,Secondary and Vocational,97,97,97,87
Syria,SY,2019,Education,University and above,97,97,97,86
Syria,SY,2019,Employment,Employed,97,97,97,86
Syria,SY,2019,Employment,Homemaker/other,93,93,92,88
Syria,SY,2019,Employment,Student,98,98,98,89
Syria,SY,2019,Employment,Unemployed,97,95,97,85
Syria,SY,2019,Gender,Male,95,95,95,87
Syria,SY,2019,Gender,Female,97,97,96,86
Syria,SY,2019,Religion,Muslim,96,95,95,85
Syria,SY,2019,Religion,Christian,98,98,98,98
Syria,SY,2019,Religion,Other,100,100,100,92
Taiwan,TW,2018,Age,18-24,91,56,79,
Taiwan,TW,2018,Age,25-34,88,61,84,
Taiwan,TW,2018,Age,35-44,86,52,71,
Taiwan,TW,2018,Age,45-54,86,50,74,
Taiwan,TW,2018,Age,55-64,83,57,71,
Taiwan,TW,2018,Age,65,89,65,75,
Taiwan,TW,2018,Education,Primary and below,86,61,78,
Taiwan,TW,2018,Education,Secondary and Vocational,84,52,70,
Taiwan,TW,2018,Education,University and above,91,59,80,
Taiwan,TW,2018,Gender,Male,88,62,81,
Taiwan,TW,2018,Gender,Female,86,51,70,
Taiwan,TW,2018,Religion,Christian,83,56,66,
Taiwan,TW,2018,Religion,Atheist/agnostic,88,54,77,
Taiwan,TW,2018,Religion,Buddhist,85,57,73,
Taiwan,TW,2018,Religion,Other,89,58,79,
Taiwan,TW,2023,Age,18-24,81,73,78,59
Taiwan,TW,2023,Age,25-34,76,67,76,46
Taiwan,TW,2023,Age,35-44,75,68,78,56
Taiwan,TW,2023,Age,45-54,75,68,78,64
Taiwan,TW,2023,Age,55,78,67,75,64
Taiwan,TW,2023,Age,Don't know/ Refused,100,67,67,33
Taiwan,TW,2023,Education,Don't know/ Refused,83,67,67,50
Taiwan,TW,2023,Education,Primary and below,57,43,43,0
Taiwan,TW,2023,Education,Secondary and Vocational,79,69,76,57
Taiwan,TW,2023,Education,University and above,76,68,77,59
Taiwan,TW,2023,Gender,Male,80,72,78,64
Taiwan,TW,2023,Gender,Female,74,64,76,53
Taiwan,TW,2023,Gender,Other,0,0,0,0
Taiwan,TW,2023,Gender,Don't know/ Prefer not to say,67,33,33,0
Taiwan,TW,2023,Religion,Atheist/agnostic,77,68,77,52
Taiwan,TW,2023,Religion,Buddhist,77,68,76,62
Taiwan,TW,2023,Religion,Christian,80,69,75,70
Taiwan,TW,2023,Religion,Don't know/ Refused,63,56,67,48
Taiwan,TW,2023,Religion,Jewish,100,100,100,100
Taiwan,TW,2023,Religion,Other,78,70,78,59
Tajikistan,TJ,2018,Age,18-24,87,80,85,
Tajikistan,TJ,2018,Age,25-34,90,85,86,
Tajikistan,TJ,2018,Age,35-44,88,84,87,
Tajikistan,TJ,2018,Age,45-54,93,88,92,
Tajikistan,TJ,2018,Age,55-64,89,86,87,
Tajikistan,TJ,2018,Age,65,83,82,83,
Tajikistan,TJ,2018,Education,Primary and below,87,81,86,
Tajikistan,TJ,2018,Education,Secondary and Vocational,89,85,88,
Tajikistan,TJ,2018,Education,University and above,88,84,85,
Tajikistan,TJ,2018,Gender,Male,86,81,84,
Tajikistan,TJ,2018,Gender,Female,91,86,90,
Tajikistan,TJ,2018,Religion,Muslim,89,84,87,
Tajikistan,TJ,2018,Religion,Christian,100,100,100,
Tajikistan,TJ,2018,Religion,Atheist/agnostic,100,100,100,
Tajikistan,TJ,2018,Religion,Hindu,100,100,100,
Tanzania,TZ,2018,Age,18-24,93,89,86,
Tanzania,TZ,2018,Age,25-34,89,86,84,
Tanzania,TZ,2018,Age,35-44,93,91,86,
Tanzania,TZ,2018,Age,45-54,95,93,85,
Tanzania,TZ,2018,Age,55-64,94,88,86,
Tanzania,TZ,2018,Age,65,91,91,87,
Tanzania,TZ,2018,Education,Primary and below,91,89,85,
Tanzania,TZ,2018,Education,Secondary and Vocational,96,91,89,
Tanzania,TZ,2018,Education,University and above,92,77,77,
Tanzania,TZ,2018,Gender,Male,91,88,83,
Tanzania,TZ,2018,Gender,Female,94,90,88,
Tanzania,TZ,2018,Religion,Muslim,89,86,84,
Tanzania,TZ,2018,Religion,Christian,94,91,86,
Tanzania,TZ,2018,Religion,Atheist/agnostic,79,79,79,
Tanzania,TZ,2018,Religion,Other,100,100,100,
Thailand,TH,2015,Age,18-24,98,91,88,34
Thailand,TH,2015,Age,25-34,98,95,92,46
Thailand,TH,2015,Age,35-44,98,95,93,42
Thailand,TH,2015,Age,45-54,98,92,91,38
Thailand,TH,2015,Age,55-64,97,94,94,50
Thailand,TH,2015,Age,65,95,94,95,52
Thailand,TH,2015,Education,Primary and below,96,93,92,48
Thailand,TH,2015,Education,Secondary and Vocational,99,93,92,40
Thailand,TH,2015,Education,University and above,98,94,92,42
Thailand,TH,2015,Employment,Employed,97,95,92,41
Thailand,TH,2015,Employment,Homemaker/other,95,90,93,42
Thailand,TH,2015,Employment,Student,100,90,86,44
Thailand,TH,2015,Employment,Unemployed,96,96,89,57
Thailand,TH,2015,Gender,Male,97,93,91,41
Thailand,TH,2015,Gender,Female,98,93,93,44
Thailand,TH,2015,Religion,Muslim,100,88,88,38
Thailand,TH,2015,Religion,Christian,100,100,100,57
Thailand,TH,2015,Religion,Buddhist,97,93,92,42
Thailand,TH,2015,Religion,Other,100,100,100,50
Thailand,TH,2018,Age,18-24,74,67,74,
Thailand,TH,2018,Age,25-34,77,72,71,
Thailand,TH,2018,Age,35-44,79,79,77,
Thailand,TH,2018,Age,45-54,78,74,74,
Thailand,TH,2018,Age,55-64,80,77,79,
Thailand,TH,2018,Age,65,70,69,67,
Thailand,TH,2018,Education,Primary and below,78,75,75,
Thailand,TH,2018,Education,Secondary and Vocational,71,60,66,
Thailand,TH,2018,Education,University and above,81,81,78,
Thailand,TH,2018,Gender,Male,75,73,73,
Thailand,TH,2018,Gender,Female,78,73,74,
Thailand,TH,2018,Religion,Muslim,100,92,92,
Thailand,TH,2018,Religion,Christian,88,82,88,
Thailand,TH,2018,Religion,Buddhist,76,72,73,
Thailand,TH,2018,Religion,Hindu,100,0,0,
Thailand,TH,2019,Age,18-24,100,100,97,45
Thailand,TH,2019,Age,25-34,98,99,99,58
Thailand,TH,2019,Age,35-44,99,97,98,53
Thailand,TH,2019,Age,45-54,99,98,98,53
Thailand,TH,2019,Age,55-64,100,97,100,55
Thailand,TH,2019,Age,65,100,98,97,47
Thailand,TH,2019,Education,Primary and below,100,98,99,49
Thailand,TH,2019,Education,Secondary and Vocational,99,98,98,54
Thailand,TH,2019,Education,University and above,100,99,98,51
Thailand,TH,2019,Employment,Employed,99,98,98,54
Thailand,TH,2019,Employment,Homemaker/other,99,96,97,49
Thailand,TH,2019,Employment,Student,100,100,98,44
Thailand,TH,2019,Employment,Unemployed,100,100,100,17
Thailand,TH,2019,Gender,Male,99,98,98,47
Thailand,TH,2019,Gender,Female,100,99,98,56
Thailand,TH,2019,Religion,Muslim,100,100,100,29
Thailand,TH,2019,Religion,Christian,100,100,100,100
Thailand,TH,2019,Religion,Buddhist,99,98,98,52
Thailand,TH,2019,Religion,Jewish,80,80,80,60
Thailand,TH,2019,Religion,Other,100,100,100,100
Thailand,TH,2023,Age,18-24,91,83,81,89
Thailand,TH,2023,Age,25-34,81,81,81,93
Thailand,TH,2023,Age,35-44,91,82,84,90
Thailand,TH,2023,Age,45-54,91,81,86,89
Thailand,TH,2023,Age,55,88,84,85,88
Thailand,TH,2023,Education,Primary and below,88,86,87,88
Thailand,TH,2023,Education,Secondary and Vocational,89,82,84,89
Thailand,TH,2023,Education,University and above,88,77,80,89
Thailand,TH,2023,Gender,Male,88,83,84,89
Thailand,TH,2023,Gender,Female,89,82,84,89
Thailand,TH,2023,Religion,Buddhist,89,83,85,90
Thailand,TH,2023,Religion,Christian,100,75,100,100
Thailand,TH,2023,Religion,Don't know/ Refused,100,50,100,100
Thailand,TH,2023,Religion,Hindu,50,50,50,50
Thailand,TH,2023,Religion,Muslim,79,81,78,74
Thailand,TH,2023,Religion,Other,100,100,100,100
Togo,TG,2018,Age,18-24,73,45,60,
Togo,TG,2018,Age,25-34,72,47,59,
Togo,TG,2018,Age,35-44,72,39,52,
Togo,TG,2018,Age,45-54,86,37,59,
Togo,TG,2018,Age,55-64,81,28,57,
Togo,TG,2018,Age,65,77,44,56,
Togo,TG,2018,Education,Primary and below,71,40,55,
Togo,TG,2018,Education,Secondary and Vocational,80,44,61,
Togo,TG,2018,Education,University and above,85,49,63,
Togo,TG,2018,Gender,Male,72,43,56,
Togo,TG,2018,Gender,Female,78,42,60,
Togo,TG,2018,Religion,Muslim,81,56,70,
Togo,TG,2018,Religion,Christian,73,39,55,
Togo,TG,2018,Religion,Atheist/agnostic,74,26,35,
Togo,TG,2018,Religion,Buddhist,68,37,60,
Togo,TG,2018,Religion,Hindu,100,100,100,
Togo,TG,2018,Religion,Other,76,44,58,
Tonga,TO,2021,Education,Primary and below,86,86,71,71
Tonga,TO,2021,Education,Secondary and Vocational,93,98,95,95
Tonga,TO,2021,Education,University and above,95,98,80,75
Tonga,TO,2021,Employment,Employed,92,99,91,89
Tonga,TO,2021,Employment,Homemaker/other,94,97,96,98
Tonga,TO,2021,Employment,Student,98,98,86,86
Tonga,TO,2021,Employment,Unemployed,98,100,90,86
Tonga,TO,2021,Gender,Male,94,97,91,90
Tonga,TO,2021,Gender,Female,93,99,93,94
Tunisia,TN,2015,Age,18-24,94,86,88,72
Tunisia,TN,2015,Age,25-34,95,90,93,76
Tunisia,TN,2015,Age,35-44,97,92,96,79
Tunisia,TN,2015,Age,45-54,94,90,94,75
Tunisia,TN,2015,Age,55-64,98,92,97,82
Tunisia,TN,2015,Age,65,95,91,91,64
Tunisia,TN,2015,Education,Primary and below,96,90,93,74
Tunisia,TN,2015,Education,Secondary and Vocational,95,88,92,75
Tunisia,TN,2015,Education,University and above,96,91,94,77
Tunisia,TN,2015,Employment,Employed,95,89,93,76
Tunisia,TN,2015,Employment,Homemaker/other,96,93,93,78
Tunisia,TN,2015,Employment,Student,94,87,91,69
Tunisia,TN,2015,Employment,Unemployed,96,89,91,76
Tunisia,TN,2015,Gender,Male,95,89,92,74
Tunisia,TN,2015,Gender,Female,96,90,93,77
Tunisia,TN,2015,Religion,Muslim,96,89,93,76
Tunisia,TN,2015,Religion,Christian,100,100,100,100
Tunisia,TN,2015,Religion,Atheist/agnostic,0,100,0,0
Tunisia,TN,2015,Religion,Jewish,100,100,100,100
Tunisia,TN,2018,Age,18-24,84,69,69,
Tunisia,TN,2018,Age,25-34,83,70,73,
Tunisia,TN,2018,Age,35-44,81,68,70,
Tunisia,TN,2018,Age,45-54,87,71,76,
Tunisia,TN,2018,Age,55-64,80,71,67,
Tunisia,TN,2018,Age,65,69,66,66,
Tunisia,TN,2018,Education,Primary and below,75,64,65,
Tunisia,TN,2018,Education,Secondary and Vocational,87,72,75,
Tunisia,TN,2018,Education,University and above,92,80,84,
Tunisia,TN,2018,Gender,Male,80,66,67,
Tunisia,TN,2018,Gender,Female,83,72,75,
Tunisia,TN,2018,Religion,Muslim,82,69,71,
Tunisia,TN,2020,Age,18-24,96,77,84,71
Tunisia,TN,2020,Age,25-34,96,75,86,80
Tunisia,TN,2020,Age,35-44,97,84,87,81
Tunisia,TN,2020,Age,45-54,96,84,88,81
Tunisia,TN,2020,Age,55-64,93,73,79,67
Tunisia,TN,2020,Age,65,100,67,78,78
Tunisia,TN,2020,Education,Primary and below,96,77,82,82
Tunisia,TN,2020,Employment,Employed,96,81,88,80
Tunisia,TN,2020,Employment,Homemaker/other,94,77,82,75
Tunisia,TN,2020,Employment,Student,98,77,86,67
Tunisia,TN,2020,Employment,Unemployed,97,77,87,83
Tunisia,TN,2020,Gender,Male,95,78,85,78
Tunisia,TN,2020,Gender,Female,97,81,86,77
Tunisia,TN,2020,Region,Nord,95,80,85,78
Tunisia,TN,2020,Region,Central,98,81,87,79
Tunisia,TN,2020,Region,Grand Tunis,94,71,80,61
Tunisia,TN,2020,Region,Sud,96,83,90,88
Turkey,TR,2015,Age,18-24,96,86,91,89
Turkey,TR,2015,Age,25-34,91,82,88,85
Turkey,TR,2015,Age,35-44,97,79,91,89
Turkey,TR,2015,Age,45-54,94,70,85,81
Turkey,TR,2015,Age,55-64,95,68,88,88
Turkey,TR,2015,Age,65,98,83,92,86
Turkey,TR,2015,Education,Primary and below,93,80,87,88
Turkey,TR,2015,Education,Secondary and Vocational,95,81,90,89
Turkey,TR,2015,Education,University and above,95,75,89,82
Turkey,TR,2015,Employment,Employed,94,77,88,86
Turkey,TR,2015,Employment,Homemaker/other,95,79,89,85
Turkey,TR,2015,Employment,Student,95,86,92,95
Turkey,TR,2015,Employment,Unemployed,95,77,87,80
Turkey,TR,2015,Gender,Male,95,77,88,87
Turkey,TR,2015,Gender,Female,94,80,89,85
Turkey,TR,2015,Religion,Muslim,95,78,88,88
Turkey,TR,2015,Religion,Christian,100,50,50,50
Turkey,TR,2015,Religion,Atheist/agnostic,98,70,93,58
Turkey,TR,2015,Religion,Buddhist,100,100,100,100
Turkey,TR,2015,Religion,Other,88,86,96,76
Turkey,TR,2018,Age,18-24,79,73,76,
Turkey,TR,2018,Age,25-34,81,70,77,
Turkey,TR,2018,Age,35-44,84,68,71,
Turkey,TR,2018,Age,45-54,90,76,83,
Turkey,TR,2018,Age,55-64,87,83,85,
Turkey,TR,2018,Age,65,82,74,81,
Turkey,TR,2018,Education,Primary and below,85,72,77,
Turkey,TR,2018,Education,Secondary and Vocational,82,75,78,
Turkey,TR,2018,Education,University and above,86,71,78,
Turkey,TR,2018,Gender,Male,83,72,77,
Turkey,TR,2018,Gender,Female,85,74,78,
Turkey,TR,2018,Religion,Muslim,84,75,79,
Turkey,TR,2018,Religion,Christian,100,100,100,
Turkey,TR,2018,Religion,Atheist/agnostic,84,48,68,
Turkey,TR,2018,Religion,Other,89,68,89,
Turkey,TR,2023,Age,18-24,62,57,62,59
Turkey,TR,2023,Age,25-34,70,56,68,60
Turkey,TR,2023,Age,35-44,63,55,64,51
Turkey,TR,2023,Age,45-54,66,56,65,54
Turkey,TR,2023,Age,55,76,67,74,63
Turkey,TR,2023,Age,Don't know/ Refused,75,100,75,50
Turkey,TR,2023,Education,Don't know/ Refused,63,75,63,38
Turkey,TR,2023,Education,Primary and below,63,58,71,33
Turkey,TR,2023,Education,Secondary and Vocational,66,57,65,57
Turkey,TR,2023,Education,University and above,68,59,68,59
Turkey,TR,2023,Gender,Male,70,61,69,59
Turkey,TR,2023,Gender,Female,65,57,65,56
Turkey,TR,2023,Religion,Atheist/agnostic,65,51,65,55
Turkey,TR,2023,Religion,Christian,89,89,89,67
Turkey,TR,2023,Religion,Don't know/ Refused,67,56,67,56
Turkey,TR,2023,Religion,Muslim,68,59,67,57
Turkey,TR,2023,Religion,Other,57,64,57,71
Turkmenistan,TM,2018,Age,18-24,81,77,77,
Turkmenistan,TM,2018,Age,25-34,81,77,76,
Turkmenistan,TM,2018,Age,35-44,78,72,73,
Turkmenistan,TM,2018,Age,45-54,80,78,75,
Turkmenistan,TM,2018,Age,55-64,82,80,81,
Turkmenistan,TM,2018,Age,65,83,76,73,
Turkmenistan,TM,2018,Education,Primary and below,57,38,38,
Turkmenistan,TM,2018,Education,Secondary and Vocational,84,81,80,
Turkmenistan,TM,2018,Education,University and above,64,58,59,
Turkmenistan,TM,2018,Gender,Male,81,77,75,
Turkmenistan,TM,2018,Gender,Female,81,76,77,
Turkmenistan,TM,2018,Religion,Muslim,80,76,76,
Turkmenistan,TM,2018,Religion,Christian,86,80,83,
UAE,AE,2023,Age,18-24,78,76,77,76
UAE,AE,2023,Age,25-34,78,80,80,82
UAE,AE,2023,Age,35-44,74,80,80,76
UAE,AE,2023,Age,45-54,72,74,79,80
UAE,AE,2023,Age,55,76,78,80,79
UAE,AE,2023,Age,Don't know/ Refused,33,67,67,33
UAE,AE,2023,Education,Don't know/ Refused,67,67,67,67
UAE,AE,2023,Education,Primary and below,67,76,67,71
UAE,AE,2023,Education,Secondary and Vocational,77,78,80,79
UAE,AE,2023,Education,University and above,76,78,79,79
UAE,AE,2023,Gender,Male,77,78,80,79
UAE,AE,2023,Gender,Female,75,78,79,78
UAE,AE,2023,Religion,Christian,76,79,80,79
UAE,AE,2023,Religion,Muslim,86,93,100,93
UAE,AE,2023,Religion,Other,53,41,41,47
Uganda,UG,2018,Age,18-24,77,66,59,
Uganda,UG,2018,Age,25-34,81,72,71,
Uganda,UG,2018,Age,35-44,79,71,70,
Uganda,UG,2018,Age,45-54,80,70,70,
Uganda,UG,2018,Age,55-64,86,77,73,
Uganda,UG,2018,Age,65,75,74,69,
Uganda,UG,2018,Education,Primary and below,76,69,67,
Uganda,UG,2018,Education,Secondary and Vocational,82,70,63,
Uganda,UG,2018,Education,University and above,92,85,88,
Uganda,UG,2018,Gender,Male,77,68,62,
Uganda,UG,2018,Gender,Female,80,70,68,
Uganda,UG,2018,Religion,Muslim,74,63,61,
Uganda,UG,2018,Religion,Christian,79,70,66,
Uganda,UG,2018,Religion,Other,96,88,88,
Uganda,UG,2020,Age,18-24,83,81,79,68
Uganda,UG,2020,Age,25-34,82,83,83,69
Uganda,UG,2020,Age,35-44,86,81,85,72
Uganda,UG,2020,Age,45-54,89,83,87,81
Uganda,UG,2020,Age,55-64,92,84,89,70
Uganda,UG,2020,Age,65,86,86,86,74
Uganda,UG,2020,Education,Primary and below,85,85,86,75
Uganda,UG,2020,Employment,Employed,86,79,82,69
Uganda,UG,2020,Employment,Homemaker/other,86,86,92,76
Uganda,UG,2020,Employment,Student,83,80,73,61
Uganda,UG,2020,Employment,Unemployed,87,80,79,64
Uganda,UG,2020,Gender,Male,84,84,82,70
Uganda,UG,2020,Gender,Female,86,81,84,71
Uganda,UG,2020,Region,Central,85,76,78,77
Uganda,UG,2020,Region,Eastern,74,78,78,65
Uganda,UG,2020,Region,Western,91,86,88,60
Uganda,UG,2020,Region,Northern,89,91,89,83
Uganda,UG,2020,Religion,Christian,86,83,83,71
Uganda,UG,2022,Age,18-24,75,85,80,67
Uganda,UG,2022,Age,25-34,75,82,85,76
Uganda,UG,2022,Age,35-44,78,86,85,76
Uganda,UG,2022,Age,45-54,75,84,85,77
Uganda,UG,2022,Age,55-64,82,84,88,76
Uganda,UG,2022,Age,65,78,91,78,79
Uganda,UG,2022,Education,Primary and below,78,85,86,76
Uganda,UG,2022,Education,Secondary and Vocational,74,83,80,73
Uganda,UG,2022,Education,University and above,75,85,87,67
Uganda,UG,2022,Employment,Employed,75,85,84,75
Uganda,UG,2022,Employment,Homemaker/other,78,82,84,77
Uganda,UG,2022,Employment,Student,72,85,76,58
Uganda,UG,2022,Employment,Unemployed,77,86,83,73
Uganda,UG,2022,Gender,Male,77,83,82,71
Uganda,UG,2022,Gender,Female,76,85,84,76
Uganda,UG,2022,Region,Central,71,84,82,76
Uganda,UG,2022,Region,Eastern,75,85,80,65
Uganda,UG,2022,Region,Western,83,84,88,70
Uganda,UG,2022,Region,Northern,75,84,84,86
Uganda,UG,2022,Religion,Muslim,73,82,81,73
Uganda,UG,2022,Religion,Christian,76,85,84,74
Uganda,UG,2022,Religion,Other,90,89,87,81
Uganda,UG,2023,Age,18-24,80,83,81,81
Uganda,UG,2023,Age,25-34,84,80,79,81
Uganda,UG,2023,Age,35-44,88,85,84,80
Uganda,UG,2023,Age,45-54,88,84,89,81
Uganda,UG,2023,Age,55,93,92,95,90
Uganda,UG,2023,Education,Don't know/ Refused,100,0,0,100
Uganda,UG,2023,Education,Primary and below,87,86,87,84
Uganda,UG,2023,Education,Secondary and Vocational,84,83,82,82
Uganda,UG,2023,Education,University and above,81,77,78,76
Uganda,UG,2023,Gender,Male,84,83,83,83
Uganda,UG,2023,Gender,Female,86,84,83,81
Uganda,UG,2023,Religion,Christian,87,84,85,85
Uganda,UG,2023,Religion,Don't know/ Refused,83,76,71,48
Uganda,UG,2023,Religion,Muslim,74,81,77,77
Uganda,UG,2023,Religion,Other,85,70,65,85
UK,GB,2015,Age,18-24,80,74,77,59
UK,GB,2015,Age,25-34,85,77,81,62
UK,GB,2015,Age,35-44,86,80,82,69
UK,GB,2015,Age,45-54,88,84,87,73
UK,GB,2015,Age,55-64,95,91,94,77
UK,GB,2015,Age,65,100,95,96,83
UK,GB,2015,Education,Primary and below,76,53,53,35
UK,GB,2015,Education,Secondary and Vocational,89,85,87,67
UK,GB,2015,Education,University and above,92,86,88,78
UK,GB,2015,Employment,Employed,89,84,86,71
UK,GB,2015,Employment,Homemaker/other,95,89,91,77
UK,GB,2015,Employment,Student,84,83,90,68
UK,GB,2015,Employment,Unemployed,72,65,68,55
UK,GB,2015,Gender,Male,90,86,87,73
UK,GB,2015,Gender,Female,89,82,86,70
UK,GB,2015,Religion,Muslim,79,76,82,70
UK,GB,2015,Religion,Christian,93,87,91,78
UK,GB,2015,Religion,Atheist/agnostic,90,87,88,67
UK,GB,2015,Religion,Buddhist,45,21,74,21
UK,GB,2015,Religion,Hindu,80,80,77,71
UK,GB,2015,Religion,Jewish,88,77,88,67
UK,GB,2015,Religion,Other,88,80,74,63
UK,GB,2018,Age,18-24,87,72,79,
UK,GB,2018,Age,25-34,83,74,84,
UK,GB,2018,Age,35-44,87,71,85,
UK,GB,2018,Age,45-54,86,74,84,
UK,GB,2018,Age,55-64,89,75,87,
UK,GB,2018,Age,65,85,72,79,
UK,GB,2018,Education,Primary and below,83,74,86,
UK,GB,2018,Education,Secondary and Vocational,86,70,81,
UK,GB,2018,Education,University and above,88,78,86,
UK,GB,2018,Gender,Male,84,69,82,
UK,GB,2018,Gender,Female,88,76,83,
UK,GB,2018,Religion,Muslim,85,69,77,
UK,GB,2018,Religion,Christian,86,73,84,
UK,GB,2018,Religion,Atheist/agnostic,88,73,83,
UK,GB,2018,Religion,Buddhist,33,33,33,
UK,GB,2018,Religion,Hindu,66,66,66,
UK,GB,2018,Religion,Jewish,100,76,100,
UK,GB,2018,Religion,Other,100,90,90,
UK,GB,2019,Age,18-24,82,78,80,70
UK,GB,2019,Age,25-34,78,74,75,65
UK,GB,2019,Age,35-44,86,83,85,72
UK,GB,2019,Age,45-54,91,88,90,80
UK,GB,2019,Age,55-64,93,91,93,85
UK,GB,2019,Age,65,98,97,98,86
UK,GB,2019,Education,Primary and below,87,78,91,78
UK,GB,2019,Education,Secondary and Vocational,89,85,88,73
UK,GB,2019,Education,University and above,90,88,88,81
UK,GB,2019,Employment,Employed,86,84,86,75
UK,GB,2019,Employment,Homemaker/other,95,92,94,85
UK,GB,2019,Employment,Student,85,79,82,67
UK,GB,2019,Employment,Unemployed,81,72,74,62
UK,GB,2019,Gender,Male,89,87,88,77
UK,GB,2019,Gender,Female,89,85,88,77
UK,GB,2019,Religion,Muslim,73,70,73,57
UK,GB,2019,Religion,Christian,89,89,88,83
UK,GB,2019,Religion,Atheist/agnostic,90,86,91,73
UK,GB,2019,Religion,Buddhist,75,75,75,25
UK,GB,2019,Religion,Hindu,67,83,67,83
UK,GB,2019,Religion,Jewish,100,100,100,93
UK,GB,2019,Religion,Other,89,79,89,74
UK,GB,2020,Age,18-24,72,72,72,60
UK,GB,2020,Age,25-34,74,77,79,69
UK,GB,2020,Age,35-44,81,81,81,73
UK,GB,2020,Age,45-54,85,82,86,79
UK,GB,2020,Age,55-64,91,87,89,80
UK,GB,2020,Age,65,91,92,95,81
UK,GB,2020,Education,Primary and below,67,76,80,63
UK,GB,2020,Education,Secondary and Vocational,86,84,85,74
UK,GB,2020,Education,University and above,82,83,86,77
UK,GB,2020,Employment,Employed,78,80,83,73
UK,GB,2020,Employment,Homemaker/other,88,87,90,78
UK,GB,2020,Employment,Student,73,71,68,63
UK,GB,2020,Employment,Unemployed,82,81,79,71
UK,GB,2020,Gender,Male,84,86,86,78
UK,GB,2020,Gender,Female,83,81,84,72
UK,GB,2020,Region,Eastern,80,82,87,80
UK,GB,2020,Region,North West,89,85,86,77
UK,GB,2020,Region,East Midlands,82,90,85,72
UK,GB,2020,Region,London,72,74,82,74
UK,GB,2020,Region,North East,88,85,80,76
UK,GB,2020,Region,Northern Ireland,82,82,86,71
UK,GB,2020,Region,Scotland,86,86,88,71
UK,GB,2020,Region,South East,89,81,85,76
UK,GB,2020,Region,South West,90,87,90,75
UK,GB,2020,Region,Wales,86,90,96,76
UK,GB,2020,Region,West Midlands,75,82,79,74
UK,GB,2020,Region,Yorkshire & Humberside,83,83,83,74
UK,GB,2020,Religion,Muslim,72,75,72,64
UK,GB,2020,Religion,Christian,86,86,89,81
UK,GB,2020,Religion,Atheist/agnostic,86,84,87,71
UK,GB,2020,Religion,Buddhist,83,100,100,83
UK,GB,2020,Religion,Hindu,31,50,44,31
UK,GB,2020,Religion,Jewish,80,80,80,100
UK,GB,2020,Religion,Other,73,71,71,75
UK,GB,2023,Age,18-24,66,57,56,57
UK,GB,2023,Age,25-34,59,58,60,59
UK,GB,2023,Age,35-44,64,65,65,65
UK,GB,2023,Age,45-54,72,72,72,74
UK,GB,2023,Age,55,83,81,83,79
UK,GB,2023,Age,Don't know/ Refused,100,100,100,100
UK,GB,2023,Education,Don't know/ Refused,50,30,20,20
UK,GB,2023,Education,Primary and below,49,55,57,53
UK,GB,2023,Education,Secondary and Vocational,73,70,73,69
UK,GB,2023,Education,University and above,75,73,73,75
UK,GB,2023,Gender,Male,75,75,77,75
UK,GB,2023,Gender,Female,70,65,66,65
UK,GB,2023,Gender,Other,100,100,100,100
UK,GB,2023,Religion,Atheist/agnostic,71,69,69,67
UK,GB,2023,Religion,Buddhist,83,83,67,67
UK,GB,2023,Religion,Christian,76,74,77,75
UK,GB,2023,Religion,Don't know/ Refused,47,50,60,40
UK,GB,2023,Religion,Hindu,83,83,83,83
UK,GB,2023,Religion,Jewish,83,83,67,100
UK,GB,2023,Religion,Muslim,62,53,60,68
UK,GB,2023,Religion,Other,62,62,62,46
Ukraine,UA,2015,Age,18-24,82,68,84,91
Ukraine,UA,2015,Age,25-34,83,66,77,84
Ukraine,UA,2015,Age,35-44,79,63,70,85
Ukraine,UA,2015,Age,45-54,84,65,76,73
Ukraine,UA,2015,Age,55-64,79,63,68,79
Ukraine,UA,2015,Age,65,100,100,100,100
Ukraine,UA,2015,Education,Primary and below,100,33,67,67
Ukraine,UA,2015,Education,Secondary and Vocational,82,68,73,83
Ukraine,UA,2015,Education,University and above,82,66,78,85
Ukraine,UA,2015,Employment,Employed,82,68,79,84
Ukraine,UA,2015,Employment,Homemaker/other,77,61,68,85
Ukraine,UA,2015,Employment,Student,84,64,78,87
Ukraine,UA,2015,Employment,Unemployed,81,65,71,87
Ukraine,UA,2015,Gender,Male,81,70,77,83
Ukraine,UA,2015,Gender,Female,83,62,75,87
Ukraine,UA,2015,Religion,Muslim,100,0,100,100
Ukraine,UA,2015,Religion,Christian,84,68,80,84
Ukraine,UA,2015,Religion,Atheist/agnostic,83,68,78,82
Ukraine,UA,2015,Religion,Buddhist,100,67,100,100
Ukraine,UA,2015,Religion,Hindu,0,100,0,100
Ukraine,UA,2015,Religion,Jewish,100,100,100,0
Ukraine,UA,2015,Religion,Other,67,53,57,83
Ukraine,UA,2018,Age,18-24,69,26,41,
Ukraine,UA,2018,Age,25-34,75,36,51,
Ukraine,UA,2018,Age,35-44,68,25,46,
Ukraine,UA,2018,Age,45-54,76,23,45,
Ukraine,UA,2018,Age,55-64,72,25,50,
Ukraine,UA,2018,Age,65,72,30,48,
Ukraine,UA,2018,Education,Primary and below,74,37,54,
Ukraine,UA,2018,Education,Secondary and Vocational,70,23,42,
Ukraine,UA,2018,Education,University and above,75,33,54,
Ukraine,UA,2018,Gender,Male,68,27,44,
Ukraine,UA,2018,Gender,Female,75,28,49,
Ukraine,UA,2018,Religion,Muslim,84,18,29,
Ukraine,UA,2018,Religion,Christian,74,28,48,
Ukraine,UA,2018,Religion,Atheist/agnostic,63,46,66,
Ukraine,UA,2018,Religion,Other,30,0,13,
Ukraine,UA,2023,Age,18-24,71,68,75,83
Ukraine,UA,2023,Age,25-34,57,66,70,87
Ukraine,UA,2023,Age,35-44,54,53,60,78
Ukraine,UA,2023,Age,45-54,57,54,63,81
Ukraine,UA,2023,Age,55,65,61,65,79
Ukraine,UA,2023,Education,Don't know/ Refused,67,0,33,67
Ukraine,UA,2023,Education,Primary and below,46,40,46,60
Ukraine,UA,2023,Education,Secondary and Vocational,57,57,62,78
Ukraine,UA,2023,Education,University and above,64,63,70,86
Ukraine,UA,2023,Gender,Male,64,61,66,83
Ukraine,UA,2023,Gender,Female,58,58,64,79
Ukraine,UA,2023,Religion,Atheist/agnostic,64,64,68,79
Ukraine,UA,2023,Religion,Buddhist,100,100,100,100
Ukraine,UA,2023,Religion,Christian,59,58,65,82
Ukraine,UA,2023,Religion,Don't know/ Refused,60,47,40,47
Ukraine,UA,2023,Religion,Jewish,100,100,100,100
Ukraine,UA,2023,Religion,Muslim,0,0,0,100
Ukraine,UA,2023,Religion,Other,64,64,50,64
United Arab Emirates,AE,2018,Age,18-24,71,64,68,
United Arab Emirates,AE,2018,Age,25-34,68,60,61,
United Arab Emirates,AE,2018,Age,35-44,74,64,64,
United Arab Emirates,AE,2018,Age,45-54,85,78,80,
United Arab Emirates,AE,2018,Age,55-64,85,83,83,
United Arab Emirates,AE,2018,Age,65,75,67,61,
United Arab Emirates,AE,2018,Education,Primary and below,61,56,58,
United Arab Emirates,AE,2018,Education,Secondary and Vocational,73,66,65,
United Arab Emirates,AE,2018,Education,University and above,73,64,67,
United Arab Emirates,AE,2018,Gender,Male,70,63,64,
United Arab Emirates,AE,2018,Gender,Female,78,68,70,
United Arab Emirates,AE,2018,Religion,Muslim,83,77,77,
Uruguay,UY,2018,Age,18-24,88,64,70,
Uruguay,UY,2018,Age,25-34,90,67,64,
Uruguay,UY,2018,Age,35-44,90,70,69,
Uruguay,UY,2018,Age,45-54,89,69,71,
Uruguay,UY,2018,Age,55-64,96,69,80,
Uruguay,UY,2018,Age,65,94,79,81,
Uruguay,UY,2018,Education,Primary and below,91,77,77,
Uruguay,UY,2018,Education,Secondary and Vocational,90,64,68,
Uruguay,UY,2018,Education,University and above,93,74,76,
Uruguay,UY,2018,Gender,Male,90,70,71,
Uruguay,UY,2018,Gender,Female,92,69,74,
Uruguay,UY,2018,Religion,Christian,92,74,77,
Uruguay,UY,2018,Religion,Atheist/agnostic,88,61,64,
Uruguay,UY,2018,Religion,Buddhist,84,13,13,
Uruguay,UY,2018,Religion,Hindu,100,100,100,
Uruguay,UY,2018,Religion,Jewish,100,31,31,
Uruguay,UY,2018,Religion,Other,93,68,70,
USA,US,2015,Age,18-24,86,78,78,68
USA,US,2015,Age,25-34,83,78,84,70
USA,US,2015,Age,35-44,82,80,82,72
USA,US,2015,Age,45-54,89,83,91,75
USA,US,2015,Age,55-64,89,82,87,73
USA,US,2015,Age,65,91,86,91,84
USA,US,2015,Education,Primary and below,86,74,73,57
USA,US,2015,Education,Secondary and Vocational,87,79,85,69
USA,US,2015,Education,University and above,88,84,89,80
USA,US,2015,Employment,Employed,88,83,87,76
USA,US,2015,Employment,Homemaker/other,87,81,87,75
USA,US,2015,Employment,Student,92,83,95,67
USA,US,2015,Employment,Unemployed,81,75,80,65
USA,US,2015,Gender,Male,88,83,89,77
USA,US,2015,Gender,Female,85,79,83,71
USA,US,2015,Religion,Muslim,86,86,74,89
USA,US,2015,Religion,Christian,88,82,88,79
USA,US,2015,Religion,Atheist/agnostic,92,87,93,73
USA,US,2015,Religion,Buddhist,79,80,79,79
USA,US,2015,Religion,Hindu,100,100,100,88
USA,US,2015,Religion,Jewish,97,87,100,97
USA,US,2015,Religion,Other,79,73,77,59
USA,US,2018,Age,18-24,87,77,91,
USA,US,2018,Age,25-34,84,72,76,
USA,US,2018,Age,35-44,82,65,78,
USA,US,2018,Age,45-54,82,65,80,
USA,US,2018,Age,55-64,87,73,86,
USA,US,2018,Age,65,87,71,81,
USA,US,2018,Education,Primary and below,66,56,73,
USA,US,2018,Education,Secondary and Vocational,82,65,78,
USA,US,2018,Education,University and above,91,82,90,
USA,US,2018,Gender,Male,86,72,81,
USA,US,2018,Gender,Female,84,69,83,
USA,US,2018,Religion,Muslim,38,26,65,
USA,US,2018,Religion,Christian,85,69,83,
USA,US,2018,Religion,Atheist/agnostic,88,80,83,
USA,US,2018,Religion,Buddhist,100,62,96,
USA,US,2018,Religion,Hindu,69,69,69,
USA,US,2018,Religion,Jewish,93,90,90,
USA,US,2018,Religion,Other,77,65,73,
USA,US,2019,Age,18-24,87,83,83,71
USA,US,2019,Age,25-34,89,85,87,68
USA,US,2019,Age,35-44,89,85,90,73
USA,US,2019,Age,45-54,95,88,95,77
USA,US,2019,Age,55-64,93,91,94,77
USA,US,2019,Age,65,100,97,98,92
USA,US,2019,Education,Primary and below,100,100,100,50
USA,US,2019,Education,Secondary and Vocational,89,81,87,67
USA,US,2019,Education,University and above,94,91,93,81
USA,US,2019,Gender,Male,91,87,91,76
USA,US,2019,Gender,Female,94,91,93,78
USA,US,2020,Age,18-24,72,67,70,56
USA,US,2020,Age,25-34,80,74,75,71
USA,US,2020,Age,35-44,88,83,84,74
USA,US,2020,Age,45-54,83,76,80,74
USA,US,2020,Age,55-64,88,82,83,75
USA,US,2020,Age,65,92,85,86,84
USA,US,2020,Education,Primary and below,72,61,64,58
USA,US,2020,Education,Secondary and Vocational,82,75,78,70
USA,US,2020,Education,University and above,88,84,85,78
USA,US,2020,Employment,Employed,85,78,81,71
USA,US,2020,Employment,Homemaker/other,88,81,82,77
USA,US,2020,Employment,Student,73,67,72,56
USA,US,2020,Employment,Unemployed,75,64,74,63
USA,US,2020,Gender,Male,84,79,81,75
USA,US,2020,Gender,Female,85,78,80,72
USA,US,2020,Region,Midwest,84,77,79,71
USA,US,2020,Region,Northeast,87,81,85,78
USA,US,2020,Region,South,83,78,78,72
USA,US,2020,Region,West,86,79,82,74
USA,US,2020,Religion,Muslim,75,81,77,75
USA,US,2020,Religion,Christian,87,82,84,79
USA,US,2020,Religion,Atheist/agnostic,86,85,85,75
USA,US,2020,Religion,Buddhist,73,50,55,64
USA,US,2020,Religion,Hindu,82,54,66,59
USA,US,2020,Religion,Jewish,85,77,84,72
USA,US,2020,Religion,Other,83,70,74,60
USA,US,2023,Age,18-24,72,69,65,61
USA,US,2023,Age,25-34,82,78,78,77
USA,US,2023,Age,35-44,91,89,90,90
USA,US,2023,Age,45-54,77,70,70,68
USA,US,2023,Age,55,83,76,76,78
USA,US,2023,Age,Don't know/ Refused,100,0,50,50
USA,US,2023,Education,Don't know/ Refused,65,60,40,55
USA,US,2023,Education,Primary and below,70,58,64,59
USA,US,2023,Education,Secondary and Vocational,76,67,66,65
USA,US,2023,Education,University and above,89,86,87,87
USA,US,2023,Gender,Male,87,85,86,83
USA,US,2023,Gender,Female,78,69,69,70
USA,US,2023,Gender,Other,100,100,100,100
USA,US,2023,Gender,Don't know/ Prefer not to say,50,50,50,50
USA,US,2023,Religion,Atheist/agnostic,76,66,68,61
USA,US,2023,Religion,Buddhist,53,53,47,47
USA,US,2023,Religion,Christian,83,78,79,80
USA,US,2023,Religion,Don't know/ Refused,52,48,29,24
USA,US,2023,Religion,Hindu,100,67,44,78
USA,US,2023,Religion,Jewish,92,96,92,88
USA,US,2023,Religion,Muslim,91,88,93,90
USA,US,2023,Religion,Other,79,67,64,54
Uzbekistan,UZ,2018,Age,18-24,86,82,85,
Uzbekistan,UZ,2018,Age,25-34,93,89,90,
Uzbekistan,UZ,2018,Age,35-44,86,79,82,
Uzbekistan,UZ,2018,Age,45-54,92,85,89,
Uzbekistan,UZ,2018,Age,55-64,84,80,81,
Uzbekistan,UZ,2018,Age,65,82,79,83,
Uzbekistan,UZ,2018,Education,Primary and below,84,79,83,
Uzbekistan,UZ,2018,Education,Secondary and Vocational,90,85,86,
Uzbekistan,UZ,2018,Education,University and above,91,80,90,
Uzbekistan,UZ,2018,Gender,Male,88,81,85,
Uzbekistan,UZ,2018,Gender,Female,88,85,87,
Uzbekistan,UZ,2018,Religion,Muslim,88,84,86,
Uzbekistan,UZ,2018,Religion,Christian,83,58,75,
Uzbekistan,UZ,2018,Religion,Atheist/agnostic,100,100,100,
Uzbekistan,UZ,2018,Religion,Buddhist,100,100,100,
Uzbekistan,UZ,2018,Religion,Other,84,0,84,
Vanuatu,VU,2021,Education,Primary and below,59,73,74,71
Vanuatu,VU,2021,Education,Secondary and Vocational,70,84,79,65
Vanuatu,VU,2021,Education,University and above,84,89,86,60
Vanuatu,VU,2021,Employment,Employed,74,87,83,64
Vanuatu,VU,2021,Employment,Homemaker/other,60,73,74,74
Vanuatu,VU,2021,Employment,Student,75,81,78,67
Vanuatu,VU,2021,Employment,Unemployed,60,77,71,60
Vanuatu,VU,2021,Gender,Male,72,81,80,62
Vanuatu,VU,2021,Gender,Female,67,83,78,69
Venezuela,VE,2018,Age,18-24,81,75,73,
Venezuela,VE,2018,Age,25-34,90,80,83,
Venezuela,VE,2018,Age,35-44,94,85,90,
Venezuela,VE,2018,Age,45-54,91,88,88,
Venezuela,VE,2018,Age,55-64,92,87,90,
Venezuela,VE,2018,Age,65,85,79,80,
Venezuela,VE,2018,Education,Primary and below,91,85,88,
Venezuela,VE,2018,Education,Secondary and Vocational,86,80,80,
Venezuela,VE,2018,Education,University and above,90,79,81,
Venezuela,VE,2018,Gender,Male,86,78,80,
Venezuela,VE,2018,Gender,Female,90,85,85,
Venezuela,VE,2018,Religion,Muslim,100,100,100,
Venezuela,VE,2018,Religion,Christian,89,83,84,
Venezuela,VE,2018,Religion,Atheist/agnostic,77,77,67,
Venezuela,VE,2018,Religion,Buddhist,100,0,0,
Venezuela,VE,2018,Religion,Other,95,87,93,
Vietnam,VN,2015,Age,18-24,98,81,94,58
Vietnam,VN,2015,Age,25-34,99,77,96,54
Vietnam,VN,2015,Age,35-44,98,81,94,58
Vietnam,VN,2015,Age,45-54,97,78,93,50
Vietnam,VN,2015,Age,55-64,100,68,95,61
Vietnam,VN,2015,Education,Primary and below,100,72,97,69
Vietnam,VN,2015,Education,Secondary and Vocational,98,78,93,58
Vietnam,VN,2015,Education,University and above,99,79,96,50
Vietnam,VN,2015,Employment,Employed,99,79,95,56
Vietnam,VN,2015,Employment,Homemaker/other,98,74,94,58
Vietnam,VN,2015,Employment,Student,96,78,93,54
Vietnam,VN,2015,Employment,Unemployed,89,78,89,56
Vietnam,VN,2015,Gender,Male,98,78,94,57
Vietnam,VN,2015,Gender,Female,99,78,95,54
Vietnam,VN,2015,Religion,Muslim,100,50,100,100
Vietnam,VN,2015,Religion,Christian,98,80,92,52
Vietnam,VN,2015,Religion,Atheist/agnostic,98,84,94,49
Vietnam,VN,2015,Religion,Buddhist,99,63,95,73
Vietnam,VN,2015,Religion,Other,100,100,100,100
Vietnam,VN,2018,Age,18-24,40,33,32,
Vietnam,VN,2018,Age,25-34,48,39,40,
Vietnam,VN,2018,Age,35-44,38,29,30,
Vietnam,VN,2018,Age,45-54,38,23,27,
Vietnam,VN,2018,Age,55-64,25,22,20,
Vietnam,VN,2018,Age,65,34,26,31,
Vietnam,VN,2018,Education,Primary and below,24,19,18,
Vietnam,VN,2018,Education,Secondary and Vocational,47,36,38,
Vietnam,VN,2018,Education,University and above,56,44,48,
Vietnam,VN,2018,Gender,Male,37,29,31,
Vietnam,VN,2018,Gender,Female,41,31,31,
Vietnam,VN,2018,Religion,Christian,36,29,26,
Vietnam,VN,2018,Religion,Atheist/agnostic,49,35,39,
Vietnam,VN,2018,Religion,Buddhist,29,23,23,
Vietnam,VN,2018,Religion,Other,13,13,13,
Vietnam,VN,2019,Age,18-24,98,96,96,46
Vietnam,VN,2019,Age,25-34,99,97,97,51
Vietnam,VN,2019,Age,35-44,98,98,97,63
Vietnam,VN,2019,Age,45-54,99,96,97,60
Vietnam,VN,2019,Age,55-64,100,97,100,59
Vietnam,VN,2019,Education,Primary and below,100,100,100,33
Vietnam,VN,2019,Education,Secondary and Vocational,98,96,96,61
Vietnam,VN,2019,Education,University and above,99,97,98,49
Vietnam,VN,2019,Employment,Employed,98,98,97,58
Vietnam,VN,2019,Employment,Homemaker/other,100,94,98,49
Vietnam,VN,2019,Employment,Student,100,92,95,38
Vietnam,VN,2019,Employment,Unemployed,100,100,100,33
Vietnam,VN,2019,Gender,Male,99,98,97,54
Vietnam,VN,2019,Gender,Female,99,96,98,57
Vietnam,VN,2019,Religion,Muslim,100,100,100,100
Vietnam,VN,2019,Religion,Christian,100,100,96,65
Vietnam,VN,2019,Religion,Atheist/agnostic,99,97,97,54
Vietnam,VN,2019,Religion,Buddhist,99,96,97,57
Vietnam,VN,2021,Education,Primary and below,84,91,93,55
Vietnam,VN,2021,Education,Secondary and Vocational,95,93,95,69
Vietnam,VN,2021,Education,University and above,93,88,92,52
Vietnam,VN,2021,Employment,Employed,93,92,95,62
Vietnam,VN,2021,Employment,Homemaker/other,95,94,96,72
Vietnam,VN,2021,Employment,Student,95,89,92,70
Vietnam,VN,2021,Employment,Unemployed,89,71,75,54
Vietnam,VN,2021,Gender,Male,94,92,95,66
Vietnam,VN,2021,Gender,Female,93,91,94,62
Vietnam,VN,2021,Religion,Christian,94,89,94,75
Vietnam,VN,2021,Religion,Atheist/agnostic,93,93,94,64
Vietnam,VN,2021,Religion,Buddhist,95,88,95,62
Vietnam,VN,2021,Religion,Other,100,100,91,73
Vietnam,VN,2021,Religion,Animist,75,100,100,50
Vietnam,VN,2022,Age,18-24,95,94,97,69
Vietnam,VN,2022,Age,25-34,98,97,99,73
Vietnam,VN,2022,Age,35-44,96,98,100,76
Vietnam,VN,2022,Age,45-54,96,99,99,82
Vietnam,VN,2022,Age,55-64,97,97,99,76
Vietnam,VN,2022,Education,Primary and below,97,99,99,79
Vietnam,VN,2022,Education,Secondary and Vocational,97,98,99,77
Vietnam,VN,2022,Education,University and above,95,94,99,67
Vietnam,VN,2022,Employment,Employed,97,97,99,77
Vietnam,VN,2022,Employment,Homemaker/other,96,98,100,73
Vietnam,VN,2022,Employment,Student,99,95,99,73
Vietnam,VN,2022,Employment,Unemployed,100,89,89,39
Vietnam,VN,2022,Gender,Male,97,97,99,77
Vietnam,VN,2022,Gender,Female,97,97,99,74
Vietnam,VN,2022,Region,South East,95,97,99,79
Vietnam,VN,2022,Region, Mekong River Delta,98,99,100,63
Vietnam,VN,2022,Region, Northern midlands and mountain areas,94,99,100,83
Vietnam,VN,2022,Region,Central Highlands,92,91,96,84
Vietnam,VN,2022,Region,North Central and Central coastal areas,96,93,98,67
Vietnam,VN,2022,Region,Red River Delta,100,100,100,84
Vietnam,VN,2022,Religion,Christian,92,99,99,85
Vietnam,VN,2022,Religion,Atheist/agnostic,98,97,99,71
Vietnam,VN,2022,Religion,Buddhist,96,97,99,80
Vietnam,VN,2022,Religion,Other,87,90,94,83
Vietnam,VN,2023,Age,18-24,95,96,99,78
Vietnam,VN,2023,Age,25-34,95,97,100,75
Vietnam,VN,2023,Age,35-44,98,97,100,81
Vietnam,VN,2023,Age,45-54,95,98,98,81
Vietnam,VN,2023,Age,55,97,99,100,81
Vietnam,VN,2023,Education,Don't know/ Refused,100,80,100,80
Vietnam,VN,2023,Education,Primary and below,95,98,98,87
Vietnam,VN,2023,Education,Secondary and Vocational,96,97,100,79
Vietnam,VN,2023,Education,University and above,98,97,99,77
Vietnam,VN,2023,Gender,Male,96,97,99,80
Vietnam,VN,2023,Gender,Female,96,98,100,79
Vietnam,VN,2023,Religion,Buddhist,96,99,100,89
Vietnam,VN,2023,Religion,Christian,87,96,100,85
Vietnam,VN,2023,Religion,Other,97,97,99,74
Yemen,YE,2018,Age,18-24,93,84,82,
Yemen,YE,2018,Age,25-34,92,84,81,
Yemen,YE,2018,Age,35-44,93,84,80,
Yemen,YE,2018,Age,45-54,89,81,75,
Yemen,YE,2018,Age,55-64,89,79,80,
Yemen,YE,2018,Age,65,85,73,77,
Yemen,YE,2018,Education,Primary and below,91,83,79,
Yemen,YE,2018,Education,Secondary and Vocational,93,83,81,
Yemen,YE,2018,Education,University and above,97,81,83,
Yemen,YE,2018,Gender,Male,87,76,75,
Yemen,YE,2018,Gender,Female,96,88,84,
Yemen,YE,2018,Religion,Muslim,92,83,80,
Zambia,ZM,2018,Age,18-24,68,59,55,
Zambia,ZM,2018,Age,25-34,73,65,64,
Zambia,ZM,2018,Age,35-44,77,63,64,
Zambia,ZM,2018,Age,45-54,81,68,73,
Zambia,ZM,2018,Age,55-64,83,69,69,
Zambia,ZM,2018,Age,65,68,43,41,
Zambia,ZM,2018,Education,Primary and below,72,59,59,
Zambia,ZM,2018,Education,Secondary and Vocational,73,64,61,
Zambia,ZM,2018,Education,University and above,83,64,69,
Zambia,ZM,2018,Gender,Male,73,63,62,
Zambia,ZM,2018,Gender,Female,73,60,60,
Zambia,ZM,2018,Religion,Muslim,88,82,78,
Zambia,ZM,2018,Religion,Christian,73,61,60,
Zambia,ZM,2018,Religion,Atheist/agnostic,55,55,42,
Zambia,ZM,2018,Religion,Other,83,73,73,
Zimbabwe,ZW,2018,Age,18-24,84,72,78,
Zimbabwe,ZW,2018,Age,25-34,86,76,80,
Zimbabwe,ZW,2018,Age,35-44,90,83,84,
Zimbabwe,ZW,2018,Age,45-54,92,78,90,
Zimbabwe,ZW,2018,Age,55-64,79,73,74,
Zimbabwe,ZW,2018,Age,65,75,60,76,
Zimbabwe,ZW,2018,Education,Primary and below,77,66,73,
Zimbabwe,ZW,2018,Education,Secondary and Vocational,90,79,84,
Zimbabwe,ZW,2018,Education,University and above,94,82,90,
Zimbabwe,ZW,2018,Gender,Male,84,74,80,
Zimbabwe,ZW,2018,Gender,Female,87,75,80,
Zimbabwe,ZW,2018,Religion,Muslim,78,63,65,
Zimbabwe,ZW,2018,Religion,Christian,86,75,81,
Zimbabwe,ZW,2018,Religion,Atheist/agnostic,100,85,100,
Zimbabwe,ZW,2018,Religion,Hindu,100,100,100,
Zimbabwe,ZW,2018,Religion,Other,82,69,79,